-100.0,-100.0,-100.0,-100.0,-100.0,-100.0,-100.0,-100.0,-100.0,-100.0,-100.0,-100.0,-100.0,-100.0,-100.0,-100.0,-100.0,-100.0,-100.0,-100.0,-100.0,-100.0,-100.0,-100.0,-100.0,-100.0,-100.0,-100.0,-100.0,-100.0,-100.0,-100.0,-100.0,-100.0,-100.0,-100.0,-100.0,-100.0,-100.0,-100.0,-100.0,-100.0,-100.0,-100.0,-100.0,-100.0,-100.0,-100.0,-100.0,-100.0,-100.0,-100.0,-100.0,-100.0,-100.0,-100.0,-100.0,-100.0,-100.0,-100.0,-100.0,-100.0,-100.0,-100.0,-100.0,-100.0,-100.0,-100.0,-100.0,-100.0,-100.0,-100.0,-100.0,-100.0,-100.0,-100.0,-100.0,-100.0,-100.0,-100.0,-100.0,-100.0,-100.0,-100.0,-100.0,-100.0,-100.0,-100.0,-100.0,-100.0,-100.0,-100.0,-100.0,-100.0,-100.0,-100.0,-100.0,-100.0,-100.0
-100.0,-100.0,-100.0,-100.0,-100.0,-100.0,-100.0,-100.0,-100.0,-100.0,-100.0,-100.0,-100.0,-100.0,-100.0,-100.0,-100.0,-100.0,-100.0,-100.0,-100.0,-100.0,-100.0,-100.0,-100.0,-100.0,-100.0,-100.0,-100.0,-100.0,-100.0,-100.0,-100.0,-100.0,-100.0,-100.0,-100.0,-100.0,-100.0,-100.0,-100.0,-100.0,-100.0,-100.0,-100.0,-100.0,-100.0,-100.0,-100.0,-100.0,-100.0,-100.0,-100.0,-100.0,-100.0,-100.0,-100.0,-100.0,-100.0,-100.0,-100.0,-100.0,-100.0,-100.0,-100.0,-100.0,-100.0,-100.0,-100.0,-100.0,-100.0,-100.0,-100.0,-100.0,-100.0,-100.0,-100.0,-100.0,-100.0,-100.0,-100.0,-100.0,-100.0,-100.0,-100.0,-100.0,-100.0,-100.0,-100.0,-100.0,-100.0,-100.0,-100.0,-100.0,-100.0,-100.0,-100.0,-100.0,-100.0
-100.0,-100.0,-100.0,-100.0,-100.0,-100.0,-100.0,-100.0,-100.0,-100.0,-100.0,-100.0,-100.0,-100.0,-100.0,-100.0,-100.0,-100.0,-100.0,-100.0,-100.0,-100.0,-100.0,-100.0,-100.0,-100.0,-100.0,-100.0,-100.0,-100.0,-100.0,-100.0,-100.0,-100.0,-100.0,-100.0,-100.0,-100.0,-100.0,-100.0,-100.0,-100.0,-100.0,-100.0,-100.0,-100.0,-100.0,-100.0,-100.0,-100.0,-100.0,-100.0,-100.0,-100.0,-100.0,-100.0,-100.0,-100.0,-100.0,-100.0,-100.0,-100.0,-100.0,-100.0,-100.0,-100.0,-100.0,-100.0,-100.0,-100.0,-100.0,-100.0,-100.0,-100.0,-100.0,-100.0,-100.0,-100.0,-100.0,-100.0,-100.0,-100.0,-100.0,-100.0,-100.0,-100.0,-100.0,-100.0,-100.0,-100.0,-100.0,-100.0,-100.0,-100.0,-100.0,-100.0,-100.0,-100.0,-100.0
-100.0,-100.0,-100.0,-100.0,-100.0,-100.0,-100.0,-100.0,-100.0,-100.0,-100.0,-100.0,-100.0,-100.0,-100.0,-100.0,-100.0,-100.0,-100.0,-100.0,-100.0,-100.0,-100.0,-100.0,-100.0,-100.0,-100.0,-100.0,-100.0,-100.0,-100.0,-100.0,-100.0,-100.0,-100.0,-100.0,-100.0,-100.0,-100.0,-100.0,0.456756,-100.0,-0.01625,0.012856811,0.05886505,-0.01625,0.21908173,0.21709366,0.18230377,-100.0,-100.0,1.460788,1.8131942,1.7253458,-100.0,3.3571756,3.9525545,-0.01625,1.679112,-100.0,-100.0,-100.0,-100.0,-100.0,-100.0,-100.0,-100.0,-100.0,-100.0,-100.0,-100.0,-100.0,-100.0,-100.0,-100.0,-100.0,-100.0,-100.0,-100.0,-100.0,-100.0,-100.0,-100.0,-100.0,-100.0,-100.0,-100.0,-100.0,-100.0,-100.0,-100.0,-100.0,-100.0,-100.0,-100.0,-100.0,-100.0,-100.0,-100.0
-100.0,-100.0,-100.0,-100.0,-100.0,-100.0,-100.0,-100.0,-100.0,-100.0,-100.0,-100.0,-100.0,-100.0,-100.0,-100.0,-100.0,-100.0,-100.0,-100.0,-100.0,-100.0,-100.0,-100.0,-100.0,-100.0,-100.0,-100.0,-100.0,-100.0,-100.0,-100.0,-100.0,-100.0,-100.0,-100.0,-0.01625,0.97117233,0.44615296,0.687865,0.39953354,0.3073735,0.4038269,0.09371018,0.32656068,0.30251253,0.26493958,0.34865418,-0.05730921,-100.0,-100.0,-100.0,2.162807,1.7894056,2.5158038,3.7168994,4.4261003,5.9858146,5.6653805,6.2541895,7.2312016,7.1523995,4.7087636,2.7012277,-100.0,-100.0,-100.0,-100.0,-100.0,-100.0,-100.0,-100.0,-100.0,-100.0,-100.0,-100.0,-100.0,-100.0,-100.0,-100.0,-100.0,-100.0,-100.0,-100.0,-100.0,-100.0,-100.0,-100.0,-100.0,-100.0,-100.0,-100.0,-100.0,-100.0,-100.0,-100.0,-100.0,-100.0,-100.0
-100.0,-100.0,-100.0,-100.0,-100.0,-100.0,-100.0,-100.0,-100.0,-100.0,-100.0,-100.0,-100.0,-100.0,-100.0,-100.0,-100.0,-100.0,-100.0,-100.0,-100.0,-100.0,-100.0,-100.0,-100.0,-100.0,-100.0,-100.0,-100.0,-100.0,-100.0,-100.0,-100.0,1.1252245,-100.0,0.03970871,0.895934,1.1397574,0.95213926,0.08018799,0.16199158,0.3836598,0.19635895,0.43747634,0.35962707,0.3591403,-0.023951357,0.15514892,0.45798248,-100.0,-100.0,0.8428662,1.0619851,1.3390137,4.358366,4.111595,3.6620722,4.91562,5.96478,2.2270327,6.5795007,8.399976,7.1727753,5.109133,0.51197755,4.541995,-100.0,-100.0,-100.0,-100.0,-100.0,-100.0,-100.0,-100.0,-100.0,-100.0,-100.0,-100.0,-100.0,-100.0,-100.0,-100.0,-100.0,-100.0,-100.0,-100.0,-100.0,-100.0,-100.0,-100.0,-100.0,-100.0,-100.0,-100.0,-100.0,-100.0,-100.0,-100.0,-100.0
-100.0,-100.0,-100.0,-100.0,-100.0,-100.0,-100.0,-100.0,-100.0,-100.0,-100.0,-100.0,-100.0,-100.0,-100.0,-100.0,-100.0,-100.0,-100.0,-100.0,-100.0,-100.0,-100.0,-100.0,-100.0,-100.0,-100.0,-100.0,-100.0,-100.0,-100.0,-0.03713261,1.4148042,1.625,1.5567584,1.3615425,0.45672515,1.1936663,0.9770903,0.0005607578,0.054519042,0.6303343,0.23667511,0.41717955,0.058559768,0.041018676,0.33271882,0.45634887,0.48079133,-100.0,-100.0,-100.0,1.4282918,2.0537472,2.297023,0.04955658,5.406527,6.376648,7.452783,8.526144,8.890139,6.660982,7.9981427,2.6641762,3.0195122,3.639387,3.4098508,4.0613227,2.242589,-100.0,-100.0,-100.0,-100.0,-100.0,-100.0,-100.0,-100.0,-100.0,-100.0,-100.0,-100.0,-100.0,-100.0,-100.0,-100.0,-100.0,-100.0,-100.0,-100.0,-100.0,-100.0,-100.0,-100.0,-100.0,-100.0,-100.0,-100.0,-100.0,-100.0
-100.0,-100.0,-100.0,-100.0,-100.0,-100.0,-100.0,-100.0,-100.0,-100.0,-100.0,-100.0,-100.0,-100.0,-100.0,-100.0,-100.0,-100.0,-100.0,-100.0,-100.0,-100.0,-100.0,-100.0,-100.0,-100.0,-100.0,-100.0,-100.0,-100.0,1.5666988,1.60552,1.6051656,1.5870726,1.5028957,0.1499617,1.0929992,0.48885787,0.8319305,0.73687315,0.6429408,0.68049836,0.29071382,0.057533264,0.39195114,0.16639923,0.40708512,0.3467958,0.2713417,-100.0,-100.0,-100.0,-100.0,-100.0,-100.0,-100.0,-100.0,7.6331587,7.7696514,6.581603,9.342958,2.8870652,1.1630929,2.748188,7.2644224,7.2192645,3.5833383,3.6871934,6.7966437,6.6443057,-100.0,-100.0,-100.0,-100.0,-100.0,-100.0,-100.0,-100.0,-100.0,-100.0,-100.0,-100.0,-100.0,-100.0,-100.0,-100.0,-100.0,-100.0,-100.0,-100.0,-100.0,-100.0,-100.0,-100.0,-100.0,-100.0,-100.0,-100.0,-100.0
-100.0,-100.0,-100.0,-100.0,-100.0,-100.0,-100.0,-100.0,-100.0,-100.0,-100.0,-100.0,-100.0,-100.0,-100.0,-100.0,-100.0,-100.0,-100.0,-100.0,-100.0,-100.0,-100.0,-100.0,-100.0,-100.0,-100.0,1.1659721,1.5848842,1.6223339,1.6241986,1.5960728,1.5776254,1.5577447,0.35809234,0.113575436,-0.016249962,1.128168,0.9848268,-0.0161997,0.8278465,0.7579251,0.5603359,0.30786666,0.48257005,0.170961,0.42543367,0.25659302,0.42392334,-100.0,-100.0,-100.0,-100.0,-100.0,-100.0,-100.0,-100.0,2.0147717,6.0723863,9.763189,1.9563736,5.1415915,7.672919,0.9579494,9.65415,7.5948315,7.019722,3.3193824,7.2590594,1.5751442,-100.0,-100.0,-100.0,-100.0,-100.0,-100.0,-100.0,-100.0,-100.0,-100.0,-100.0,-100.0,-100.0,-100.0,-100.0,-100.0,-100.0,-100.0,-100.0,-100.0,-100.0,-100.0,-100.0,-100.0,-100.0,-100.0,-100.0,-100.0,-100.0
-100.0,-100.0,-100.0,-100.0,-100.0,-100.0,-100.0,-100.0,-100.0,-100.0,-100.0,-100.0,-100.0,-100.0,-100.0,-100.0,-100.0,-100.0,-100.0,-100.0,-100.0,-100.0,-100.0,-100.0,-100.0,-100.0,1.6223184,1.625,1.5732794,1.5801221,1.5794902,1.5616438,1.4584646,1.4897498,1.147987,0.5384055,0.85446197,0.8741577,0.711953,0.8679932,0.6347574,0.7168538,0.4836026,0.5965526,0.4849588,0.029511927,0.27642745,0.38532424,0.35293853,-100.0,-100.0,-100.0,-100.0,-100.0,-100.0,-100.0,-100.0,0.72194856,3.6121578,4.980059,7.4153185,2.887256,9.884309,8.84373,5.314435,3.2289488,2.6336374,4.778157,-200.0,-100.0,-100.0,-100.0,-100.0,-100.0,-100.0,-100.0,-100.0,-100.0,-100.0,-100.0,-100.0,-100.0,-100.0,-100.0,-100.0,-100.0,-100.0,-100.0,-100.0,-100.0,-100.0,-100.0,-100.0,-100.0,-100.0,-100.0,-100.0,-100.0,-100.0
-100.0,-100.0,-100.0,-100.0,-100.0,-100.0,-100.0,-100.0,-100.0,-100.0,-100.0,-100.0,-100.0,-100.0,-100.0,-100.0,-100.0,-100.0,-100.0,-100.0,-100.0,-100.0,-100.0,-100.0,0.0054717395,1.625,1.5137607,1.5882285,1.3303653,1.5056697,1.2449092,1.4762956,1.2583787,1.3726233,1.3787724,1.0156188,0.63619065,1.0916739,0.8299733,0.7623636,0.78831637,0.50561005,0.0052334596,0.4701793,0.15513992,0.10286453,0.43125015,0.4842743,0.23927063,-100.0,-100.0,-100.0,-100.0,-100.0,-100.0,-100.0,-100.0,7.538611,12.141168,4.846755,4.9701476,2.9082985,7.2355065,2.6187744,5.9211783,7.9277453,5.906692,-200.0,-100.0,-100.0,-100.0,-100.0,-100.0,-100.0,-100.0,-100.0,-100.0,-100.0,-100.0,-100.0,-100.0,-100.0,-100.0,-100.0,-100.0,-100.0,-100.0,-100.0,-100.0,-100.0,-100.0,-100.0,-100.0,-100.0,-100.0,-100.0,-100.0,-100.0,-100.0
-100.0,-100.0,-100.0,-100.0,-100.0,-100.0,-100.0,-100.0,-100.0,-100.0,-100.0,-100.0,-100.0,-100.0,-100.0,-100.0,-100.0,-100.0,-100.0,-100.0,-100.0,-100.0,-0.01625,1.298772,1.3418313,1.6132566,1.4827222,0.1709674,1.4488941,1.4519148,1.0125519,1.3533899,0.89127976,1.160948,-0.01625,0.03325134,0.26249558,0.671159,-0.0033044433,0.8910332,0.75649184,0.6043353,0.5558203,0.4818149,0.5190642,0.36515075,0.27111053,0.3013939,-200.0,-100.0,-100.0,-100.0,-100.0,-100.0,-100.0,0.08605072,7.734567,10.230031,3.3088357,1.1925503,5.4604473,4.7971835,6.098667,8.895076,4.730007,3.194372,2.3544757,-100.0,-100.0,-100.0,-100.0,-100.0,-100.0,-100.0,-100.0,-100.0,-100.0,-100.0,-100.0,-100.0,-100.0,-100.0,-100.0,-100.0,-100.0,-100.0,-100.0,-100.0,-100.0,-100.0,-100.0,-100.0,-100.0,-100.0,-100.0,-100.0,-100.0,-100.0,-100.0
-100.0,-100.0,-100.0,-100.0,-100.0,-100.0,-100.0,-100.0,-100.0,-100.0,-100.0,-100.0,-100.0,-100.0,-100.0,-100.0,-100.0,-100.0,-100.0,-100.0,-100.0,0.28886443,0.6297641,0.2171399,1.3900228,1.4306318,1.1909232,1.3933208,1.3609107,0.6248787,1.3416464,1.2842698,1.3254491,1.2171996,0.8921428,0.7573703,0.8066867,0.11246582,0.1032344,0.8692415,0.7426216,0.32871827,0.6076796,0.45680222,0.5269394,0.16059555,0.46157974,0.41509902,0.057810668,-100.0,-100.0,-100.0,-100.0,-100.0,-100.0,2.670912,2.379319,11.395952,4.8552938,10.228379,2.8828638,7.7561975,4.89526,6.69933,8.233801,6.6158605,-200.0,-100.0,-100.0,-100.0,-100.0,-100.0,-100.0,-100.0,-100.0,-100.0,-100.0,-100.0,-100.0,-100.0,-100.0,-100.0,-100.0,-100.0,-100.0,-100.0,-100.0,-100.0,-100.0,-100.0,-100.0,-100.0,-100.0,-100.0,-100.0,-100.0,-100.0,-100.0,-100.0
-100.0,-100.0,-100.0,-100.0,-100.0,-100.0,-100.0,-100.0,-100.0,-100.0,-100.0,-100.0,-100.0,-100.0,-100.0,-100.0,-100.0,-100.0,-100.0,-100.0,0.5503647,0.66274446,0.8783804,0.41887483,0.8273996,0.89010847,1.275624,1.2580243,0.45769608,1.1760511,0.7709015,0.47893295,1.0460254,0.04018646,-0.01625,0.8172281,0.9473155,0.4277672,0.8448607,0.62534106,0.7722423,0.6545456,0.23839217,0.5149493,0.4400963,0.077743985,0.45783478,0.071533404,0.36109757,-100.0,-100.0,-100.0,-100.0,-100.0,-100.0,4.881029,7.6437106,13.10719,9.974862,7.9651237,9.224205,6.323868,10.446462,5.208164,4.8271036,6.1755705,-100.0,-100.0,-100.0,-100.0,-100.0,-100.0,-100.0,-100.0,-100.0,-100.0,-100.0,-100.0,-100.0,-100.0,-100.0,-100.0,-100.0,-100.0,-100.0,-100.0,-100.0,-100.0,-100.0,-100.0,-100.0,-100.0,-100.0,-100.0,-100.0,-100.0,-100.0,-100.0,-100.0
-100.0,-100.0,-100.0,-100.0,-100.0,-100.0,-100.0,-100.0,-100.0,-100.0,-100.0,-100.0,-100.0,-100.0,-100.0,-100.0,-100.0,-100.0,-100.0,0.2862381,0.52975965,0.64323366,0.56805694,0.9192668,1.1901064,1.1203544,-0.01625,0.86324644,0.8494687,0.6665973,0.0154205505,0.98532,1.1055287,1.0317082,1.095835,0.69332063,0.76100737,0.53620166,0.8280315,0.78819305,0.7283199,0.5635414,0.4548604,0.42650345,0.41078386,0.48397246,0.32791686,0.30860642,0.016483765,-100.0,-100.0,-100.0,-100.0,-100.0,-100.0,4.8519387,6.5956397,10.076944,7.0532784,10.446773,7.087607,5.2801056,4.845072,1.9887946,3.1261477,-200.0,-100.0,-100.0,-100.0,-100.0,-100.0,-100.0,-100.0,-100.0,-100.0,-100.0,-100.0,-100.0,-100.0,-100.0,-100.0,-100.0,-100.0,-100.0,-100.0,-100.0,-100.0,-100.0,-100.0,-100.0,-100.0,-100.0,-100.0,-100.0,-100.0,-100.0,-100.0,-100.0,-100.0
-100.0,-100.0,-100.0,-100.0,-100.0,-100.0,-100.0,-100.0,-100.0,-100.0,-100.0,-100.0,-100.0,-100.0,-100.0,-100.0,-100.0,-100.0,0.14746505,0.16088837,-0.01625,0.4346805,0.6291939,0.2249997,0.44368714,0.10905991,1.08816,0.75388736,1.0216446,1.1050818,1.0899478,-0.01625,1.026607,0.8894458,0.9998221,0.8692723,0.062055208,-0.01625,0.46940872,0.7174394,0.696033,0.6248171,0.535878,0.41388154,0.49452928,0.46524766,0.15011582,0.18033752,0.35046372,-100.0,-100.0,-100.0,-100.0,-100.0,-100.0,1.80866,9.025812,8.755068,6.1746197,6.9430704,9.114291,4.892559,6.1919227,5.948681,0.60552216,-100.0,-100.0,-100.0,-100.0,-100.0,-100.0,-100.0,-100.0,-100.0,-100.0,-100.0,-100.0,-100.0,-100.0,-100.0,-100.0,-100.0,-100.0,-100.0,-100.0,-100.0,-100.0,-100.0,-100.0,-100.0,-100.0,-100.0,-100.0,-100.0,-100.0,-100.0,-100.0,-100.0,-100.0
-100.0,-100.0,-100.0,-100.0,-100.0,-100.0,-100.0,-100.0,-100.0,-100.0,-100.0,-100.0,-100.0,-100.0,-100.0,-100.0,-100.0,0.30509263,0.15924835,-0.011426239,0.042857043,-0.01625,0.08338455,0.8371858,0.57688767,0.0770784,1.056089,1.0334035,0.5289429,0.6228136,0.8591778,0.97974104,0.21616897,0.95472836,0.72875136,0.86458725,0.33158478,0.81240433,0.4794107,0.66776854,0.38612565,0.607171,0.12879679,0.44544402,0.50118697,0.1321291,0.27369964,0.33292556,0.34174088,-100.0,-100.0,-100.0,-100.0,-100.0,-100.0,3.588783,8.557731,7.2527537,3.2186687,10.027932,6.927015,5.6152506,6.537628,3.1359494,-200.0,-100.0,-100.0,-100.0,-100.0,-100.0,-100.0,-100.0,-100.0,-100.0,-100.0,-100.0,-100.0,-100.0,-100.0,-100.0,-100.0,-100.0,-100.0,-100.0,-100.0,-100.0,-100.0,-100.0,-100.0,-100.0,-100.0,-100.0,-100.0,-100.0,-100.0,-100.0,-100.0,-100.0,-100.0
-100.0,-100.0,-100.0,-100.0,-100.0,-100.0,-100.0,-100.0,-100.0,-100.0,-100.0,-100.0,-100.0,-100.0,-100.0,-100.0,-0.01625,0.45209533,0.3832283,0.006768478,-0.01625,0.5202817,0.052854612,0.3706218,0.7388304,0.69404495,0.841501,0.96580917,0.894023,0.19124877,0.38886887,0.84113115,0.9046568,0.681346,0.8444908,0.8417013,0.025869293,0.5914514,0.73400664,0.6330313,0.41254073,0.62027067,0.5254445,0.38819078,0.23831157,0.46968612,0.42126358,0.40050447,-0.015201221,-100.0,-100.0,-100.0,-100.0,-100.0,-100.0,4.992739,4.0322323,4.2133636,6.537842,7.09093,2.817951,6.840451,3.0506475,6.0710106,-100.0,-100.0,-100.0,-100.0,-100.0,-100.0,-100.0,-100.0,-100.0,-100.0,-100.0,-100.0,-100.0,-100.0,-100.0,-100.0,-100.0,-100.0,-100.0,-100.0,-100.0,-100.0,-100.0,-100.0,-100.0,-100.0,-100.0,-100.0,-100.0,-100.0,-100.0,-100.0,-100.0,-100.0,-100.0
-100.0,-100.0,-100.0,-100.0,-100.0,-100.0,-100.0,-100.0,-100.0,-100.0,-100.0,-100.0,-100.0,-100.0,-100.0,-0.01625,0.22940736,0.3157727,0.45391387,0.45994613,0.5045621,0.41580796,0.041874506,0.13899781,0.74981874,0.5027589,0.68831193,0.6831183,0.8007225,0.8430576,0.7764958,0.5706923,0.17241608,0.6045511,0.57389784,0.7989502,0.49710298,0.25799546,0.5975543,0.0862973,0.5030826,0.5497636,0.097792484,0.42154098,0.3860948,0.17952445,0.2770439,-0.013806267,0.28550476,-100.0,-100.0,-100.0,-100.0,-100.0,-100.0,4.6883087,1.8972117,4.358498,4.826079,4.1509895,4.0778904,7.3103685,1.7209076,4.8367515,-100.0,-100.0,-100.0,-100.0,-100.0,-100.0,-100.0,-100.0,-100.0,-100.0,2.346819,0.5248106,-100.0,-100.0,-100.0,-100.0,-100.0,-100.0,-100.0,-100.0,-100.0,-100.0,-100.0,-100.0,-100.0,-100.0,-100.0,-100.0,-100.0,-100.0,-100.0,-100.0,-100.0,-100.0,-100.0
-100.0,-100.0,-100.0,-100.0,-100.0,-100.0,-100.0,-100.0,-100.0,-100.0,-100.0,-100.0,-100.0,-100.0,0.11382202,0.19693558,0.33573943,0.33209336,0.43085846,0.35473266,0.5678656,0.571694,0.6461926,0.7085008,0.54674304,0.64044416,0.4995996,0.08250331,-0.01624725,0.6888513,0.77675784,0.49736497,0.6116249,0.75473493,0.7263472,0.6858769,0.71182966,0.6138287,0.5460033,0.032644887,0.5867509,0.08925629,0.22936468,0.48321733,0.45792726,0.31264418,0.18477601,0.38611022,0.3020874,-100.0,-100.0,-100.0,-100.0,-100.0,-100.0,0.018317718,4.8701906,4.573883,8.282176,6.2962904,4.6471086,7.400697,6.395081,4.1362534,-100.0,-100.0,-100.0,-100.0,-100.0,-100.0,-100.0,-100.0,-100.0,-100.0,1.0050449,3.9147658,-100.0,-100.0,-100.0,-100.0,-100.0,-100.0,-100.0,-100.0,-100.0,-100.0,-100.0,-100.0,-100.0,-100.0,-100.0,-100.0,-100.0,-100.0,-100.0,-100.0,-100.0,-100.0,-100.0
-100.0,-100.0,-100.0,-100.0,-100.0,-100.0,-100.0,-100.0,-100.0,-100.0,-100.0,-100.0,-100.0,-100.0,0.12283768,0.41871428,-0.013250591,0.30577073,0.3616922,-0.01625,0.48309404,0.30997804,0.52515167,0.41335115,0.55585116,0.71936584,0.27115676,0.7400171,0.3828276,0.69553983,0.36592132,0.7332207,0.68510634,0.5341211,0.65187943,0.6659038,0.5010945,0.020483175,0.5579163,0.58308303,0.06128464,0.35160416,0.492834,0.19841507,0.27425045,0.3658751,0.37931383,0.37026733,0.026913453,-100.0,-100.0,-100.0,-100.0,-100.0,-100.0,5.8510165,6.607082,5.135653,5.2718577,4.3371778,7.782221,7.2482924,7.220777,6.3211937,-100.0,-100.0,-100.0,-100.0,-100.0,-100.0,-100.0,-100.0,-100.0,-200.0,-200.0,0.8586236,-100.0,-100.0,-100.0,-100.0,-100.0,-100.0,-100.0,-100.0,-100.0,-100.0,-100.0,-100.0,-100.0,-100.0,-100.0,-100.0,-100.0,-100.0,-100.0,-100.0,-100.0,-100.0,-100.0
-100.0,-100.0,-100.0,-100.0,-100.0,-100.0,-100.0,-100.0,-100.0,-100.0,-100.0,-100.0,-100.0,-100.0,-100.0,0.068635866,-0.01862271,0.4108545,0.3568132,0.06473678,0.33167726,-0.008898259,0.40676147,0.43437865,0.6016075,0.5161206,0.41998443,0.2980188,0.6517561,0.66114163,-0.011715502,0.5763945,0.6843512,0.42460784,0.33542222,0.03161774,0.60203904,0.57101595,-0.01625,0.05573654,0.44937393,-0.01625,0.24353488,0.44146788,0.43248308,0.39036378,0.26520798,0.15389161,0.21143769,-100.0,-100.0,-100.0,-100.0,-100.0,-100.0,5.180908,5.0961385,5.571614,6.354361,2.2622168,6.164995,6.048855,2.9666393,6.2778,5.0832996,-100.0,-100.0,-100.0,-100.0,-100.0,-100.0,-100.0,-100.0,-200.0,-200.0,-200.0,3.5260973,-100.0,-100.0,-100.0,-100.0,-100.0,-100.0,-100.0,-100.0,-100.0,-100.0,-100.0,-100.0,-100.0,-100.0,-100.0,-100.0,-100.0,-100.0,-100.0,-100.0,-100.0,-100.0
-100.0,-100.0,-100.0,-100.0,-100.0,-100.0,-100.0,-100.0,-100.0,-100.0,-100.0,-100.0,-100.0,-100.0,-100.0,-100.0,0.26947692,0.19974945,0.30304292,0.09706985,0.42086288,0.38771302,0.474664,0.53300506,0.54195005,0.29569167,0.1355983,0.6168031,0.47577363,0.51866347,0.5860112,0.52619964,0.19362213,0.6110393,0.5397154,0.53814346,0.4726297,0.58149564,0.53530777,0.51179004,0.33727157,0.4718283,0.45222503,0.12596619,0.13103653,0.35305282,0.26368225,-0.016219176,0.14225641,-100.0,-100.0,-100.0,-100.0,-100.0,-100.0,0.55043447,5.018283,6.1732388,4.3214626,4.7934527,6.2557216,5.288626,6.330491,4.173545,6.073921,-100.0,-100.0,-100.0,-100.0,-100.0,-100.0,-100.0,-200.0,-200.0,4.451005,3.1406896,4.380652,3.3862238,-100.0,-100.0,-100.0,-100.0,-100.0,-100.0,-100.0,-100.0,-100.0,-100.0,-100.0,-100.0,-100.0,-100.0,-100.0,-100.0,-100.0,-100.0,-100.0,-100.0,-100.0
-100.0,-100.0,-100.0,-100.0,-100.0,-100.0,-100.0,-100.0,-100.0,-100.0,-100.0,-0.01625,-100.0,-100.0,-100.0,-100.0,-100.0,-0.01625,0.3219835,0.3135997,-0.01625,0.052376863,0.5042474,0.51206744,0.17647827,0.4298015,0.044637382,0.010303803,-0.01625,0.21407303,0.36109757,0.47917953,0.37826583,0.32420272,0.05520901,0.013196783,0.5421658,0.49127746,0.444581,0.3832129,0.18170914,0.4436409,0.33255568,0.40290862,0.3935231,0.1862555,0.33466706,0.33753356,0.3141237,-100.0,-100.0,-100.0,-100.0,-100.0,-100.0,4.588145,5.1402106,5.5623517,5.7277074,3.2499866,4.5010157,2.3704047,6.2068205,2.8172617,5.5788546,2.3913026,2.1999857,-100.0,-100.0,-100.0,-100.0,-200.0,-200.0,0.5692251,3.3690248,3.0507488,4.8852205,2.6448133,4.754532,-100.0,-100.0,-100.0,-100.0,-100.0,-100.0,-100.0,-100.0,-100.0,-100.0,-100.0,-100.0,-100.0,-100.0,-100.0,-100.0,-100.0,-100.0,-100.0,-100.0
-100.0,-100.0,-100.0,-100.0,-100.0,-100.0,-100.0,-100.0,-100.0,-100.0,-100.0,0.07381425,0.037051246,-0.01625,-100.0,-100.0,-100.0,-100.0,-100.0,-0.007071228,0.6160107,0.30159423,0.6212506,0.66082704,0.084078066,0.48369506,0.51985013,0.06897737,0.29455125,0.4824159,0.5530463,0.31202775,0.3631473,0.32303146,0.46865356,0.38777465,0.4598845,0.15729752,0.39754546,0.3631781,0.39164293,0.28698426,0.40899613,0.40609282,0.3787436,0.5765622,0.3140158,0.086161055,0.3108171,-100.0,-100.0,-100.0,-100.0,-100.0,-100.0,4.570814,4.3758183,3.7346087,5.625266,2.380292,5.1018276,3.842789,4.910777,4.65305,2.4221406,4.0010486,-0.008561761,-100.0,-100.0,-100.0,-100.0,-200.0,3.1970954,4.263911,4.491999,2.3132837,4.8394485,3.4687054,2.1539917,-100.0,-100.0,-100.0,-100.0,-100.0,-100.0,-100.0,-100.0,-100.0,-100.0,-100.0,-100.0,-100.0,-100.0,-100.0,-100.0,-100.0,-100.0,-100.0,-100.0
-100.0,-100.0,-100.0,-100.0,-100.0,-100.0,-100.0,-100.0,-100.0,-100.0,-0.01625,0.08485163,0.07428251,0.024505297,-0.01625,-0.016164761,-100.0,-100.0,-100.0,-100.0,-0.010496802,-0.00016693115,0.39386216,0.4230667,0.31611174,0.31278288,0.49419022,0.042671118,0.071789384,0.091151886,0.50630355,0.47323075,0.3558423,0.18176717,0.094080046,0.38657257,0.35248262,0.11878449,0.4499904,0.31555694,0.43385467,0.2227179,0.34886307,0.12514938,0.49420032,0.23862326,0.14838974,0.3391916,0.037186433,-100.0,-100.0,3.374443,4.4009886,4.2978973,3.5711782,5.262011,4.881549,5.883819,4.081745,5.9236364,5.397804,5.099954,2.8026726,3.8525348,4.130847,2.078038,-100.0,-100.0,-100.0,-100.0,-100.0,4.021952,3.0569751,4.2543554,2.868648,3.7215137,3.7880907,3.9596503,3.899361,0.72456205,-100.0,-100.0,-100.0,-100.0,-100.0,-100.0,-100.0,-100.0,-100.0,-100.0,-100.0,-100.0,-100.0,-100.0,-100.0,-100.0,-100.0,-100.0,-100.0
-100.0,-100.0,-100.0,-100.0,-100.0,-100.0,-100.0,-100.0,-100.0,-100.0,0.07479282,0.06706404,-0.01625,0.056790527,-0.01625,-0.003760154,-100.0,-100.0,-100.0,-100.0,-100.0,-0.01625,-0.01454872,0.30150178,0.42043138,0.31504837,0.36003417,0.13354859,0.45126954,0.09987473,0.061237123,0.4425775,0.00094648136,0.3514038,0.33260193,0.04297592,0.3640103,0.3860794,0.4152069,0.3614366,0.16323316,0.1583763,0.35430494,0.3590277,0.61302614,0.59180933,0.28037277,0.44626984,0.2962522,-100.0,-100.0,-0.024803942,3.0339286,4.7963533,3.3231783,3.2285833,2.6542695,4.6467957,5.6611176,5.018105,2.2500353,3.696774,4.3256226,1.6001686,3.5074291,-100.0,-100.0,-100.0,-100.0,-100.0,-100.0,4.0621758,3.1279907,4.290418,3.133169,4.780192,3.8408594,3.946458,4.0338717,2.3052697,3.038913,3.4889932,1.8929448,-100.0,-100.0,-100.0,-100.0,-100.0,-100.0,-100.0,-100.0,-100.0,-100.0,-100.0,-100.0,-100.0,-100.0,-100.0,-100.0
-100.0,-100.0,-100.0,-100.0,-100.0,-100.0,-100.0,-100.0,-100.0,-0.01625,0.066845454,-0.0063034897,-0.01625,-0.01625,0.08466503,0.104630455,-0.01625,-0.008389425,-100.0,-100.0,-100.0,-100.0,-100.0,0.6333948,0.39910203,0.09383347,-0.00726077,0.21257812,0.35536453,0.23210435,0.41271028,0.4330687,0.34765884,0.32583633,0.24913245,0.017069397,0.17972127,0.36240754,0.20634393,0.2038707,0.32854146,-0.013170557,0.31165788,0.045919493,0.35425997,0.010288391,0.15925476,0.3809416,0.53901553,-100.0,-100.0,-0.01625,5.104918,4.0932274,0.6476847,5.628972,5.174541,5.002679,4.4690185,4.845974,4.7130256,2.168945,3.1983893,4.0688124,-200.0,-100.0,-100.0,-100.0,-100.0,-100.0,-100.0,2.4166632,4.1415443,4.225459,3.3575585,4.665146,3.69815,1.4672209,5.196299,3.224534,1.545957,2.2880836,0.4795674,-100.0,-100.0,-100.0,-100.0,-100.0,-100.0,-100.0,1.7607678,2.416491,-100.0,-100.0,-100.0,-100.0,-100.0,-100.0,-100.0
-100.0,-100.0,-100.0,-100.0,-100.0,-100.0,-100.0,-100.0,-100.0,-0.01625,-0.01625,-0.01625,-0.01625,-0.01625,0.063611664,0.1066361,0.0054433364,-0.01625,0.034176573,-0.01625,-100.0,-100.0,-100.0,-100.0,0.18538605,0.57834536,0.404505,0.33389008,0.32571304,0.05638382,0.37371948,0.27107972,0.35479432,0.33415848,0.3234938,0.29660094,0.2209311,0.158316,0.4907976,0.36450347,0.3493849,0.41240004,0.2134874,0.81715006,0.3500865,-200.0,-100.0,0.26396483,0.40737152,-100.0,-100.0,0.98903596,4.3346977,5.325961,4.805185,5.1735587,4.336069,4.699698,0.54084074,4.682419,-200.0,4.2326503,-0.009982266,-100.0,-200.0,-200.0,-200.0,0.812586,0.022681069,3.3651962,1.6436504,2.8515105,1.7577344,4.164122,3.3278456,1.1160727,2.9350402,3.8771687,4.024933,4.3097353,4.36312,3.315153,3.4107652,0.8023343,-100.0,-100.0,-100.0,-100.0,-100.0,2.4593346,3.5814152,2.4037676,-100.0,-100.0,-100.0,-100.0,-100.0,-100.0,-100.0
-100.0,-100.0,-100.0,-100.0,-100.0,-100.0,-100.0,-100.0,-0.01625,-0.01625,0.04741779,0.055215113,0.0010217206,-0.006375461,0.118998885,0.05375444,0.016907616,0.0037906992,0.08532907,0.09605245,-0.0031006017,-100.0,-100.0,-100.0,-100.0,0.27051848,-0.01580307,0.27693602,0.2696927,0.28384033,0.38194916,0.35746047,0.35034043,0.3268843,0.2715883,0.27187675,0.23141083,0.30214792,0.36870566,0.22327362,-0.033424646,0.5653352,0.62085915,0.10660314,-0.01625,-100.0,-100.0,0.30285156,-0.01625,-100.0,-100.0,0.32478163,4.38049,2.893016,4.289016,4.7855163,2.9924195,4.346987,4.4293795,-100.0,-100.0,1.4189987,-200.0,-100.0,-200.0,-200.0,0.2149737,3.7521386,0.27142128,1.5978323,2.179698,1.3368869,0.06764907,3.077688,4.354144,4.5766077,2.7126234,2.971103,3.997439,4.137436,3.2449694,3.4135392,3.9581091,3.4622943,3.3225503,2.6400883,-100.0,-100.0,3.3575497,2.5428336,2.684938,2.776944,-100.0,-100.0,-100.0,-100.0,-100.0,-100.0,-100.0
-100.0,-100.0,-100.0,-100.0,-100.0,-100.0,-100.0,-100.0,0.0139987795,0.03534906,0.017093001,-0.01625,-0.016168198,-0.015325317,0.10708737,0.13885733,0.06380531,0.1347602,0.016003372,0.05280595,0.022844644,0.050881684,-100.0,-100.0,-100.0,-100.0,-100.0,-0.01625,0.6197095,0.4319681,0.030070191,0.12969574,0.38712096,0.01663147,0.29771057,0.29226226,0.31351557,0.14271513,0.44651547,0.38271,0.35012686,0.29767975,1.1663746,0.5504257,0.91727185,-100.0,-100.0,0.2563362,-0.01625,-100.0,-100.0,0.70260084,4.9560204,1.3131063,2.9246402,5.150376,1.8220923,4.411601,-200.0,-100.0,-100.0,-100.0,-100.0,-100.0,-200.0,2.5940108,1.7675977,1.0671108,3.3027802,3.5968292,1.3548257,-200.0,3.9055963,4.0334334,3.3167493,0.89759463,3.223233,2.63565,1.7193818,2.3810384,2.6182659,3.2951336,3.1611931,2.2708163,3.446205,2.8701277,2.9292367,2.3800585,2.1731634,3.335736,3.4435542,3.4951513,1.7223506,-100.0,-100.0,-100.0,-100.0,-100.0,-100.0
-100.0,-100.0,-100.0,-100.0,-100.0,-100.0,-100.0,-0.01625,0.00041316444,-0.008317208,-0.0049055247,0.008426269,0.008753055,0.038523134,0.056332543,0.12723038,0.14538138,0.049213342,0.07659172,0.18294418,0.09422562,0.05767027,-0.01625,-0.01625,-100.0,-100.0,-100.0,-100.0,-0.020884149,0.065578006,0.32817885,-0.01625,0.23930146,0.17932038,0.06795777,0.3429828,0.3343541,0.21948242,0.18169717,0.42974752,0.4742569,0.5916299,0.5996439,1.1612504,-0.00919231,-100.0,-100.0,0.4371155,0.24062042,-100.0,-100.0,0.6035984,4.3685293,4.8901134,4.6887846,4.7227817,4.606625,4.105297,-100.0,-100.0,-100.0,-100.0,-100.0,-100.0,0.10070292,3.7153363,3.2517004,0.59554446,1.5370806,0.50797564,0.80920774,-200.0,-200.0,0.011629181,3.1906226,3.3005981,4.263063,1.1605499,4.711226,4.7811937,2.2115686,2.1223059,3.3303113,1.9026539,1.5046191,3.3010912,2.0794005,2.082298,1.1560892,3.0285938,3.5058687,3.2082531,3.6622787,2.0619113,-100.0,-100.0,-100.0,-100.0,-100.0
-100.0,-100.0,-100.0,-100.0,-100.0,-100.0,-100.0,-0.004192161,-0.0036364933,0.0060600685,0.008173447,0.005075909,0.01825231,-0.01625,-0.0073910295,0.112762265,0.06806611,0.16672762,0.20077543,0.16635902,0.22836842,-0.016049651,0.06657138,0.012819325,-0.01625,-100.0,-100.0,-100.0,-100.0,-100.0,0.25247818,0.4481192,-0.0021721763,0.57661927,0.39251494,0.512323,0.3412259,0.08612144,0.19981924,0.45659178,-0.01625,0.23867796,1.124264,1.0036384,1.3946242,-100.0,-100.0,0.06197174,0.08005829,-100.0,-100.0,0.66700083,3.865366,2.895975,4.3509245,4.370297,2.2002828,3.9847403,-100.0,-100.0,-100.0,-100.0,-100.0,3.3840315,1.7040411,1.8088783,3.24021,3.3184626,2.8207893,3.5065956,2.3883064,-200.0,-200.0,-200.0,-200.0,1.5237191,3.1127644,4.4221087,2.437814,3.6114764,1.29453,2.3464553,3.8285303,1.1274,3.6736152,2.9363348,3.4968774,3.2319868,2.6477196,3.6445184,3.5544543,3.550531,2.641786,1.222742,-100.0,-100.0,-100.0,-100.0,-100.0
-100.0,-100.0,-100.0,-100.0,-100.0,-100.0,-100.0,-0.004988328,-0.013261094,-0.0028914225,-0.015670175,0.0008241674,-0.01625,0.02299609,0.05109168,-0.016249904,-0.0012400409,0.09915099,0.096745394,0.05517609,0.20950863,0.2573123,0.058460876,0.0359934,0.09634425,0.0676252,0.066503234,-100.0,-100.0,-100.0,-100.0,0.26546356,0.21842805,0.39978912,0.28771758,-0.01625,0.46621215,0.42150202,0.13545148,0.2711966,0.6287009,0.4723767,1.2944613,1.2807018,0.10897644,-100.0,-100.0,-100.0,-100.0,-100.0,-100.0,-100.0,3.72267,2.4991906,3.6745586,3.826376,2.2248638,-200.0,-100.0,-100.0,-100.0,-100.0,-100.0,1.3034623,3.7924638,4.2169704,3.7106204,1.4377724,3.2885027,1.5684274,3.4760041,-200.0,-200.0,-200.0,-200.0,0.4497624,1.2558167,4.358922,0.57874817,3.092298,0.4109996,2.328202,3.8600929,2.9760962,1.3125921,2.6256633,1.8777094,2.4903693,3.6509912,2.6364694,2.7278588,3.3493662,2.6305358,1.1940296,-200.0,-100.0,-100.0,-100.0,-100.0
-100.0,-100.0,-100.0,-100.0,-100.0,-100.0,-0.01625,-0.00215819,-0.01625,0.004117426,-0.01625,0.010286027,0.0010724134,-0.01625,-0.01625,-0.01625,-0.01625,0.061517257,0.12992056,0.15255262,0.096024916,0.22725286,0.32048246,0.25711593,0.2000099,0.20924896,0.04354602,0.064465195,-100.0,-100.0,-100.0,-100.0,0.21026,0.21310212,0.4707431,0.019149933,0.062125854,0.46763,0.3094168,0.34880996,0.27236786,1.216649,1.4075631,1.4658309,0.42376924,-200.0,-100.0,-100.0,-100.0,-100.0,-100.0,-100.0,-100.0,3.474237,2.0368676,1.475755,-0.01625,-100.0,-100.0,-100.0,-100.0,-100.0,0.047898237,0.25432032,2.149778,3.7639747,2.7492805,1.1617663,3.157605,2.523889,2.471651,-200.0,-200.0,-200.0,-200.0,-200.0,-200.0,-200.0,-100.0,-100.0,-100.0,-100.0,-100.0,-100.0,-100.0,-100.0,-100.0,-100.0,-100.0,-100.0,-100.0,-100.0,-100.0,-100.0,-100.0,-100.0,-100.0,-100.0,-100.0
-100.0,-100.0,-100.0,-100.0,-100.0,-100.0,-0.01625,-0.008230326,-0.002993546,-0.01625,-0.01625,-0.014467351,-0.01625,0.011872231,0.023385748,0.02997782,0.03940326,-0.0039062826,0.109304726,-0.01625,0.04561797,0.16053332,-0.01625,0.33386213,0.348453,0.31849435,0.076002955,-0.01625,-0.011194767,-0.01625,-100.0,-100.0,-100.0,-100.0,0.28996766,0.17617005,0.46488678,0.27871734,0.15711258,0.26614165,0.13785736,0.1761084,0.34979463,1.5097849,0.88457173,1.4325963,-100.0,-100.0,-100.0,-100.0,-100.0,-100.0,2.223679,2.6680748,2.6767972,1.547394,2.4369462,-100.0,-100.0,-100.0,-100.0,1.0339943,0.44425353,4.0506196,1.5218414,1.1042297,3.7758105,2.3751693,3.3124893,2.8627083,1.2904396,-200.0,-200.0,-200.0,-200.0,-200.0,-200.0,-200.0,-100.0,-100.0,-100.0,-100.0,-100.0,-100.0,-100.0,-100.0,-100.0,-100.0,-100.0,-100.0,-100.0,-100.0,-100.0,-100.0,-100.0,-100.0,-100.0,-100.0,-100.0
-100.0,-100.0,-100.0,-100.0,-100.0,-100.0,-0.008614781,-0.008913356,-0.01625,-0.008496437,-0.01625,-0.01625,-0.01625,-0.0059615583,0.0025597014,-0.01625,-0.01625,0.016037144,0.03512584,0.019736597,0.14008752,0.078171365,0.21794964,0.21914728,0.2762224,0.19457658,0.02319862,0.21856025,-0.012951965,0.0046906588,-100.0,-100.0,-100.0,-100.0,-100.0,0.42678985,0.0031659044,-0.003700247,0.36159974,0.31495717,0.28426543,0.9994941,1.2572093,0.26833007,0.7150974,0.4035495,-100.0,-100.0,-0.01625,2.1670942,0.6223403,2.800449,2.875631,3.039793,2.7790875,2.6656687,2.8260882,-100.0,-100.0,-100.0,-100.0,0.40022063,3.866793,4.1649723,4.084278,4.1343346,4.1404834,2.9010825,2.8571384,3.1313286,3.3781419,-200.0,-200.0,-200.0,-200.0,-200.0,-200.0,-100.0,-100.0,-100.0,-200.0,-200.0,-200.0,-200.0,-200.0,-200.0,-200.0,-200.0,-200.0,-200.0,-200.0,-200.0,-200.0,-200.0,-200.0,-200.0,-100.0,-100.0,-100.0
-100.0,-100.0,-100.0,-100.0,-100.0,-100.0,-0.012803496,-0.012696366,-0.009119643,-0.01625,-0.01625,-0.016248383,-0.006611667,-0.01625,0.004876563,-0.01625,0.01355804,0.0378997,-0.01625,0.10608154,0.14104183,0.068018794,0.18169709,0.14988142,-0.01625,0.0012231492,0.3831719,0.28468993,0.17698452,-0.0076896483,0.11488388,-100.0,-100.0,-100.0,-100.0,-100.0,-100.0,0.3354004,-0.0008372685,-200.0,-100.0,-0.01625,0.30901712,1.49767,1.1049428,1.1147083,1.0708221,0.35592833,1.006188,1.8554568,0.36541533,1.8673304,1.4717308,0.90161926,1.9971195,2.4413874,2.239952,-100.0,-100.0,-100.0,-100.0,-0.01625,4.0168533,1.6475208,3.5775676,3.7944057,2.8191712,3.789126,3.2477615,3.3670084,1.7831388,-200.0,-200.0,-200.0,-200.0,-200.0,-200.0,-200.0,-100.0,-200.0,-200.0,-200.0,-200.0,-200.0,-200.0,-200.0,-200.0,-200.0,-200.0,-200.0,-200.0,-200.0,-200.0,-200.0,-100.0,-100.0,-100.0,-100.0,-100.0
-100.0,-100.0,-100.0,-100.0,-0.01625,-0.016063597,-0.013370155,-0.016230829,-0.01625,-0.015783869,-0.01625,-0.012286059,-0.01306261,-0.01625,-0.01625,-0.009413741,0.012292544,-0.01625,0.04084899,0.03729004,-0.01625,-0.01625,-0.01625,0.23654571,0.2633698,-0.013784179,0.25149038,0.26413473,0.026787529,0.33513668,-100.0,-100.0,-100.0,-100.0,-100.0,-100.0,-100.0,-100.0,-100.0,-100.0,-100.0,-100.0,1.4027778,1.2931427,0.2961014,1.9183661,2.3350835,2.7474082,1.2682728,2.2644262,2.9053059,1.2634479,0.97959185,1.9466987,3.3296757,2.3370638,3.198496,2.284889,-100.0,-100.0,-100.0,-100.0,1.7081714,3.947379,2.5211258,2.0160906,3.5276194,3.9646397,1.6944155,3.404033,3.1229293,-200.0,-200.0,-200.0,-200.0,-200.0,-200.0,-200.0,-200.0,-200.0,-200.0,-200.0,-200.0,-200.0,-200.0,-200.0,-200.0,-200.0,-200.0,-200.0,-200.0,-200.0,-200.0,-200.0,-100.0,-100.0,-100.0,-100.0,-100.0
-100.0,-100.0,-100.0,-100.0,-0.01625,-0.01625,-0.01625,-0.01625,-0.016246095,-0.01379475,-0.013938422,-0.01625,-0.015898477,-0.01625,-0.012966218,-0.01625,0.00233881,-0.010554382,0.03297922,-0.0015927781,0.011908376,0.11077342,0.11605574,0.08027344,0.20940119,0.16133286,-0.01625,0.32506597,0.46153578,0.17842688,-100.0,-100.0,-100.0,-100.0,-100.0,-100.0,-100.0,-100.0,-100.0,-100.0,-100.0,-100.0,0.2651245,1.8704104,1.750459,0.32911256,2.018434,1.7514447,0.32909974,2.872527,3.2395627,2.658953,3.410846,3.275012,1.9670343,2.5517783,3.1934125,3.3492312,0.2974632,-100.0,-100.0,-100.0,1.9793525,3.908974,4.05213,2.7917724,4.162491,3.9600074,3.3688178,1.144648,0.6299183,-200.0,-200.0,-200.0,-200.0,-200.0,-200.0,-200.0,-200.0,-200.0,-200.0,-200.0,-200.0,-200.0,-200.0,-200.0,-200.0,-200.0,-200.0,-200.0,-200.0,-200.0,-200.0,-200.0,-100.0,-100.0,-100.0,-100.0,-100.0
-100.0,-100.0,-100.0,-0.01625,-0.01625,-0.014148959,-0.01625,-0.01624979,-0.0124107655,-0.016165825,-0.01625,-0.013668009,-0.01625,-0.01625,-0.016249558,-0.011486642,-0.01625,0.006886746,0.021387454,0.039870784,0.039543964,-0.016244324,0.071231306,0.022385329,0.11393228,0.12417444,0.043657254,-0.01625,0.1735242,0.42701292,0.5030736,-100.0,-100.0,-100.0,-100.0,-100.0,-100.0,-100.0,-100.0,-100.0,-100.0,0.4089018,1.6089432,0.17086853,2.4444327,0.45623404,1.208839,2.6782987,3.1430497,2.645028,1.018077,3.1135306,1.9100473,3.5987656,2.154797,1.491565,2.5191987,3.4644294,0.79100055,-100.0,-100.0,2.5491266,1.6700398,1.8717203,1.5954218,3.6423788,3.8126373,3.8760462,1.0726769,2.9710593,3.4760811,-200.0,-200.0,-200.0,-200.0,-200.0,-200.0,-200.0,-200.0,-200.0,-200.0,-200.0,-200.0,-200.0,-200.0,-200.0,-200.0,-200.0,-200.0,-200.0,-200.0,-200.0,-200.0,-200.0,-100.0,-100.0,-100.0,-100.0,-100.0
-100.0,-100.0,-100.0,-0.01625,-0.016249174,-0.01625,-0.014648464,-0.01625,-0.01625,-0.016246269,-0.005508686,-0.010915564,-0.01625,-0.015792577,-0.01625,-0.0028651233,0.010029436,-0.016248612,-0.0045398944,-0.0066859964,0.051466346,0.016037535,0.08524607,0.08388358,0.091076136,-0.016240783,0.19126903,0.20054771,0.47084284,0.25348532,0.3075645,0.7436231,0.6812401,0.2478871,-0.01625,-100.0,-100.0,-100.0,-100.0,-0.01625,1.8324516,1.9366118,1.9783201,1.6575071,0.473396,2.222216,0.5727097,3.209144,2.9659958,3.738187,3.5895143,3.4799123,1.5938618,3.9859092,3.125347,2.4485736,1.4122201,3.2448757,3.2847326,2.519999,1.4609691,3.031898,0.82935256,3.4403448,3.2393098,3.4789655,2.2523742,2.6934938,3.9811826,4.0619073,3.381156,-200.0,-200.0,-200.0,-200.0,-200.0,-200.0,-200.0,-200.0,-200.0,-200.0,-200.0,-200.0,-200.0,-200.0,-200.0,-200.0,-200.0,-200.0,-200.0,-200.0,-200.0,-200.0,-200.0,-100.0,-100.0,-100.0,-100.0,-100.0
-100.0,-100.0,-100.0,-0.01429418,-0.015696859,-0.0063512465,-0.01625,-0.01625,0.0013462459,-0.0039414796,-0.01625,-0.011282181,0.0018534947,-0.01625,0.0072089476,0.009993497,0.031133017,-0.0050006695,0.035287697,0.040548217,-0.01625,0.06757134,0.06274263,0.08484527,0.11539324,0.13271673,0.110403925,0.14839491,0.31089187,0.37632823,0.72349995,0.4353819,0.7875689,0.49742508,-0.01625,0.9542744,-0.0017976966,1.6519648,1.667099,1.0634007,1.9095565,1.3341177,2.1284366,0.4517268,3.0793395,2.4271264,1.7564262,3.3888981,2.6428905,3.558394,3.7750425,3.6949956,2.085223,2.4751124,4.125095,3.9988058,2.8607697,2.0796113,2.557993,3.2845068,3.0995784,1.9575391,3.5761652,3.8423042,1.9841853,3.69712,3.9407983,3.9831245,3.9516852,0.09361771,3.501587,-0.022750683,-200.0,-200.0,-200.0,-200.0,-200.0,-200.0,-200.0,-200.0,-200.0,-200.0,-200.0,-200.0,-200.0,-200.0,-200.0,-100.0,-100.0,-100.0,-100.0,-100.0,-100.0,-100.0,-100.0,-100.0,-100.0,-100.0,-100.0
-100.0,-100.0,-100.0,-0.01055467,-0.01625,-0.01625,-0.0025719483,-0.01625,-0.0063162036,-0.0049265986,0.0020205502,0.0052777175,0.008703371,-0.009702374,-0.01625,0.03424815,0.029307488,-0.01625,0.04489852,0.051830206,-0.013216291,0.016325781,0.048564434,-0.01625,0.057375927,0.041825604,0.080909476,0.08605547,0.17408216,0.46484634,0.51857316,0.18259643,0.57977176,0.6019735,1.3846303,0.99610966,1.2951479,0.85677946,1.0046937,1.453115,0.08632302,1.9948238,2.1595325,0.70680296,0.6259369,0.19089535,1.6786234,3.8787444,3.1303885,2.2986143,4.002915,0.8574305,3.759798,1.5763036,4.295495,3.7857945,3.399035,1.5980964,2.967263,2.707602,3.0432963,3.6508179,1.7596878,3.1740978,3.5643356,3.672801,3.832401,3.902492,3.9282844,0.68378997,3.2487633,-200.0,-200.0,-200.0,-200.0,-200.0,-200.0,-200.0,-200.0,-200.0,-200.0,-200.0,-200.0,-200.0,-200.0,-200.0,-200.0,-200.0,-100.0,-100.0,-100.0,-100.0,-100.0,-100.0,-100.0,-100.0,-100.0,-100.0,-100.0
-100.0,-100.0,-100.0,-100.0,-0.01625,-0.009304907,-0.01625,-0.0009940349,-0.008272744,-0.014976397,-0.0153987985,0.0045576007,0.0035616246,-0.01625,0.0049604825,0.030908424,0.004756571,0.053379472,0.001560605,0.04566112,0.044636305,-0.01625,0.051371403,0.067355506,-0.01625,-0.00037279006,0.060111944,0.09115973,0.1380738,-0.005614374,0.17327118,0.18495105,0.34006622,0.17604573,0.43132016,1.5044138,0.5664505,0.11158122,1.1040616,1.7822071,0.6675649,2.1750119,2.670967,2.7537007,2.111425,3.5592597,0.74426967,3.9559522,3.1311817,4.336363,1.2568792,1.1065809,1.0722082,3.7946577,4.135102,1.0365765,3.9299371,3.061428,3.1639104,3.3137827,1.6636006,1.0828894,3.3723805,-200.0,-200.0,-200.0,-100.0,-100.0,-100.0,-100.0,-100.0,-100.0,-200.0,-200.0,-200.0,-200.0,-200.0,-200.0,-200.0,-200.0,-200.0,-200.0,-200.0,-200.0,-200.0,-200.0,-200.0,-200.0,-200.0,-100.0,-100.0,-100.0,-100.0,-100.0,-100.0,-100.0,-100.0,-100.0,-100.0
-100.0,-100.0,-100.0,-100.0,-0.007989269,-0.006861832,-0.01625,-0.0016050417,-0.01625,-0.011977648,-0.013804764,-0.01625,-0.014848334,-0.01183618,-0.01625,0.01030707,-0.009304603,0.026598345,0.024644002,-0.01625,0.06443065,0.024005061,0.010823935,0.07442499,-0.01625,0.06398519,0.050717548,0.038625676,0.011862769,0.0065977406,0.1646908,0.18287426,0.2851955,0.124475285,0.6718031,0.6038025,-0.01625,0.2957346,0.053519174,1.3581898,2.1057029,2.3843026,3.1753154,3.4047596,3.7552342,4.386947,3.6417077,4.2633147,1.6299328,2.314288,4.5378246,3.0510395,4.889451,3.5754457,1.7786479,1.4314648,3.82971,3.6029363,3.5170755,2.7987845,0.63325864,3.1066897,2.4542542,-100.0,-100.0,-100.0,-100.0,-100.0,-100.0,-100.0,-100.0,-100.0,-100.0,-200.0,-200.0,-200.0,-200.0,-200.0,-200.0,-200.0,-200.0,-200.0,-200.0,-200.0,-200.0,-200.0,-200.0,-200.0,-200.0,-200.0,-100.0,-100.0,-100.0,-100.0,-100.0,-100.0,-100.0,-100.0,-100.0
-100.0,-100.0,-100.0,-100.0,-0.01625,-0.01625,-0.01625,-0.01625,-0.015724812,-0.0026060347,-0.016239759,-0.0031194892,-0.014990915,-0.006876892,-0.01625,-0.01625,0.0126388045,0.0017536152,-0.01625,-0.01625,-0.01625,0.01803324,0.0036133728,0.028436277,0.04772653,0.0014385072,0.04763794,-0.01625,0.08674601,0.125058,0.15000588,0.16897672,0.1934692,0.0209472,0.6022626,0.37046617,0.6610065,1.5458697,1.6989025,1.4414005,1.5460951,2.5577552,2.43687,3.6415157,3.3279626,3.6366649,0.94943035,3.5599792,4.7144666,4.710568,1.374923,4.766302,4.603913,4.5164723,3.9849381,4.2991004,1.9200002,3.9428859,3.521087,0.49697855,1.8017609,1.8295878,1.9166806,-100.0,-100.0,-100.0,-100.0,-100.0,-100.0,-100.0,-100.0,-100.0,-200.0,-200.0,-200.0,-200.0,-200.0,-200.0,-200.0,-200.0,-200.0,-200.0,-200.0,-200.0,-200.0,-200.0,-200.0,-200.0,-200.0,-200.0,-200.0,-100.0,-100.0,-100.0,-100.0,-100.0,-100.0,-100.0,-100.0
-100.0,-100.0,-100.0,-100.0,-0.01625,-0.01625,-0.0032333252,-0.0027384688,-0.01625,-0.010978933,-0.003618195,-0.010167772,-0.0033705707,-0.012351117,-0.0004961301,-0.004510423,-0.002393108,0.0055032754,-0.006060768,0.010683439,-0.01625,-0.01625,-0.01625,-0.01625,0.020546962,-0.01625,-200.0,-0.01625,-0.011682058,-200.0,-0.01625,0.14143136,0.095185265,0.15318926,-100.0,-100.0,-100.0,1.3865101,1.4783338,1.9663234,1.270516,2.6118805,2.862344,4.2063737,4.41397,5.133824,5.100274,4.9778585,5.1601477,1.8802081,4.2470293,3.9901364,4.826312,3.4035988,3.7673688,1.9930995,3.2644823,2.0089393,3.7173333,3.0903704,2.6280303,0.96489644,-200.0,-100.0,-100.0,-100.0,-100.0,-100.0,-100.0,-100.0,-100.0,-200.0,-200.0,-200.0,-200.0,-200.0,-200.0,-100.0,-100.0,-100.0,-100.0,-100.0,-100.0,-100.0,-100.0,-100.0,-100.0,-100.0,-100.0,-100.0,-100.0,-100.0,-100.0,-100.0,-100.0,-100.0,-100.0,-100.0,-100.0
-100.0,-100.0,-100.0,-100.0,-0.01625,-0.009870366,-0.0052765757,-0.005771335,-0.01625,-0.01625,-0.0043735523,-0.01625,-0.010490094,-0.01625,0.000557964,-0.01625,-0.015465123,-0.015712343,-0.01625,-100.0,-100.0,-100.0,-100.0,-100.0,-100.0,-100.0,-100.0,-100.0,-100.0,-100.0,-100.0,-100.0,-100.0,-100.0,-100.0,-100.0,-100.0,1.5577537,1.738133,1.7063788,2.6337466,2.2569451,4.232437,3.965604,4.8679113,1.8809291,5.5640106,5.2215347,3.7908435,3.7721286,5.1347723,4.9981313,1.297731,1.3271136,1.6228069,2.0166445,3.1804974,3.2402174,3.3785443,3.1473932,3.707127,3.245829,0.060414877,-100.0,-100.0,-100.0,-100.0,-100.0,-100.0,-100.0,-100.0,-100.0,-100.0,-100.0,-100.0,-100.0,-100.0,-100.0,-100.0,-100.0,-100.0,-100.0,-100.0,-100.0,-100.0,-100.0,-100.0,-100.0,-100.0,-100.0,-100.0,-100.0,-100.0,-100.0,-100.0,-100.0,-100.0,-100.0,-100.0
-100.0,-100.0,-100.0,-100.0,-100.0,-0.0061410693,-0.015677737,-0.01625,-0.012180159,-0.01625,-0.014313822,-0.01625,-0.014107819,-0.011328662,-0.014973688,-0.01625,-0.01625,-0.016247777,-0.01625,-100.0,-100.0,-100.0,-100.0,-100.0,-100.0,-100.0,-100.0,-100.0,-100.0,-100.0,-100.0,-100.0,-100.0,-100.0,-100.0,-100.0,-100.0,1.5754573,1.5567607,1.2514069,2.9102454,2.868658,3.8462803,4.5315566,4.67248,5.6632514,3.941882,3.227756,4.75499,4.3069205,5.3224516,5.038375,4.324372,4.7893095,2.9455106,1.4557683,1.3268363,1.9673969,1.5022656,2.4959903,2.5698302,-100.0,-100.0,-100.0,-100.0,-100.0,-100.0,-100.0,-100.0,-100.0,-100.0,-100.0,-100.0,-100.0,-100.0,-100.0,-100.0,-100.0,-100.0,-100.0,-100.0,-100.0,-100.0,-100.0,-100.0,-100.0,-100.0,-100.0,-100.0,-100.0,-100.0,-100.0,-100.0,-100.0,-100.0,-100.0,-100.0,-100.0,-100.0
-100.0,-100.0,-100.0,-100.0,-0.022770815,-0.01625,-0.016249798,-0.01625,-0.012691663,-0.01625,-0.01427065,-0.015257783,-0.015463696,-0.01625,-0.01625,-0.01625,-0.01625,-0.01625,-0.01625,-100.0,-100.0,-100.0,-100.0,-100.0,-100.0,-100.0,-100.0,-100.0,-100.0,-100.0,-100.0,-100.0,-100.0,-100.0,-100.0,-100.0,-100.0,1.5190254,1.4872038,2.584299,2.7647042,4.004375,3.4834056,4.8134747,4.858072,4.311968,5.57038,4.9929442,4.644012,3.4312823,1.2263105,5.261451,3.3214142,4.2762284,4.0089526,1.8601375,4.1713843,4.38964,2.1424296,3.8321817,-200.0,-100.0,-100.0,-100.0,-100.0,-100.0,0.22153214,1.1522278,4.918671,1.8811307,2.5602481,2.7307146,5.087093,2.2399223,-100.0,-100.0,-100.0,-100.0,-100.0,-100.0,-100.0,-100.0,-100.0,-100.0,-100.0,-100.0,-100.0,-100.0,-100.0,-100.0,-100.0,-100.0,-100.0,-100.0,-100.0,-100.0,-100.0,-100.0,-100.0
-100.0,-100.0,-100.0,-100.0,-0.015000682,-0.014542542,-0.01625,-0.0155794155,-0.01625,-0.016235849,-0.01625,-0.01625,-0.01625,-0.01625,-0.01625,-0.01625,-0.01625,-0.01625,-0.01625,-100.0,-100.0,-100.0,-100.0,-100.0,-100.0,-100.0,-100.0,-100.0,-100.0,-100.0,-100.0,-100.0,-100.0,-100.0,-0.028610548,0.11514099,-0.01625,0.84474367,1.8713918,2.0107646,3.272292,3.7956462,3.8046553,5.052237,4.0434265,5.512029,5.511364,4.205652,4.1629457,1.973493,5.685623,5.084983,5.3607807,4.46445,3.242437,4.389005,4.281952,2.417569,2.1054528,4.358449,-200.0,-100.0,-100.0,-100.0,-100.0,-100.0,3.5245578,2.1786935,4.366286,0.3168515,0.29302552,8.245037,2.453546,2.4652894,6.081829,-100.0,-100.0,-100.0,-100.0,-100.0,-100.0,-100.0,-100.0,-100.0,-100.0,-100.0,-100.0,-100.0,-100.0,-100.0,-100.0,-100.0,-100.0,-100.0,-100.0,-100.0,-100.0,-100.0,-100.0
-100.0,-100.0,-100.0,-100.0,-0.01625,-0.0162445,-0.016228989,-0.01625,-0.01625,-0.01625,-0.01625,-0.01625,-0.01625,-0.01625,-0.01625,-0.01625,-0.01625,-0.01625,-0.01625,-100.0,-100.0,-100.0,-100.0,-100.0,-100.0,-100.0,-100.0,1.5312588,1.8434815,0.7220554,1.6638647,2.5857186,0.69520146,2.4671128,2.3552024,1.6574426,0.9619504,1.5540489,1.7173258,2.6872704,3.9440377,3.4495509,3.897306,5.9657288,3.3590705,4.4246745,6.419313,5.6953683,3.6609266,1.5504826,4.1383753,4.0975523,4.4440584,2.7936122,3.2231784,5.5058436,4.2594557,2.4834569,4.71031,4.0231595,4.0404215,-100.0,-100.0,-100.0,-100.0,-100.0,1.0217088,5.303539,4.9873695,5.9741974,2.8582778,6.754714,5.547647,6.936494,0.46213713,-100.0,-100.0,-100.0,-100.0,-100.0,-100.0,-100.0,-100.0,-100.0,-100.0,-100.0,-100.0,-100.0,-100.0,-100.0,-100.0,-100.0,-100.0,-100.0,-100.0,-100.0,-200.0,-100.0,-100.0
-100.0,-100.0,-100.0,-100.0,-100.0,-200.0,-0.01625,-200.0,-200.0,-200.0,-200.0,-0.01625,-0.01625,-200.0,-200.0,-0.01625,-200.0,-0.01625,-200.0,-100.0,-100.0,-100.0,-100.0,-100.0,-100.0,-100.0,1.5574205,1.4199294,0.8534995,1.3387555,2.0198004,1.6727128,1.2936041,1.9833624,0.88620406,1.1781628,1.8334137,1.474851,1.8455939,2.61629,3.7708802,5.4514494,0.7281635,2.1376414,6.8111405,2.6666687,1.7222338,1.8932683,6.466078,6.48011,5.492612,1.7659291,5.6981444,5.406361,2.4961069,2.0780864,4.750692,4.6090035,3.8345966,4.053799,2.927675,3.8263521,-200.0,-200.0,-100.0,-100.0,4.2926435,6.0847034,5.5676455,8.418563,5.802249,7.470903,0.5541431,7.1413784,-200.0,-100.0,-100.0,-100.0,-100.0,-100.0,-100.0,-100.0,-100.0,-100.0,-100.0,-100.0,-100.0,-100.0,-100.0,-100.0,-100.0,-100.0,-100.0,-100.0,-100.0,-200.0,-200.0,-100.0,-100.0
-100.0,-100.0,-100.0,-100.0,-100.0,-100.0,-100.0,-100.0,-100.0,-100.0,-100.0,-100.0,-100.0,-100.0,-100.0,-100.0,-100.0,-100.0,-100.0,-100.0,-100.0,-100.0,-100.0,-100.0,-100.0,0.14972089,0.7190716,0.24260381,2.0089388,0.86566085,2.0568883,1.1514341,1.6057202,0.45755473,1.4023274,1.8739606,1.7277063,2.1227708,2.1992285,3.893619,0.40742224,6.4390655,4.1019845,2.6963205,4.5555263,7.023395,6.437059,6.073912,5.4349575,6.9058776,1.9403214,4.448767,6.299314,5.761745,5.6242423,4.6859555,4.6874413,1.614803,4.464803,2.5733428,1.7694113,4.135045,-200.0,-200.0,-100.0,-100.0,6.677326,2.4786606,8.745801,7.076031,8.123818,2.1743903,2.975503,5.7334642,-200.0,-100.0,-100.0,-100.0,-100.0,-100.0,-100.0,-100.0,-100.0,-100.0,-100.0,-100.0,-100.0,-100.0,-100.0,-100.0,-100.0,-100.0,-100.0,-100.0,-200.0,-200.0,-200.0,-100.0,-100.0
-100.0,-100.0,-100.0,-100.0,-100.0,-100.0,-100.0,-100.0,-100.0,-100.0,-100.0,-100.0,-100.0,-100.0,-100.0,-100.0,-100.0,-100.0,-100.0,-100.0,-100.0,-100.0,-100.0,2.451189,2.2213335,2.3469305,0.13614361,0.76576215,1.8668737,1.9253929,0.4190689,2.2291088,2.2205982,1.8436475,1.1993183,1.2602772,1.6263562,0.7811375,-200.0,1.9129245,6.2916565,1.946223,6.389754,8.38338,7.7951775,7.672217,3.9574797,4.804938,7.282194,6.724511,1.1633941,5.669936,6.074654,-200.0,1.9774834,5.452945,4.47222,2.0785182,2.2685347,2.1426327,5.0121455,3.9929717,2.6142187,-200.0,-100.0,-100.0,1.9470105,9.159429,8.273457,2.4427075,3.8854907,6.8442726,-200.0,-100.0,-100.0,-100.0,-100.0,-100.0,-100.0,-100.0,-100.0,-100.0,-100.0,-100.0,-100.0,-100.0,-100.0,-100.0,-100.0,-100.0,-100.0,-100.0,-100.0,-200.0,-200.0,-200.0,-200.0,-100.0,-100.0
-100.0,-100.0,-100.0,-100.0,-100.0,-100.0,-100.0,-100.0,-100.0,-100.0,-100.0,-100.0,-100.0,-100.0,-100.0,-100.0,-100.0,-100.0,-100.0,-100.0,-100.0,0.083305575,0.4934958,2.6149447,2.5350037,1.8218706,2.3233938,1.949556,0.34980652,0.72214645,0.010473328,0.24560654,1.6597126,0.7653113,1.1199188,1.3376743,0.067592,-100.0,-100.0,1.3012123,8.983937,8.24115,5.1380143,5.6987658,1.9857893,6.234941,5.1759825,7.1904387,7.416295,6.7685843,7.152894,1.054189,3.8670776,5.3984613,4.1675653,5.817381,1.0461286,4.491105,3.5110471,3.9374807,5.0803595,1.0649415,1.9001905,3.254638,-100.0,0.07701325,7.6755548,7.7872396,7.4355307,2.2457268,6.7282696,2.418214,-100.0,-100.0,-100.0,-100.0,-100.0,-100.0,-100.0,-100.0,-100.0,-100.0,-100.0,-100.0,-100.0,-100.0,-100.0,-100.0,-100.0,-100.0,-100.0,-100.0,-200.0,-200.0,-200.0,-200.0,-200.0,-100.0,-100.0
-100.0,-100.0,-100.0,-100.0,-100.0,-100.0,-100.0,-100.0,-100.0,-100.0,-100.0,-100.0,-100.0,-100.0,-100.0,-100.0,-100.0,-100.0,-100.0,-100.0,-0.007249756,2.965849,2.9384348,2.8986635,0.016408019,2.4742785,2.3810756,0.06260678,2.3271418,0.7082126,1.174177,2.1720533,2.151654,0.36262983,2.0529516,0.7384268,-100.0,-100.0,-100.0,1.0891707,4.984809,6.863183,6.569214,8.196745,4.2706537,7.627936,3.8290532,5.5117116,7.7861996,5.1836014,2.6858268,3.3370533,4.6230364,4.9272013,3.013874,2.0690873,1.0712991,3.3233287,2.1155941,5.0369368,4.764055,4.31159,3.889502,2.3534584,3.0926633,4.098832,5.075959,3.8225865,2.4553466,7.6048894,6.0074835,5.9747376,3.6349788,6.682199,3.743076,5.6609073,6.6213303,0.11535675,4.8206787,5.7384143,5.3786798,2.7004595,5.1827054,4.3521924,4.2285256,0.38751265,-100.0,-100.0,-100.0,-100.0,-100.0,-100.0,-100.0,-200.0,-200.0,-200.0,-100.0,-100.0,-100.0
-100.0,-100.0,-100.0,-100.0,-100.0,-100.0,-100.0,-100.0,-100.0,-100.0,-100.0,-100.0,-100.0,-100.0,-100.0,-100.0,-100.0,-100.0,-0.01625,-100.0,3.4939284,1.5244739,3.1706185,3.0003204,0.55142397,0.18241511,0.7941197,2.2564344,0.421799,1.1423831,1.8306216,0.4116379,1.7634228,2.1302814,0.04175842,-200.0,-100.0,-100.0,-100.0,0.35350615,8.893362,2.135281,4.0581393,8.199327,3.8001041,3.8112478,3.8464904,7.2261243,0.94840926,3.7212107,5.3681383,5.1705384,3.5565808,5.147963,3.0200868,5.5583224,6.3375287,5.6215997,4.2026734,5.0981917,5.3450627,5.4650736,5.282818,2.2387536,4.9226937,2.2058892,3.9220905,5.195939,4.0736346,5.454629,4.4007773,1.9397923,4.7686286,5.234642,5.3683753,5.4696684,5.2291045,3.8895369,2.6798391,5.6530466,3.2915635,5.5188136,5.1133447,2.099149,4.7536407,4.5062313,-200.0,-200.0,-200.0,-200.0,-200.0,-200.0,-200.0,-200.0,-200.0,-200.0,-100.0,-100.0,-100.0
-100.0,-100.0,-100.0,-100.0,-100.0,-100.0,-100.0,-100.0,-100.0,-100.0,0.22654083,2.9412594,-100.0,4.240625,-100.0,0.6347614,2.4329727,3.9026005,3.7800074,3.6286747,2.8914235,3.2016852,2.6211653,3.2831647,2.7362275,3.335158,0.87017214,2.1279333,1.9595741,1.6052705,1.4898075,2.4904304,0.8464961,0.62999177,-100.0,-100.0,-100.0,-100.0,-100.0,6.9447536,9.693255,9.641594,4.238034,1.3330042,4.2554126,6.245913,1.5690626,4.270604,0.800955,1.9213887,4.246538,5.2057233,5.814099,4.625945,4.3805447,5.100637,3.0223992,6.1734095,1.454599,3.8236184,2.071181,5.5337224,2.3871665,4.566138,4.180135,4.197553,4.2261696,4.0824714,4.0554094,4.161052,3.545248,4.846319,4.4061756,4.529057,5.103967,4.665778,3.7881694,5.5715175,3.554168,4.3953166,4.9535537,3.5362449,3.6436102,3.8545854,4.1238527,2.079592,-200.0,-200.0,-200.0,-200.0,-200.0,-200.0,-200.0,-200.0,-200.0,-200.0,-100.0,-100.0,-100.0
-100.0,-100.0,-100.0,-100.0,-100.0,-100.0,-100.0,-100.0,-100.0,3.3001544,3.1490188,3.9746892,3.322949,2.2282763,2.6341934,2.092109,2.4977791,1.8615713,2.4208045,3.7322602,3.7739027,4.0859284,2.988629,-0.0068862913,1.965016,0.30553254,2.601142,0.30097094,1.0814859,3.0893164,0.29578674,0.03568634,-200.0,-100.0,-100.0,-100.0,-100.0,-100.0,-100.0,-100.0,0.8861966,8.587718,6.8114424,7.452676,6.547146,6.268633,7.504624,7.5148997,4.3971376,7.200625,3.2663376,6.3343525,6.5098057,0.75144815,7.0350795,3.3739343,6.3803654,6.86127,5.2162685,5.133118,2.5727441,6.333619,2.0651736,2.9220362,4.8649764,5.486806,2.328532,4.273063,3.7410336,3.0036345,4.149009,3.481284,3.413373,2.7023766,4.771318,4.9738135,4.4751368,4.4613547,2.5532382,3.2079148,3.1337836,4.179202,4.517749,3.455537,3.1364586,3.998435,-200.0,-200.0,-200.0,-200.0,-200.0,-200.0,-200.0,-200.0,-200.0,-200.0,-100.0,-100.0,-100.0
-100.0,-100.0,-100.0,-100.0,-100.0,-100.0,1.9100991,3.5249066,2.853855,3.3693612,2.9785302,0.6836809,2.9152503,4.276206,0.7270791,4.516471,2.3877776,4.527711,3.9938173,4.1927114,2.0816658,2.952236,4.2599277,0.27714598,3.1083786,0.23151426,2.5032651,2.2166216,2.2279284,0.3655774,-200.0,-100.0,-100.0,-100.0,-100.0,-100.0,-100.0,-100.0,-100.0,-100.0,-100.0,5.7989163,7.5301805,6.4476967,7.0929017,7.252252,7.6130223,5.6338043,6.4285283,4.235195,6.825154,6.9139514,1.6994712,0.9723926,2.841383,6.6111827,4.670475,6.3832,7.3336415,4.5613303,5.2303586,5.5062723,2.7964215,3.362274,1.8741663,2.4337623,4.532662,4.361499,3.3075867,4.6039743,2.8876615,4.116546,3.5682805,4.012413,4.081776,3.8185701,4.0480366,5.044725,3.1697395,2.9892821,3.8041353,4.189827,4.490581,5.2592783,4.511608,4.8168654,-200.0,-200.0,-200.0,-200.0,-200.0,-200.0,-200.0,-200.0,-200.0,-200.0,-100.0,-100.0,-100.0
-100.0,-100.0,-100.0,-100.0,-100.0,-100.0,0.15811431,3.3839767,2.9637165,3.5039535,3.0849123,3.683777,2.954345,3.6605356,4.3817606,2.9939148,1.9996698,2.7240255,1.7981544,2.743422,0.088304706,2.0218706,3.5797234,3.7372167,1.8575029,2.0214624,0.40835586,1.5959684,2.0781276,-200.0,-100.0,-100.0,-100.0,-100.0,-100.0,-100.0,-100.0,-100.0,-100.0,-100.0,-100.0,7.668269,6.9904723,6.930156,7.5178967,7.581733,6.9802575,6.527059,7.601255,1.3217871,4.521061,3.6223998,3.151637,2.3935149,7.1828513,5.2359896,0.31992614,1.5285736,2.23302,6.140922,3.8736854,5.9028797,1.493898,4.8333607,0.97159106,5.6932883,2.4552345,2.7640285,4.6377316,4.6704173,2.3531678,3.5046139,4.48152,4.6659565,3.9809146,4.3668156,4.128486,2.2872427,3.7776408,4.1170583,3.7583025,4.4631677,4.051594,3.5708497,4.330409,4.484345,-200.0,-200.0,-200.0,-200.0,-200.0,-200.0,-200.0,-200.0,-200.0,-200.0,-100.0,-100.0,-100.0
-100.0,-100.0,-100.0,-100.0,-100.0,-100.0,0.16708374,3.0403085,1.5668279,0.76595795,4.1497445,3.5112295,4.2515545,4.357752,2.6891663,3.5880642,4.6731315,4.4561553,0.7081708,4.4382424,4.460887,3.1839445,3.4704523,3.1882195,4.376482,3.87104,0.08536621,0.17620996,-200.0,-100.0,-100.0,-100.0,-100.0,-100.0,-100.0,-100.0,-100.0,-100.0,-100.0,-100.0,-100.0,1.7315049,5.7976584,7.5061913,6.9079256,5.5245924,7.7997546,7.6984434,7.022876,6.075354,6.6070585,7.1574664,6.8671675,6.939505,6.0222745,6.5785155,1.7481756,5.7706776,6.0150604,5.8534474,2.581008,4.48826,2.5271382,5.1408377,5.2472105,3.3565524,2.9853005,3.5793815,3.9650865,4.343203,4.3546534,2.2663243,5.02869,5.5199304,4.6291075,4.15461,3.647517,4.000263,4.1946025,3.0683105,3.8548584,4.4181995,4.1841564,4.3930917,4.3409505,1.1006061,-200.0,-200.0,-200.0,-200.0,-200.0,-200.0,-200.0,-200.0,-200.0,-100.0,-100.0,-100.0,-100.0
-100.0,-100.0,-100.0,-100.0,-100.0,-100.0,-100.0,4.15821,0.7661086,4.160317,3.2009463,4.080533,3.1473048,0.85225815,3.3719034,2.4923294,4.7448997,2.1414013,2.9230769,4.9034257,3.4691904,4.620268,4.0744176,2.326187,4.4245734,4.0769763,0.11255802,-100.0,-100.0,-100.0,-100.0,-100.0,-100.0,-100.0,-100.0,-100.0,-100.0,-100.0,-100.0,-100.0,7.794242,7.2750463,7.521353,7.544397,6.4493775,2.2134862,5.326165,5.2990875,7.616571,7.8246264,7.20574,7.014592,2.1798487,5.7974467,6.804001,6.457416,6.365383,6.8641343,6.608158,2.9015663,5.82294,1.3217221,4.829522,4.8961945,2.181362,6.0380464,1.5026816,5.0832934,4.9066052,5.453504,2.4832547,2.6060677,4.6634197,2.751605,3.4167612,4.4276657,4.7472267,4.078972,4.278154,3.8405664,3.5046604,4.0075984,4.5814996,4.4123306,4.5473256,5.000103,-200.0,-200.0,-200.0,-200.0,-200.0,-200.0,-200.0,-200.0,-200.0,-100.0,-100.0,-100.0,-100.0
-100.0,-100.0,-100.0,-100.0,-100.0,-100.0,-100.0,2.858588,2.9740872,3.8304777,2.1857338,3.3263452,3.7989683,3.9784474,3.358419,4.4819818,4.6381106,4.8245034,5.0596976,4.6276097,5.2356462,3.411847,4.0241013,-200.0,0.026302556,-0.01625,-100.0,-100.0,-100.0,-100.0,-100.0,-100.0,-100.0,-100.0,-100.0,-100.0,-100.0,-100.0,4.3350744,6.807478,7.202743,7.273602,8.521318,6.742955,1.6221112,6.827039,5.9991655,6.965189,7.4921336,7.475837,7.7973046,6.987043,6.746849,7.116892,4.9813724,6.2458177,5.3669224,7.008437,1.5463275,3.3808076,7.197446,6.534161,7.2919025,2.0225365,5.420661,5.512842,6.8190002,3.6713448,3.6392345,5.1951265,2.2185256,5.252176,4.690449,3.2518165,4.7534657,3.6311111,3.4507785,3.3915658,4.1748786,4.2891545,3.8834226,4.1577444,4.3669834,1.122224,4.4599843,5.1121387,-200.0,-200.0,-200.0,-200.0,-200.0,0.3206427,4.5829225,5.9985266,0.9991976,-100.0,-100.0,-100.0,-100.0
-100.0,-100.0,-100.0,-100.0,-100.0,-100.0,-100.0,-100.0,3.953274,4.056812,3.7191656,3.678955,3.7915058,3.9987397,4.187298,4.1690016,4.6577687,4.9899683,4.9446497,5.589843,5.207983,4.738076,4.5913415,-100.0,-100.0,-100.0,-100.0,-100.0,-100.0,-100.0,-100.0,-100.0,-100.0,-100.0,-100.0,-100.0,-100.0,6.0508885,6.61263,6.779666,8.382932,8.115323,7.2838564,7.82862,7.06749,1.0091208,7.4867263,6.752339,8.221355,6.1421356,5.5333395,6.2967534,2.3497732,5.321189,6.8189244,7.04099,7.1330667,6.358005,5.4627285,7.403186,6.654427,5.209232,5.412415,6.517026,2.2281423,4.938113,5.037982,5.2212515,6.38608,5.830846,5.340323,4.656017,2.344286,2.9132166,3.2963593,1.9366361,3.3981936,4.245744,4.3576813,3.9262347,4.324759,4.2190533,3.5683002,4.3754654,4.6438494,4.0207014,-200.0,-200.0,-200.0,6.9474263,7.117656,6.903386,4.5966806,3.7070868,-100.0,-100.0,-100.0,-100.0,-100.0
-100.0,-100.0,-100.0,-100.0,-100.0,-100.0,-100.0,-100.0,2.9818585,4.07538,1.3794228,-200.0,0.78864896,2.6726086,3.4957535,4.139161,5.2046876,6.117318,3.8048072,6.1355352,4.856242,1.905005,-100.0,-100.0,-100.0,-100.0,-100.0,-100.0,-100.0,-100.0,-100.0,-100.0,-100.0,-100.0,-100.0,-100.0,7.4343166,6.0923185,7.1790223,7.3482485,8.911612,5.988931,8.638714,8.643771,6.9997573,8.342622,7.5015283,8.021475,8.052582,8.208768,6.0274553,7.693242,5.9540186,6.954666,6.39065,6.626878,6.281893,1.6408763,5.9209924,6.7688093,2.4944978,6.5845575,7.536128,6.572978,2.2915292,5.4703636,6.744134,6.366471,4.7371,6.427018,5.84129,1.8262722,4.940354,3.8896148,4.83663,4.5436673,4.255734,4.1164994,4.4704895,4.8836503,2.8758316,4.064331,4.139648,4.62916,0.9154538,2.7313545,2.685444,3.821886,6.686689,6.322809,3.7758431,7.769768,4.381072,-200.0,-100.0,-100.0,-100.0,-100.0,-100.0
-100.0,-100.0,-100.0,-100.0,-100.0,-100.0,-100.0,-100.0,-100.0,-200.0,-100.0,-100.0,-100.0,0.28078255,3.0818217,4.075123,5.787192,5.2881923,6.813182,5.4237695,-200.0,-100.0,-100.0,-100.0,-100.0,-100.0,-100.0,-100.0,-100.0,-100.0,-100.0,-100.0,-100.0,-100.0,-100.0,7.537673,6.9057403,7.116803,7.1607614,9.168405,8.671631,8.883137,7.208697,8.8515625,6.900865,7.3880687,8.4017725,7.8498473,8.299189,6.4307957,6.30448,1.4438864,7.7710333,7.0563917,6.5961237,4.945345,6.3702855,6.000306,1.8403766,5.621927,6.3358946,6.506135,4.7993,4.5658226,6.927265,5.7818832,6.00018,6.5050807,4.3735294,4.817926,5.8347406,2.6618009,3.4013119,5.3619914,3.1090875,3.530974,4.4707327,4.0839186,4.126305,4.261334,4.608428,4.0824757,2.4322414,5.022876,5.369895,3.2033138,4.282222,0.8814563,5.2222786,4.026255,1.3971522,7.3132105,0.1418476,-100.0,-100.0,-100.0,-100.0,-100.0,-100.0
-100.0,-100.0,-100.0,-100.0,-100.0,-100.0,-100.0,-100.0,-100.0,-100.0,-100.0,-100.0,-100.0,-100.0,1.4476625,3.8994818,3.8091264,2.8367808,-200.0,-200.0,-100.0,-100.0,-100.0,-100.0,-100.0,-100.0,-100.0,-100.0,-100.0,-100.0,-100.0,-100.0,-100.0,-100.0,2.5593748,5.4399557,7.7410607,6.6198864,6.7379093,7.1865296,5.220456,8.780997,8.93616,7.815531,7.468036,8.654644,6.7901645,1.8843988,8.524066,7.197966,4.8383727,6.631747,3.497819,7.330087,6.895335,6.619828,4.3348584,5.9533806,6.053972,5.187104,6.290569,5.960223,5.2390943,5.305105,2.5207112,7.1072125,2.3736446,2.587104,5.4684243,2.878564,4.067495,5.782318,3.0377018,2.0779595,3.6490557,3.5972736,4.792982,3.9694266,4.5388384,4.703329,4.275603,4.269106,4.5248237,3.1244833,-200.0,-100.0,-100.0,6.7789974,7.668533,4.676072,0.31179017,7.347516,-200.0,-100.0,-100.0,-100.0,-100.0,-100.0,-100.0
-100.0,-100.0,-100.0,-100.0,-100.0,-100.0,-100.0,-100.0,-100.0,-100.0,-100.0,-100.0,-100.0,-100.0,-100.0,2.5363133,3.0768669,-200.0,-100.0,-100.0,-100.0,-100.0,-100.0,-100.0,-100.0,-100.0,-100.0,-100.0,-100.0,-100.0,-100.0,-100.0,-100.0,7.5447,6.652806,7.4438815,7.8814545,6.23403,7.156346,7.3147044,6.385628,6.885555,4.4929304,8.861388,6.932798,9.204602,8.200997,2.9895144,6.691201,7.8249984,8.177105,7.3714375,7.8990602,7.195431,6.7738833,5.754092,7.6833124,5.1954083,4.4481416,5.2950296,4.6273685,5.1908317,5.7775574,6.8244267,2.2905579,2.6120706,1.6511292,6.6882324,2.825256,3.2010746,3.328006,2.403149,4.371976,5.349426,5.4034147,4.4715366,4.2389245,4.5807395,2.9661803,4.126908,3.6277094,3.3101134,4.3905725,-100.0,-100.0,-100.0,-100.0,-100.0,8.034886,8.4346485,8.3232975,7.6496058,-100.0,-100.0,-100.0,-100.0,-100.0,-100.0,-100.0
-100.0,-100.0,-100.0,-100.0,-100.0,-100.0,-100.0,-100.0,-100.0,-100.0,-100.0,-100.0,-100.0,-100.0,-100.0,-100.0,-100.0,-100.0,-100.0,-100.0,-100.0,-100.0,-100.0,-100.0,-100.0,-100.0,-100.0,-100.0,-100.0,-100.0,6.844361,8.730108,8.38257,8.0908165,7.5089173,5.614291,8.281182,6.127006,6.8283863,-100.0,-100.0,-100.0,-100.0,-100.0,-100.0,6.8599296,7.7463026,7.8108845,9.062495,1.2379171,7.6944823,3.2457001,7.5675735,6.9878845,2.3866973,5.6046987,1.6770777,7.684684,6.756067,5.4771833,6.2612104,4.312859,6.0076995,5.301596,5.5733414,5.0278993,5.4387174,1.3445069,1.5962043,3.15301,5.3545814,4.4225764,3.6415658,3.4235148,2.5828967,4.662969,4.958166,4.3925757,4.879176,3.299062,3.826591,-200.0,-100.0,-100.0,-100.0,-100.0,-100.0,-100.0,0.18833862,8.216381,7.4287205,-200.0,-100.0,-100.0,-100.0,-100.0,-100.0,-100.0,-100.0
-100.0,-100.0,-100.0,-100.0,-100.0,-100.0,-100.0,-100.0,-100.0,-100.0,-100.0,-100.0,-100.0,-100.0,-100.0,-100.0,-100.0,-100.0,-100.0,-100.0,-100.0,-100.0,-100.0,-100.0,-100.0,-100.0,-100.0,-100.0,9.599225,10.5877495,7.927621,6.9444456,8.495795,7.8247695,8.835609,8.784764,5.8503337,8.2497225,6.2945013,-100.0,-100.0,-100.0,-100.0,-100.0,-100.0,9.532529,7.8469515,8.468239,6.1333604,7.843171,8.218936,7.175599,6.839694,6.786425,7.091713,4.605929,5.661111,7.041464,6.9873357,6.636667,7.032102,6.233482,5.8935604,5.4089565,6.2243934,2.7874827,6.707284,4.6403956,4.313168,6.46908,2.1037943,3.691776,5.90248,2.94098,3.8315883,5.0113006,2.9603984,4.57072,3.3932154,0.13933045,-200.0,-100.0,-100.0,-100.0,-100.0,-100.0,-100.0,-100.0,-100.0,-100.0,4.770139,-100.0,-100.0,-100.0,-100.0,-100.0,-100.0,-100.0,-100.0
-100.0,-100.0,-100.0,-100.0,-100.0,-100.0,-100.0,-100.0,-100.0,-100.0,-100.0,-100.0,-100.0,-100.0,-100.0,-100.0,-100.0,-100.0,-100.0,-100.0,-100.0,-100.0,-100.0,-100.0,-100.0,-100.0,-100.0,7.137654,9.459517,9.804062,9.146596,7.9650908,6.815052,7.838182,8.935092,5.7183185,8.333454,7.662951,-200.0,-100.0,-100.0,-100.0,-100.0,-100.0,-100.0,7.647093,9.870671,6.021201,8.84201,5.462965,7.423878,4.691291,6.918709,7.4708905,7.6356144,7.0489306,4.748838,6.486172,7.0428348,4.246508,5.2137637,-200.0,6.932258,4.8885527,6.2938323,6.7081127,2.9726968,6.6240544,1.7271094,5.6391606,6.3752255,3.5641193,1.8590307,5.1448402,5.540115,4.184123,3.723909,3.7339878,2.835249,2.2301366,-100.0,-100.0,-100.0,-100.0,-100.0,-100.0,-100.0,-100.0,-100.0,-100.0,-100.0,-100.0,-100.0,-100.0,-100.0,-100.0,-100.0,-100.0,-100.0
-100.0,-100.0,-100.0,-100.0,-100.0,-100.0,-100.0,-100.0,-100.0,-100.0,-100.0,-100.0,-100.0,-100.0,-100.0,-100.0,-100.0,-100.0,-100.0,-100.0,-100.0,-100.0,-100.0,-100.0,-100.0,-100.0,1.9838938,11.28082,8.491564,5.9598284,7.0112524,7.0383496,6.315549,7.7069674,6.9319496,7.7522078,6.3930516,5.627522,-100.0,-100.0,-100.0,-100.0,-100.0,-100.0,-100.0,2.4031549,8.75692,3.9357781,2.6877453,6.9414907,6.734626,7.72992,6.5242476,7.78775,7.477697,7.582025,6.880888,7.5176477,7.1048217,7.5781565,2.1792266,6.562359,2.611145,3.6946435,5.107024,2.8985372,5.224172,5.6373725,4.392994,6.402399,3.9093347,5.361033,3.694134,5.1673036,3.9069498,4.986393,4.7382197,3.1699002,-200.0,-100.0,-100.0,-100.0,-100.0,-100.0,-100.0,-100.0,-100.0,-100.0,-100.0,-100.0,-100.0,-100.0,-100.0,-100.0,-100.0,-100.0,-100.0,-100.0,-100.0
-100.0,-100.0,-100.0,-100.0,-100.0,-100.0,-100.0,-100.0,-100.0,-100.0,-100.0,-100.0,-100.0,-100.0,-100.0,-100.0,-100.0,-100.0,-100.0,-100.0,-100.0,-100.0,-100.0,-100.0,-100.0,-100.0,10.127337,6.8047853,9.443508,6.900426,7.56697,6.425913,5.155553,6.968999,5.5162144,8.324696,5.0589285,-200.0,-100.0,-100.0,-100.0,-100.0,-100.0,-100.0,-100.0,2.4608276,9.169586,8.238744,-200.0,6.131421,7.2787747,8.756663,8.369375,7.373006,6.502507,3.834342,1.655079,7.147811,7.473311,7.6869197,7.472348,7.302495,4.440121,8.046365,2.2301764,5.688815,4.8648686,1.7379712,5.993527,6.339058,6.4207883,6.5057397,3.9514732,4.325622,3.877753,4.5754375,5.3711147,-200.0,-100.0,-100.0,-100.0,-100.0,-100.0,-100.0,-100.0,-100.0,-100.0,-100.0,-100.0,-100.0,-100.0,-100.0,-100.0,-100.0,-100.0,-100.0,-100.0,-100.0,-100.0
-100.0,-100.0,-100.0,-100.0,-100.0,-100.0,-100.0,-100.0,-100.0,-100.0,-100.0,-100.0,-100.0,-100.0,-100.0,-100.0,-100.0,-100.0,-100.0,-100.0,-100.0,-100.0,-100.0,-100.0,12.475088,8.329378,12.708524,6.9258704,6.6906147,8.951697,6.485815,6.5091887,6.3380213,8.882775,4.9451356,-200.0,-100.0,-100.0,-100.0,-100.0,-100.0,-100.0,-100.0,-100.0,-100.0,7.39332,8.752705,6.23401,3.084363,7.0256457,7.795608,8.548273,4.7139235,7.0388885,6.155362,6.4065537,6.662661,2.3185587,6.4597673,7.8313713,6.270213,7.3946958,6.915541,0.62269866,1.2996387,7.6473722,7.4644017,6.009175,6.827872,6.847395,6.191731,4.7018476,3.9852705,5.428742,3.838529,4.0369124,-200.0,-100.0,-100.0,-100.0,-100.0,-100.0,-100.0,-100.0,-100.0,-100.0,-100.0,-100.0,-100.0,-100.0,-100.0,-100.0,-100.0,-100.0,-100.0,-100.0,-100.0,-100.0,-100.0
-100.0,-100.0,-100.0,-100.0,-100.0,-100.0,-100.0,-100.0,-100.0,-100.0,-100.0,-100.0,-100.0,-100.0,-100.0,-100.0,-100.0,-100.0,-100.0,-100.0,-100.0,-100.0,1.179827,6.7148113,14.540525,14.746713,8.159282,8.772513,11.908769,6.307878,7.8402743,-200.0,-200.0,-100.0,-100.0,-100.0,-100.0,-100.0,-100.0,-100.0,-100.0,-100.0,-100.0,-100.0,7.367928,7.705939,7.844955,7.045209,8.527313,7.0586085,7.773173,6.6716228,7.183174,8.144721,7.5639887,6.55261,4.2109513,7.424383,6.844234,7.3384943,8.736367,2.272943,6.77825,7.620925,7.6183825,2.9505506,6.5369687,3.4610167,6.8679385,6.660765,3.5896912,6.787366,3.692747,5.5478463,1.5909435,-200.0,-100.0,-100.0,-100.0,-100.0,-100.0,-100.0,-100.0,-100.0,-100.0,-100.0,-100.0,-100.0,-100.0,-100.0,-100.0,-100.0,-100.0,-100.0,-100.0,-100.0,-100.0,-100.0,-100.0
-100.0,-100.0,-100.0,-100.0,-100.0,-100.0,-100.0,-100.0,-100.0,-100.0,-100.0,-100.0,-100.0,-100.0,-100.0,-100.0,-100.0,-100.0,-100.0,-100.0,-100.0,10.183308,6.4562254,8.036952,12.917104,9.575269,12.183733,9.787677,8.543548,-200.0,-100.0,-100.0,-100.0,-100.0,-100.0,-100.0,-100.0,-100.0,-100.0,-100.0,-100.0,-100.0,-100.0,-100.0,8.337695,7.563739,8.518026,8.400559,6.5909195,8.2896185,6.400923,2.7336946,7.2977743,6.509477,7.197635,6.7305913,8.225696,7.7966843,7.741457,7.1845303,7.176157,6.558419,7.943511,2.4323585,7.1651354,6.1543674,8.492336,3.2987397,6.234954,5.6323786,3.1717808,6.069668,4.088049,5.719438,2.61875,-100.0,-100.0,-100.0,-100.0,-100.0,-100.0,-100.0,-100.0,-100.0,-100.0,-100.0,-100.0,-100.0,-100.0,-100.0,-100.0,-100.0,-100.0,-100.0,-100.0,-100.0,-100.0,-100.0,-100.0
-100.0,-100.0,-100.0,-100.0,-100.0,-100.0,-100.0,-100.0,-100.0,-100.0,-100.0,-100.0,-100.0,-100.0,-100.0,-100.0,-100.0,-100.0,-100.0,-100.0,8.198076,9.011557,10.907067,9.475065,15.00029,11.641922,10.418475,8.777732,-100.0,-100.0,-100.0,-100.0,-100.0,-100.0,-100.0,-100.0,-100.0,-100.0,-100.0,-100.0,-100.0,-100.0,-100.0,6.6229835,4.912012,3.91989,6.770657,7.0998282,6.603944,7.8987465,7.727905,7.4341545,7.3431,7.6373982,8.538876,7.4599543,8.24336,3.5764701,7.131117,8.259034,6.7826285,7.372398,8.313932,7.712067,6.483111,1.77471,3.1236973,7.102123,7.3619766,5.9823947,3.7980683,6.6094737,5.7635436,5.7247024,-100.0,-100.0,-100.0,-100.0,-100.0,-100.0,-100.0,-100.0,-100.0,-100.0,-100.0,-100.0,-100.0,-100.0,-100.0,-100.0,-100.0,-100.0,-100.0,-100.0,-100.0,-100.0,-100.0,-100.0,-100.0
-100.0,-100.0,-100.0,-100.0,-100.0,-100.0,-100.0,-100.0,-100.0,-100.0,-100.0,-100.0,-100.0,-100.0,-100.0,-100.0,-100.0,-100.0,7.031209,1.625,13.446238,12.852551,6.7939525,7.744395,12.306125,8.0853195,9.851045,-100.0,-100.0,-100.0,-100.0,-100.0,-100.0,-100.0,-100.0,-100.0,-100.0,-100.0,-100.0,-100.0,-100.0,7.291844,6.251815,5.9401064,6.65315,2.94284,3.067907,4.5590053,6.657181,6.451923,5.3499403,7.0641136,7.5733876,8.899619,7.3575506,7.4990277,4.0023623,8.2190275,7.2762775,7.5462813,8.559539,2.6200027,7.3613615,5.9012575,9.3174925,2.7332501,7.4149575,7.6283245,7.371455,5.3015475,5.7826114,6.881314,-200.0,-100.0,-100.0,-100.0,-100.0,-100.0,-100.0,-100.0,-100.0,-100.0,-100.0,-100.0,-100.0,-100.0,-100.0,-100.0,-100.0,-100.0,-100.0,-100.0,-100.0,-100.0,-100.0,-100.0,-100.0,-100.0,-100.0
-100.0,-100.0,-100.0,-100.0,-100.0,-100.0,-100.0,-100.0,-100.0,-100.0,-100.0,-100.0,-100.0,-100.0,-100.0,-100.0,-100.0,3.7460907,7.846056,13.339428,7.6151605,8.039342,7.88663,6.4931917,10.8817005,10.720781,10.145519,-100.0,-100.0,-100.0,-100.0,-100.0,-100.0,-100.0,-100.0,-100.0,-100.0,-100.0,-100.0,-100.0,-100.0,6.7052884,7.6484456,6.701956,4.4916058,7.446245,6.2854295,6.5194173,1.181624,4.1162863,8.4512005,8.42138,7.555025,7.435506,8.020641,7.9745526,7.3897977,8.345978,8.280015,8.03841,8.853777,7.9430013,8.606505,5.205258,7.1296635,8.075884,8.231971,5.506224,5.496913,5.8118825,6.4915695,2.3598697,-100.0,-100.0,-100.0,-100.0,-100.0,-100.0,-100.0,-100.0,-100.0,-100.0,-100.0,-100.0,-100.0,-100.0,-100.0,-100.0,-100.0,-100.0,-100.0,-100.0,-100.0,-100.0,-100.0,-100.0,-100.0,-100.0,-100.0
-100.0,-100.0,-100.0,-100.0,-100.0,-100.0,-100.0,-100.0,-100.0,-100.0,-100.0,-100.0,-100.0,-100.0,-100.0,-100.0,-100.0,-100.0,-100.0,8.35564,7.6776047,11.668125,6.4538507,7.6478763,10.366842,13.995684,21.809671,22.835108,-100.0,-100.0,-100.0,-100.0,-100.0,-100.0,-100.0,-100.0,-100.0,-100.0,-100.0,4.022251,-100.0,7.694635,7.5304284,3.9727445,6.5696573,6.70101,-200.0,-100.0,-100.0,-100.0,-100.0,-100.0,-100.0,-100.0,8.333791,7.8313775,8.263732,8.469216,8.553953,8.244003,1.778334,4.9586024,6.7567573,8.496226,8.773359,7.3205004,8.483435,6.894058,7.961969,6.2491884,1.1274719,-100.0,-100.0,-100.0,-100.0,-100.0,-100.0,-100.0,-100.0,-100.0,-100.0,-100.0,-100.0,-100.0,-100.0,-100.0,-100.0,-100.0,-100.0,-100.0,-100.0,-100.0,-100.0,-100.0,-100.0,-100.0,-100.0,-100.0,-100.0
-100.0,-100.0,-100.0,-100.0,-100.0,-100.0,-100.0,-100.0,-100.0,-100.0,-100.0,-100.0,-100.0,-100.0,-100.0,-100.0,-100.0,-100.0,-100.0,-100.0,8.98859,12.368325,9.293684,5.1676664,12.578742,15.20198,11.588122,16.66944,2.6397932,-100.0,-100.0,-100.0,-100.0,-100.0,10.166332,11.479312,8.994593,9.086365,7.54398,7.1143737,8.719958,4.7323833,7.052382,4.9105015,7.436853,5.9274464,-100.0,-100.0,-100.0,-100.0,-100.0,-100.0,-100.0,-100.0,9.173825,8.829793,5.0177464,7.589295,2.9619694,8.019367,7.7778635,8.129234,7.8771715,8.444853,7.560821,4.505925,2.0674956,1.1415387,7.085584,1.6275092,6.0458155,-100.0,-100.0,-100.0,-100.0,-100.0,-100.0,-100.0,-100.0,-100.0,-100.0,-100.0,-100.0,-100.0,-100.0,-100.0,-100.0,-100.0,-100.0,-100.0,-100.0,-100.0,-100.0,-100.0,-100.0,-100.0,-100.0,-100.0,-100.0
-100.0,-100.0,-100.0,-100.0,-100.0,-100.0,-100.0,-100.0,-100.0,-100.0,-100.0,-100.0,-100.0,-100.0,-100.0,-100.0,-100.0,-100.0,-100.0,-100.0,-100.0,10.684268,11.56921,3.7110314,9.53539,5.7282476,10.533193,11.926672,13.977216,2.706248,-100.0,-100.0,-100.0,2.110963,5.578039,7.2037416,11.737526,7.6292434,7.6157126,7.793341,7.3608146,7.521568,5.7391243,7.346594,-200.0,-100.0,-100.0,-100.0,-100.0,-100.0,-100.0,-100.0,-100.0,-100.0,0.32427984,8.439218,8.720943,8.94591,8.610825,7.2057967,9.322282,2.4139023,7.4448624,5.8590612,8.922933,8.604478,8.560168,7.875692,2.426151,4.0792637,0.8277005,-100.0,-100.0,-100.0,-100.0,-100.0,-100.0,-100.0,-100.0,-100.0,-100.0,-100.0,-100.0,-100.0,-100.0,-100.0,-100.0,-100.0,-100.0,-100.0,-100.0,-100.0,-100.0,-100.0,-100.0,-100.0,-100.0,-100.0,-100.0
-100.0,-100.0,-100.0,-100.0,-100.0,-100.0,-100.0,-100.0,-100.0,-100.0,-100.0,-100.0,-100.0,-100.0,-100.0,-100.0,-100.0,-100.0,-100.0,-100.0,-100.0,7.185327,6.7673745,9.702102,11.829558,13.531462,9.394795,10.302034,8.369298,9.348755,1.3513492,13.570228,6.9855323,9.522419,8.274413,10.009654,5.4889326,4.563799,7.784912,8.492079,5.3315506,5.5768332,-200.0,-100.0,-100.0,-100.0,-100.0,-100.0,-100.0,-100.0,-100.0,-100.0,-100.0,-100.0,-100.0,-100.0,9.3606205,9.264453,9.027947,5.543687,1.3488153,8.487748,7.5091324,6.2403817,5.5285087,7.9704585,7.5805645,6.4682617,7.9455,6.398099,3.3957174,-100.0,-100.0,-100.0,-100.0,-100.0,-100.0,-100.0,-100.0,-100.0,-100.0,-100.0,-100.0,-100.0,-100.0,-100.0,-100.0,-100.0,-100.0,-100.0,-100.0,-100.0,-100.0,-100.0,-100.0,-100.0,-100.0,-100.0,-100.0
-100.0,-100.0,-100.0,-100.0,-100.0,-100.0,-100.0,-100.0,-100.0,-100.0,-100.0,-100.0,-100.0,-100.0,-100.0,-100.0,-100.0,-100.0,-100.0,-100.0,-100.0,-100.0,-100.0,9.598695,10.969539,3.5984666,10.162941,7.914196,11.634769,9.679812,14.207135,13.197443,5.5613036,12.050622,8.392086,9.912748,8.28933,8.874267,4.3099017,8.141805,6.3630357,6.5921035,-100.0,-100.0,-100.0,-100.0,-100.0,-100.0,-100.0,-100.0,-100.0,-100.0,-100.0,-100.0,-100.0,-100.0,-100.0,1.5569066,7.2600365,9.925835,8.350475,8.246562,7.9092503,5.154017,7.909147,6.004929,8.394571,2.434947,6.7643414,7.3636336,2.8914633,6.067718,1.8499167,-100.0,-100.0,-100.0,-100.0,-100.0,-100.0,-100.0,-100.0,-100.0,-100.0,-100.0,-100.0,-100.0,-100.0,-100.0,-100.0,-100.0,-100.0,-100.0,-100.0,-100.0,-100.0,-100.0,-100.0,-100.0,-100.0
-100.0,-100.0,-100.0,-100.0,-100.0,-100.0,-100.0,-100.0,-100.0,-100.0,-100.0,-100.0,-100.0,-100.0,-100.0,-100.0,-100.0,-100.0,-100.0,-100.0,-100.0,-100.0,-100.0,-100.0,8.474822,11.927011,9.543116,4.6265545,7.4026895,14.3137455,5.8166394,14.662819,7.5250463,11.528713,8.3582,9.369296,8.103431,8.041245,8.628839,7.1904483,6.9825826,5.854454,-100.0,-100.0,-100.0,-100.0,-100.0,-100.0,-100.0,-100.0,-100.0,-100.0,-100.0,-100.0,-100.0,-100.0,-100.0,0.68532073,10.199731,9.924405,9.463985,7.6029077,1.574362,6.8764534,6.7870007,0.7558808,3.4206793,7.595135,6.0076165,7.0355415,5.651507,2.8051374,5.6138797,5.344828,-100.0,-100.0,-100.0,-100.0,-100.0,-100.0,-100.0,-100.0,-100.0,-100.0,-100.0,-100.0,-100.0,-100.0,-100.0,-100.0,-100.0,-100.0,-100.0,-100.0,-100.0,-100.0,-100.0,-100.0,-100.0
-100.0,-100.0,-100.0,-100.0,-100.0,-100.0,-100.0,-100.0,-100.0,-100.0,-100.0,-100.0,-100.0,-100.0,-100.0,-100.0,-100.0,-100.0,-100.0,-100.0,-100.0,-100.0,-100.0,-100.0,-100.0,-100.0,3.1381574,11.619969,14.507628,12.905453,14.308797,6.4287267,6.0916295,11.120949,5.905083,4.9265604,8.840216,8.977648,6.5949793,7.4256835,7.4254026,5.7987328,-100.0,-100.0,-100.0,-100.0,-100.0,-100.0,-100.0,-100.0,-100.0,-100.0,-100.0,-100.0,-100.0,-100.0,-100.0,7.8105474,5.1660237,5.580905,9.762229,9.179194,9.033651,5.2710724,6.740005,7.6325917,6.950112,3.7571409,3.6680763,5.7563214,6.0225945,2.405265,6.1851845,5.8620677,0.4558571,-100.0,-100.0,-100.0,-100.0,-100.0,-100.0,-100.0,-100.0,-100.0,-100.0,-100.0,-100.0,-100.0,-100.0,-100.0,-100.0,-100.0,-100.0,-100.0,-100.0,-100.0,-100.0,-100.0,-100.0
-100.0,-100.0,-100.0,-100.0,-100.0,-100.0,-100.0,-100.0,-100.0,-100.0,-100.0,-100.0,-100.0,-100.0,-100.0,-100.0,-100.0,-100.0,-100.0,-100.0,-100.0,-100.0,-100.0,-100.0,-100.0,-100.0,-100.0,-100.0,4.1749253,11.1329,13.843778,11.6739435,8.707635,11.131087,9.6836,8.860641,7.7840233,6.8540053,7.422636,6.331993,6.8254557,7.7725887,-100.0,-100.0,-100.0,-100.0,-100.0,-100.0,-100.0,-100.0,-100.0,-100.0,-100.0,-100.0,-100.0,-100.0,-100.0,9.885378,7.7829194,1.8305215,8.47382,8.352888,9.796549,3.1190605,6.866741,3.2161822,7.029903,6.756472,6.389332,7.1652803,2.623546,5.225222,5.9245367,2.6925488,0.058242187,0.007979431,-100.0,-100.0,-100.0,-100.0,-100.0,-100.0,-100.0,-100.0,-100.0,-100.0,-100.0,-100.0,-100.0,-100.0,-100.0,-100.0,-100.0,-100.0,-100.0,-100.0,-100.0,-100.0,-100.0
-100.0,-100.0,-100.0,-100.0,-100.0,-100.0,-100.0,-100.0,-100.0,-100.0,-100.0,-100.0,-100.0,-100.0,-100.0,-100.0,-100.0,-100.0,-100.0,-100.0,-100.0,-100.0,-100.0,-100.0,-100.0,-100.0,-100.0,-100.0,-100.0,-100.0,10.608622,6.3344665,7.0542364,10.006139,7.891468,9.421287,6.4204,5.951457,7.964574,7.15242,7.044912,4.7872257,6.5581374,6.9679875,-100.0,-100.0,-100.0,-100.0,-100.0,-100.0,-100.0,-100.0,-100.0,-100.0,-100.0,-100.0,-100.0,1.6582317,10.7547,9.692223,8.1452875,7.6589217,9.403256,7.803657,6.698545,8.185774,7.3474836,5.143467,2.685945,5.7468824,2.6215243,2.612639,-200.0,-200.0,-100.0,-100.0,-100.0,-100.0,-100.0,-100.0,-100.0,-100.0,-100.0,-100.0,-100.0,-100.0,-100.0,-100.0,-100.0,-100.0,-100.0,-100.0,-100.0,-100.0,-100.0,-100.0,-100.0,-100.0,-100.0
-100.0,-100.0,-100.0,-100.0,-100.0,-100.0,-100.0,-100.0,-100.0,-100.0,-100.0,-100.0,-100.0,-100.0,-100.0,-100.0,-100.0,-100.0,-100.0,-100.0,-100.0,-100.0,-100.0,-100.0,-100.0,-100.0,-100.0,-100.0,-100.0,-100.0,-100.0,-100.0,10.351342,8.207029,7.8023252,7.187731,7.4336243,3.9941695,7.656698,5.215554,7.251193,7.0028253,4.0253153,6.4707394,8.453474,0.22006118,-100.0,-100.0,-100.0,-100.0,-100.0,-100.0,-100.0,-100.0,-100.0,7.4077873,5.7042665,9.9232855,1.4039383,4.3128643,10.177673,8.521683,8.57135,6.6581955,7.115966,7.519827,6.8285003,7.496817,3.7087855,2.1861582,-200.0,-100.0,-100.0,-100.0,-100.0,-100.0,-100.0,-100.0,-100.0,-100.0,-100.0,-100.0,-100.0,-100.0,-100.0,-100.0,-100.0,-100.0,-100.0,-100.0,-100.0,-100.0,-100.0,-100.0,-100.0,-100.0,-100.0,-100.0,-100.0
-100.0,-100.0,-100.0,-100.0,-100.0,-100.0,-100.0,-100.0,-100.0,-100.0,-100.0,-100.0,-100.0,-100.0,-100.0,-100.0,-100.0,-100.0,-100.0,-100.0,-100.0,-100.0,-100.0,-100.0,-100.0,-100.0,-100.0,-100.0,-100.0,-100.0,-100.0,-100.0,-100.0,7.9592485,8.498014,7.674472,7.3279266,5.764204,6.0740743,6.8800535,6.4463387,8.207233,2.3411474,6.7582555,7.7015595,10.709095,-100.0,-100.0,-100.0,-100.0,-100.0,-100.0,-100.0,-100.0,12.541041,12.319603,11.010941,3.4394612,8.754577,2.3340023,7.4838867,8.078938,9.8577585,8.763091,2.9833372,5.1116734,5.586256,2.5124352,1.9468224,-100.0,-100.0,-100.0,-100.0,-100.0,-100.0,-100.0,-100.0,-100.0,-100.0,-100.0,-100.0,-100.0,-100.0,-100.0,-100.0,-100.0,-100.0,-100.0,-100.0,-100.0,-100.0,-100.0,-100.0,-100.0,-100.0,-100.0,-100.0,-100.0,-100.0
-100.0,-100.0,-100.0,-100.0,-100.0,-100.0,-100.0,-100.0,-100.0,-100.0,-100.0,-100.0,-100.0,-100.0,-100.0,-100.0,-100.0,-100.0,-100.0,-100.0,-100.0,-100.0,-100.0,-100.0,-100.0,-100.0,-100.0,-100.0,-100.0,-100.0,-100.0,-100.0,-100.0,-100.0,-100.0,-100.0,7.3744116,4.142273,7.0847974,7.0063553,6.9715037,2.8149123,8.800071,8.6037445,7.3038635,6.872558,-0.01625,15.299951,0.024343567,-100.0,-100.0,-100.0,-100.0,-100.0,9.884609,11.07201,10.351638,8.9478445,6.366633,4.7393594,-200.0,-200.0,-100.0,-200.0,-200.0,1.5403597,-200.0,-200.0,-100.0,-100.0,-100.0,-100.0,-100.0,-100.0,-100.0,-100.0,-100.0,-100.0,-100.0,-100.0,-100.0,-100.0,-100.0,-100.0,-100.0,-100.0,-100.0,-100.0,-100.0,-100.0,-100.0,-100.0,-100.0,-100.0,-100.0,-100.0,-100.0,-100.0,-100.0
-100.0,-100.0,-100.0,-100.0,-100.0,-100.0,-100.0,-100.0,-100.0,-100.0,-100.0,-100.0,-100.0,-100.0,-100.0,-100.0,-100.0,-100.0,-100.0,-100.0,-100.0,-100.0,-100.0,-100.0,-100.0,-100.0,-100.0,-100.0,-100.0,-100.0,-100.0,-100.0,-100.0,-100.0,-100.0,-100.0,-100.0,-100.0,-100.0,6.514528,0.3237558,6.4702168,3.6641428,5.187013,8.36354,7.110816,12.788803,13.78377,7.1342363,13.38354,10.594227,9.407382,12.029999,8.879176,3.0957632,6.4421086,2.1660426,1.0574545,-200.0,-200.0,-100.0,-100.0,-100.0,-100.0,-100.0,-100.0,-100.0,-100.0,-100.0,-100.0,-100.0,-100.0,-100.0,-100.0,-100.0,-100.0,-100.0,-100.0,-100.0,-100.0,-100.0,-100.0,-100.0,-100.0,-100.0,-100.0,-100.0,-100.0,-100.0,-100.0,-100.0,-100.0,-100.0,-100.0,-100.0,-100.0,-100.0,-100.0,-100.0
-100.0,-100.0,-100.0,-100.0,-100.0,-100.0,-100.0,-100.0,-100.0,-100.0,-100.0,-100.0,-100.0,-100.0,-100.0,-100.0,-100.0,-100.0,-100.0,-100.0,-100.0,-100.0,-100.0,-100.0,-100.0,-100.0,-100.0,-100.0,-100.0,-100.0,-100.0,-100.0,-100.0,-100.0,-100.0,-100.0,-100.0,-100.0,-100.0,-100.0,-100.0,-100.0,-100.0,-100.0,-100.0,-100.0,-200.0,7.877417,10.049015,9.827191,-200.0,-0.01625,4.966763,10.7646675,9.59853,1.8175895,9.258264,-0.01625,-200.0,-100.0,-100.0,-100.0,-100.0,-100.0,-100.0,-100.0,-100.0,-100.0,-100.0,-100.0,-100.0,-100.0,-100.0,-100.0,-100.0,-100.0,-100.0,-100.0,-100.0,-100.0,-100.0,-100.0,-100.0,-100.0,-100.0,-100.0,-100.0,-100.0,-100.0,-100.0,-100.0,-100.0,-100.0,-100.0,-100.0,-100.0,-100.0,-100.0,-100.0
-100.0,-100.0,-100.0,-100.0,-100.0,-100.0,-100.0,-100.0,-100.0,-100.0,-100.0,-100.0,-100.0,-100.0,-100.0,-100.0,-100.0,-100.0,-100.0,-100.0,-100.0,-100.0,-100.0,-100.0,-100.0,-100.0,-100.0,-100.0,-100.0,-100.0,-100.0,-100.0,-100.0,-100.0,-100.0,-100.0,-100.0,-100.0,-100.0,-100.0,-100.0,-100.0,-100.0,-100.0,-100.0,-100.0,-100.0,-100.0,-100.0,-100.0,-100.0,-100.0,-100.0,-200.0,-100.0,-100.0,-100.0,-100.0,-100.0,-100.0,-100.0,-100.0,-100.0,-100.0,-100.0,-100.0,-100.0,-100.0,-100.0,-100.0,-100.0,-100.0,-100.0,-100.0,-100.0,-100.0,-100.0,-100.0,-100.0,-100.0,-100.0,-100.0,-100.0,-100.0,-100.0,-100.0,-100.0,-100.0,-100.0,-100.0,-100.0,-100.0,-100.0,-100.0,-100.0,-100.0,-100.0,-100.0,-100.0
-100.0,-100.0,-100.0,-100.0,-100.0,-100.0,-100.0,-100.0,-100.0,-100.0,-100.0,-100.0,-100.0,-100.0,-100.0,-100.0,-100.0,-100.0,-100.0,-100.0,-100.0,-100.0,-100.0,-100.0,-100.0,-100.0,-100.0,-100.0,-100.0,-100.0,-100.0,-100.0,-100.0,-100.0,-100.0,-100.0,-100.0,-100.0,-100.0,-100.0,-100.0,-100.0,-100.0,-100.0,-100.0,-100.0,-100.0,-100.0,-100.0,-100.0,-100.0,-100.0,-100.0,-100.0,-100.0,-100.0,-100.0,-100.0,-100.0,-100.0,-100.0,-100.0,-100.0,-100.0,-100.0,-100.0,-100.0,-100.0,-100.0,-100.0,-100.0,-100.0,-100.0,-100.0,-100.0,-100.0,-100.0,-100.0,-100.0,-100.0,-100.0,-100.0,-100.0,-100.0,-100.0,-100.0,-100.0,-100.0,-100.0,-100.0,-100.0,-100.0,-100.0,-100.0,-100.0,-100.0,-100.0,-100.0,-100.0
-100.0,-100.0,-100.0,-100.0,-100.0,-100.0,-100.0,-100.0,-100.0,-100.0,-100.0,-100.0,-100.0,-100.0,-100.0,-100.0,-100.0,-100.0,-100.0,-100.0,-100.0,-100.0,-100.0,-100.0,-100.0,-100.0,-100.0,-100.0,-100.0,-100.0,-100.0,-100.0,-100.0,-100.0,-100.0,-100.0,-100.0,-100.0,-100.0,-100.0,-100.0,-100.0,-100.0,-100.0,-100.0,-100.0,-100.0,-100.0,-100.0,-100.0,-100.0,-100.0,-100.0,-100.0,-100.0,-100.0,-100.0,-100.0,-100.0,-100.0,-100.0,-100.0,-100.0,-100.0,-100.0,-100.0,-100.0,-100.0,-100.0,-100.0,-100.0,-100.0,-100.0,-100.0,-100.0,-100.0,-100.0,-100.0,-100.0,-100.0,-100.0,-100.0,-100.0,-100.0,-100.0,-100.0,-100.0,-100.0,-100.0,-100.0,-100.0,-100.0,-100.0,-100.0,-100.0,-100.0,-100.0,-100.0,-100.0
