-100.0,-100.0,-100.0,-100.0,-100.0,-100.0,-100.0,-100.0,-100.0,-100.0,-100.0,-100.0,-100.0,-100.0,-100.0,-100.0,-100.0,-100.0,-100.0,-100.0,-100.0,-100.0,-100.0,-100.0,-100.0,-100.0,-100.0,-100.0,-100.0,-100.0,-100.0,-100.0,-100.0,-100.0,-100.0,-100.0,-100.0,-100.0,-100.0,-100.0,-100.0,-100.0,-100.0,-100.0,-100.0,-100.0,-100.0,-100.0,-100.0,-100.0,-100.0,-100.0,-100.0,-100.0,-100.0,-100.0,-100.0,-100.0,-100.0,-100.0,-100.0,-100.0,-100.0,-100.0,-100.0,-100.0,-100.0,-100.0,-100.0,-100.0,-100.0,-100.0,-100.0,-100.0,-100.0,-100.0,-100.0,-100.0,-100.0,-100.0,-100.0,-100.0,-100.0,-100.0,-100.0,-100.0,-100.0,-100.0,-100.0,
-100.0,-100.0,-100.0,-100.0,-100.0,-100.0,-100.0,-100.0,-100.0,-100.0,-100.0,-100.0,-100.0,-100.0,-100.0,-100.0,-100.0,-100.0,-100.0,-100.0,-100.0,-100.0,-100.0,-100.0,-100.0,-100.0,-100.0,-100.0,-100.0,-100.0,-100.0,-100.0,-100.0,-100.0,-100.0,-100.0,-100.0,-100.0,-100.0,-100.0,-100.0,-100.0,-100.0,-100.0,-100.0,-100.0,-100.0,-100.0,-100.0,-100.0,-100.0,-100.0,-100.0,-100.0,-100.0,-100.0,-100.0,-100.0,-100.0,-100.0,-100.0,-100.0,-100.0,-100.0,-100.0,-100.0,-100.0,-100.0,-100.0,-100.0,-100.0,-100.0,-100.0,-100.0,-100.0,-100.0,-100.0,-100.0,-100.0,-100.0,-100.0,-100.0,-100.0,-100.0,-100.0,-100.0,-100.0,-100.0,-100.0,
-100.0,-100.0,-100.0,-100.0,-100.0,-100.0,-100.0,-100.0,-100.0,1.4792129,7.07551,-100.0,-100.0,-100.0,-100.0,-100.0,-100.0,-100.0,-100.0,-100.0,-100.0,-100.0,-100.0,-100.0,-100.0,-100.0,-100.0,-100.0,-100.0,-100.0,-100.0,-100.0,-100.0,-100.0,-100.0,-100.0,-100.0,-100.0,-100.0,-100.0,-100.0,-100.0,-100.0,-100.0,-100.0,-100.0,-100.0,-100.0,-100.0,-100.0,-100.0,-100.0,-100.0,-100.0,-100.0,-100.0,-100.0,-100.0,-100.0,-100.0,-100.0,-100.0,-100.0,-100.0,-100.0,-100.0,-100.0,-100.0,-100.0,-100.0,-100.0,-100.0,-100.0,-100.0,-100.0,-100.0,-100.0,-100.0,-100.0,-100.0,-100.0,-100.0,-100.0,-100.0,-100.0,-100.0,-100.0,-100.0,-100.0,
-100.0,-100.0,-100.0,-100.0,-100.0,-100.0,-100.0,-100.0,-100.0,-100.0,2.3955657,-200.0,-100.0,-100.0,-100.0,-100.0,-100.0,-100.0,-100.0,-100.0,-100.0,-100.0,-100.0,-100.0,-100.0,-100.0,-100.0,-100.0,-100.0,-100.0,-100.0,-100.0,-100.0,-100.0,-100.0,-100.0,-100.0,-100.0,-100.0,-100.0,-100.0,-100.0,-100.0,-100.0,-100.0,-100.0,-100.0,-100.0,-100.0,-100.0,-100.0,-100.0,-100.0,-100.0,-100.0,-100.0,-100.0,-100.0,-100.0,-100.0,-100.0,-100.0,-100.0,-100.0,-100.0,-100.0,-100.0,-100.0,-100.0,-100.0,-100.0,-100.0,-100.0,-100.0,-100.0,-100.0,-100.0,-100.0,-100.0,-100.0,-100.0,-100.0,-100.0,-100.0,-100.0,-100.0,-100.0,-100.0,-100.0,
-100.0,-100.0,-100.0,-100.0,-100.0,-100.0,-100.0,-100.0,-0.013044434,6.3581133,6.3376775,-100.0,-100.0,-100.0,-100.0,-100.0,-100.0,-100.0,-100.0,-100.0,-100.0,-100.0,-100.0,-100.0,-100.0,-100.0,-100.0,-100.0,-100.0,-100.0,-100.0,-100.0,-100.0,-100.0,-100.0,-100.0,-100.0,-100.0,-100.0,-100.0,-100.0,-100.0,-100.0,-100.0,-100.0,-100.0,-100.0,-100.0,-100.0,-100.0,-100.0,-100.0,-100.0,-100.0,-100.0,-100.0,-100.0,-100.0,-100.0,-100.0,-100.0,-100.0,-100.0,-100.0,-100.0,-100.0,-100.0,-100.0,-100.0,-100.0,-100.0,-100.0,-100.0,-100.0,-100.0,-100.0,-100.0,-100.0,-100.0,-100.0,-100.0,-100.0,-100.0,-100.0,-100.0,-100.0,-100.0,-100.0,-100.0,
-100.0,-100.0,-100.0,-100.0,-100.0,-100.0,-100.0,-100.0,-0.010637228,7.409907,0.94033986,-100.0,-100.0,-100.0,-100.0,-100.0,-100.0,-100.0,-100.0,-100.0,-100.0,-100.0,-100.0,-100.0,-100.0,-100.0,-100.0,-100.0,-100.0,-100.0,-100.0,-100.0,-100.0,-100.0,-100.0,-100.0,-100.0,-100.0,-100.0,-100.0,-100.0,-100.0,-100.0,-100.0,-100.0,-100.0,-100.0,-100.0,-100.0,-100.0,-100.0,-100.0,-100.0,-100.0,-100.0,-100.0,-100.0,-100.0,-100.0,-100.0,-100.0,-100.0,-100.0,-100.0,-100.0,-100.0,-100.0,-100.0,-100.0,-100.0,-100.0,-100.0,-100.0,-100.0,-100.0,-100.0,-100.0,-100.0,-100.0,-100.0,-100.0,-100.0,-100.0,-100.0,-100.0,-100.0,-100.0,-100.0,-100.0,
-100.0,-100.0,-100.0,-100.0,-100.0,-100.0,-100.0,3.2562075,6.916455,6.2172675,7.5572658,5.3735595,-100.0,-100.0,-100.0,-100.0,-100.0,-100.0,-100.0,-100.0,-100.0,-100.0,-100.0,-100.0,-100.0,-100.0,-100.0,-100.0,-100.0,-100.0,-100.0,-100.0,-100.0,-100.0,-100.0,-100.0,-100.0,-100.0,-100.0,-100.0,-100.0,-100.0,-100.0,-100.0,-100.0,-100.0,-100.0,-100.0,-100.0,-100.0,-100.0,-100.0,-100.0,-100.0,-100.0,-100.0,-100.0,-100.0,-100.0,-100.0,-100.0,-100.0,-100.0,-100.0,-100.0,-100.0,-100.0,-100.0,-100.0,-100.0,-100.0,-100.0,-100.0,-100.0,-100.0,-100.0,-100.0,-100.0,-100.0,-100.0,-100.0,-100.0,-100.0,-100.0,-100.0,-100.0,-100.0,-100.0,-100.0,
-100.0,-100.0,-100.0,-100.0,-0.01625,-0.01625,-0.02089952,1.3365653,7.1543317,5.2320924,7.4409785,-0.0018611483,-100.0,-100.0,-100.0,-100.0,-100.0,-100.0,-100.0,-100.0,-100.0,-100.0,-100.0,-100.0,-100.0,-100.0,-100.0,-100.0,-100.0,-100.0,-100.0,-100.0,-100.0,-100.0,-100.0,-100.0,-100.0,-100.0,-100.0,-100.0,-100.0,-100.0,-100.0,-100.0,-100.0,-100.0,-100.0,-100.0,-100.0,-100.0,-100.0,-100.0,-100.0,-100.0,-100.0,-100.0,-100.0,-100.0,-100.0,-100.0,-100.0,-100.0,-100.0,-100.0,-100.0,-100.0,-100.0,-100.0,-100.0,-100.0,-100.0,-100.0,-100.0,-100.0,-100.0,-100.0,-100.0,-100.0,-100.0,-100.0,-100.0,-100.0,-100.0,-100.0,-100.0,-100.0,-100.0,-100.0,-100.0,
-100.0,-100.0,7.3078175,7.2645116,7.390579,5.588341,7.472032,7.552184,3.028698,5.8322306,1.6413562,-0.01625,-100.0,-100.0,-100.0,-100.0,-100.0,-100.0,-100.0,-100.0,-100.0,-100.0,-100.0,-100.0,-100.0,-100.0,-100.0,-100.0,-100.0,-100.0,-100.0,-100.0,-100.0,-100.0,-100.0,-100.0,-100.0,-100.0,-100.0,-100.0,-100.0,-100.0,-100.0,-100.0,-100.0,-100.0,-100.0,-100.0,-100.0,-100.0,-100.0,-100.0,-100.0,-100.0,-100.0,-100.0,-100.0,-100.0,-100.0,-100.0,-100.0,-100.0,-100.0,-100.0,-100.0,-100.0,-100.0,-100.0,-100.0,-100.0,-100.0,-100.0,-100.0,-100.0,-100.0,-100.0,-100.0,-100.0,-100.0,-200.0,-200.0,-200.0,-200.0,-200.0,-100.0,-100.0,-100.0,-100.0,-100.0,
-100.0,-100.0,1.4763715,5.5422773,5.8047442,0.7454447,7.572521,7.5799847,6.946356,-0.01625,5.9213486,0.29780582,-100.0,-100.0,-100.0,-100.0,-100.0,-100.0,-100.0,-100.0,-100.0,-100.0,-100.0,-100.0,-100.0,-100.0,-100.0,-100.0,-100.0,-100.0,-100.0,-100.0,-100.0,-100.0,-100.0,-100.0,-100.0,-100.0,-100.0,-100.0,-100.0,-100.0,-100.0,-100.0,-100.0,-100.0,-100.0,-100.0,-100.0,-100.0,-100.0,-0.01624821,1.4373755,0.6208886,-100.0,-100.0,-100.0,-100.0,-100.0,-100.0,-100.0,-100.0,-100.0,-100.0,-100.0,-100.0,-100.0,-100.0,-100.0,-100.0,-100.0,-100.0,-100.0,-100.0,-100.0,-100.0,-100.0,-100.0,-100.0,-200.0,-200.0,-200.0,-200.0,-200.0,-100.0,-100.0,-100.0,-100.0,-100.0,
-100.0,-100.0,7.0175533,1.1672,-0.01625,7.7465405,7.693478,5.7009354,4.081255,3.6792417,7.565165,2.3139372,-100.0,-100.0,-100.0,-100.0,-100.0,-100.0,-100.0,-100.0,-100.0,-100.0,-100.0,-100.0,-100.0,-100.0,-100.0,-100.0,-100.0,-100.0,-100.0,-100.0,-100.0,-100.0,-100.0,-100.0,-100.0,-100.0,-100.0,-100.0,-100.0,-100.0,-100.0,-100.0,-100.0,-100.0,-100.0,-100.0,-100.0,-100.0,-100.0,0.6919433,1.371513,1.7058995,1.0573653,2.2061586,-100.0,-100.0,-100.0,-100.0,-100.0,-100.0,-100.0,-100.0,-100.0,-100.0,-100.0,-100.0,-100.0,-100.0,-100.0,-100.0,-100.0,-100.0,-100.0,-100.0,-100.0,-100.0,-100.0,-200.0,-200.0,-200.0,-200.0,-200.0,-100.0,-100.0,-100.0,-100.0,-100.0,
-100.0,-100.0,7.9242,5.151476,2.3945043,7.0620174,5.055431,7.211386,7.0259714,7.5076942,7.5379767,1.5176079,-100.0,-100.0,-100.0,-100.0,-100.0,-100.0,-100.0,-100.0,-100.0,-100.0,-100.0,-100.0,-100.0,-100.0,-100.0,-100.0,-100.0,-100.0,-100.0,-100.0,-100.0,-100.0,-100.0,-100.0,-100.0,-100.0,-100.0,-100.0,-100.0,-100.0,-100.0,-100.0,-100.0,-100.0,-100.0,-100.0,-100.0,-100.0,-100.0,-0.01625,0.51030487,0.8802073,1.4301451,1.7563157,2.1284912,2.2441578,-100.0,-100.0,-100.0,-100.0,-100.0,-100.0,-100.0,-100.0,-100.0,-100.0,-100.0,-100.0,-100.0,-100.0,-100.0,-100.0,-100.0,-100.0,-100.0,-100.0,-100.0,-200.0,-200.0,-200.0,-200.0,-200.0,-100.0,-100.0,-100.0,-100.0,-100.0,
-100.0,-100.0,7.5017004,6.340915,6.9338274,6.998916,5.2901173,7.559065,5.977672,0.64720386,2.1920588,-0.01625,-100.0,-100.0,-100.0,-100.0,-100.0,-100.0,-100.0,-100.0,-100.0,-100.0,-100.0,-100.0,-100.0,-100.0,-100.0,-100.0,-100.0,-100.0,-100.0,-100.0,-100.0,-100.0,-100.0,-100.0,-100.0,-100.0,-100.0,-100.0,-100.0,-100.0,-100.0,-100.0,-100.0,-100.0,-100.0,-100.0,-100.0,-100.0,-100.0,0.003368683,1.4936645,0.9851883,1.2960443,1.2319379,1.9387406,0.86226535,0.00880426,1.5216582,1.9037412,-100.0,-100.0,-100.0,-100.0,-100.0,-100.0,-100.0,-100.0,-100.0,-100.0,-100.0,-100.0,-100.0,-100.0,-100.0,-100.0,-100.0,-100.0,-200.0,-200.0,-200.0,-200.0,-200.0,-100.0,-100.0,-100.0,-100.0,-100.0,
-100.0,-100.0,3.6765542,8.052666,6.1467586,4.2818007,6.447413,7.4515147,1.7603327,2.8407052,6.2058625,4.602145,-100.0,-100.0,-100.0,-100.0,-100.0,-100.0,-100.0,-100.0,-100.0,-100.0,-100.0,-100.0,-100.0,-100.0,-100.0,-100.0,-100.0,-100.0,-100.0,-100.0,-100.0,-100.0,-100.0,-100.0,-100.0,-100.0,-100.0,-100.0,-100.0,-100.0,-100.0,-100.0,-100.0,-100.0,-100.0,-100.0,-100.0,-100.0,-100.0,1.3727577,1.0919586,1.2255564,1.3539615,1.7575765,1.4095333,0.19697346,2.8516767,2.3086998,2.070935,0.16669907,0.16804928,-100.0,-100.0,-100.0,-100.0,-100.0,-100.0,-100.0,-100.0,-100.0,-100.0,-100.0,-100.0,-100.0,-100.0,-100.0,-100.0,-200.0,-200.0,-200.0,-200.0,-200.0,-100.0,-100.0,-100.0,-100.0,-100.0,
-100.0,-100.0,7.7315397,3.2823765,6.3443584,3.4454691,0.87783307,7.5219827,0.86025774,6.5146174,5.2455554,6.2204413,-0.01625,-100.0,-100.0,-100.0,-100.0,-100.0,-100.0,-100.0,-100.0,-100.0,-100.0,-100.0,-100.0,-100.0,-100.0,-100.0,-100.0,-100.0,-100.0,-100.0,-100.0,-100.0,-100.0,-100.0,-100.0,-100.0,-100.0,-100.0,-100.0,-100.0,-100.0,-100.0,-100.0,-100.0,-100.0,-100.0,-100.0,-100.0,-100.0,1.4556404,1.4741917,1.671648,0.99819994,1.7333418,1.4337903,1.0591872,1.3895909,2.028962,3.3325047,1.5487471,-0.016086236,0.09109024,-0.005835446,0.37657633,0.04434801,-100.0,-100.0,-100.0,-100.0,-100.0,-100.0,-100.0,-100.0,-100.0,-100.0,-100.0,0.036567055,-200.0,-200.0,-200.0,-200.0,-200.0,-100.0,-100.0,-100.0,-100.0,-100.0,
-100.0,-100.0,5.1190004,7.873541,0.50924456,6.625073,2.2270908,0.027745204,4.7358227,6.8715506,7.7350955,6.2743106,-200.0,-100.0,-100.0,-100.0,-100.0,-100.0,-100.0,-100.0,-100.0,-100.0,-100.0,-100.0,-100.0,-100.0,-100.0,-100.0,-100.0,-100.0,-100.0,-100.0,-100.0,-100.0,-100.0,-100.0,-100.0,-100.0,-100.0,-100.0,-100.0,-100.0,-100.0,-100.0,-100.0,-100.0,-100.0,-100.0,-100.0,-100.0,-100.0,1.5168495,1.325968,0.9161234,1.2692972,2.175459,1.6215247,1.4352164,2.001803,3.4156098,1.7305751,1.0522976,1.7602378,0.05346473,1.5522485,1.4542304,0.81534594,0.8516445,-100.0,-100.0,-100.0,-100.0,-100.0,-100.0,-100.0,-100.0,-100.0,1.8042253,3.1422114,8.118302,-0.01625,-200.0,-200.0,-200.0,-100.0,-100.0,-100.0,-100.0,-100.0,
-100.0,-100.0,5.680795,-0.01625,3.2941072,3.2517302,7.3443823,6.0449314,8.474386,7.335076,0.7745425,4.4675374,4.0563145,-100.0,-100.0,-100.0,-100.0,-100.0,-100.0,-100.0,-100.0,-100.0,-100.0,-100.0,-100.0,-100.0,-100.0,-100.0,-100.0,-100.0,-100.0,-100.0,-100.0,-100.0,-100.0,-100.0,-100.0,-100.0,-100.0,-100.0,-100.0,-100.0,-100.0,-100.0,-100.0,-100.0,-100.0,-100.0,-100.0,-100.0,-100.0,0.8309857,0.9103507,2.4353433,1.8092519,2.3192332,1.9581829,1.0399398,0.9657868,1.2535158,2.4688141,2.1033585,2.165527,2.4835842,1.5883961,0.3532972,0.6108034,0.93361694,1.3304306,1.3835154,1.585229,1.1379786,1.2170283,1.9468912,2.128045,3.2919052,3.2094765,3.904893,0.01990509,6.5141306,8.32451,0.13646133,6.677855,-200.0,-100.0,-100.0,-100.0,-100.0,-100.0,
-100.0,-100.0,4.1241145,3.8998537,7.5990224,7.7962413,7.505838,5.768633,6.387337,4.7371054,5.570309,0.5432864,0.01798388,-100.0,-100.0,-100.0,-100.0,-100.0,-100.0,-100.0,-100.0,-100.0,-100.0,-100.0,-100.0,-100.0,-100.0,-100.0,-100.0,-100.0,-100.0,-100.0,-100.0,-100.0,-100.0,-100.0,-100.0,-100.0,-100.0,-100.0,-100.0,-100.0,-100.0,-100.0,-100.0,-100.0,-100.0,-100.0,-100.0,-100.0,-100.0,0.6312218,2.589145,3.3208742,3.1206713,0.5879511,1.6216202,1.1854602,0.76687366,1.4462649,1.4559072,0.9107939,1.7496065,2.2050827,1.7098323,1.8496624,2.286824,0.09121368,1.0490294,1.5700172,1.1661427,1.217333,0.70099854,1.5934529,2.1670432,3.0680034,3.3608406,0.7103348,2.911435,5.415846,0.46541718,0.33709756,1.6904657,5.3866577,9.091269,-0.0112875365,-100.0,-100.0,-100.0,
-100.0,-100.0,7.3738065,5.573584,7.261723,2.073946,6.100357,8.351118,8.331273,1.5461223,3.5111647,6.2041826,3.7270813,-100.0,-100.0,-100.0,-100.0,-100.0,-100.0,-100.0,-100.0,-100.0,-100.0,-100.0,-100.0,-100.0,-100.0,-100.0,-100.0,-100.0,-100.0,-100.0,-100.0,-100.0,-100.0,-100.0,-100.0,-100.0,-100.0,-100.0,-100.0,-100.0,-100.0,-100.0,-100.0,-100.0,-100.0,-100.0,-100.0,-100.0,-100.0,3.0220506,2.95593,1.6989205,0.83093923,2.4224112,2.046922,0.0016426087,0.7243858,1.9448944,1.0584123,0.71349376,1.5680108,2.8345206,2.7623172,1.8909272,1.6994822,1.7605747,1.6095078,1.7267958,1.7346743,1.5978914,0.5096016,-100.0,-100.0,3.3302407,3.7156508,1.347014,3.6782541,4.318519,0.8193087,0.7719606,9.14652,8.160978,9.295274,2.0632367,-200.0,-100.0,-100.0,
-100.0,-100.0,7.3908353,5.2273746,7.30824,1.3476163,3.1535444,7.186881,6.253177,4.025137,-0.01625,6.1227417,6.5012527,-100.0,-100.0,-100.0,-100.0,-100.0,-100.0,-100.0,-100.0,-100.0,-100.0,-100.0,-100.0,-100.0,-100.0,-100.0,-100.0,-100.0,-100.0,-100.0,-100.0,-100.0,-100.0,-100.0,-100.0,-100.0,-100.0,-100.0,-100.0,-100.0,-100.0,-100.0,-100.0,-100.0,-100.0,-100.0,-100.0,-100.0,-100.0,-100.0,3.3067954,0.15104026,4.4972334,2.402884,1.461081,0.4775424,1.1953017,1.1964949,0.54282504,1.7958769,2.5118437,2.3379853,0.11559433,0.0467453,2.9739933,1.3012966,1.3624011,1.2762744,1.8861752,1.4299891,0.56132257,-100.0,-100.0,0.535878,0.33152312,2.3282158,5.2752867,7.796488,8.498935,8.762962,8.383076,4.502231,4.6874466,0.7451953,0.9996988,-100.0,-100.0,
-100.0,-100.0,5.166501,7.1819954,-0.01625,4.2772546,5.6035013,5.9314027,5.626884,7.4985657,5.774944,6.635231,7.467977,-100.0,-100.0,-100.0,-100.0,-100.0,-100.0,-100.0,-100.0,-100.0,-100.0,-100.0,-100.0,-100.0,-100.0,-100.0,-100.0,-100.0,-100.0,-100.0,-100.0,-100.0,-100.0,-100.0,-100.0,-100.0,-100.0,-100.0,-100.0,-100.0,-100.0,-100.0,-100.0,-100.0,-100.0,-100.0,-100.0,-100.0,-100.0,-100.0,5.1754456,4.823329,2.4457018,0.80953133,2.1559343,0.9682251,0.13128558,0.17861322,0.4008982,1.2759436,1.2048614,1.7225094,4.075878,1.1417915,4.3366933,3.356126,1.094574,0.4302484,1.1674068,0.50621504,0.19667362,-100.0,-100.0,0.5712192,4.8225245,0.014356995,7.201384,6.331459,4.081593,2.8538897,6.006764,11.132802,11.161878,3.8125126,0.8022945,-100.0,-100.0,
-100.0,-100.0,-100.0,2.9591517,7.707873,5.403037,2.2226882,6.734498,7.545848,6.5971684,4.5348477,7.8191195,6.669203,-100.0,-100.0,-100.0,-100.0,-100.0,-100.0,-100.0,-100.0,-100.0,-100.0,-100.0,-100.0,-100.0,-100.0,-100.0,-100.0,-100.0,-100.0,-100.0,-100.0,-100.0,-100.0,-100.0,-100.0,-100.0,-100.0,-100.0,-100.0,-100.0,-100.0,-100.0,-100.0,-100.0,-100.0,-100.0,-100.0,-100.0,-100.0,0.01524414,2.5812135,0.4358616,0.91752917,0.14680718,-200.0,0.1359583,0.6040971,0.15274967,0.0061273193,0.08484223,0.54706025,0.12407062,1.7489004,3.3950493,1.4879922,4.1303015,2.7477014,1.6905602,1.1599108,0.37912887,0.5459262,-100.0,-100.0,-0.024766462,3.8964515,4.5288987,6.649586,4.3853335,0.41118455,1.7660793,9.538926,9.887693,11.161474,4.780264,0.74648345,-100.0,-100.0,
-100.0,-100.0,-100.0,-0.01625,4.736905,5.9413824,-0.01625,1.302902,7.7799273,1.1456033,5.0479503,5.3733506,-200.0,-100.0,-100.0,-100.0,-100.0,-100.0,-100.0,-100.0,-100.0,-100.0,-100.0,-100.0,-100.0,-100.0,-100.0,-100.0,-100.0,-100.0,-100.0,-100.0,-100.0,-100.0,-100.0,-100.0,-100.0,-100.0,-100.0,-100.0,-100.0,-100.0,-100.0,-100.0,-100.0,-100.0,-100.0,-100.0,-100.0,-100.0,-100.0,-100.0,-100.0,-100.0,-100.0,-100.0,-100.0,-100.0,-100.0,-100.0,-100.0,-100.0,-100.0,-100.0,2.0178068,2.3393528,3.5059547,5.5792174,4.672824,0.9500976,1.774943,0.210251,0.3163275,0.49733412,-0.01625,1.6128261,3.6039524,4.2759523,5.916603,2.6847305,7.8290844,9.150615,9.352597,10.759166,2.74335,10.198595,5.653067,-100.0,-100.0,
-100.0,-100.0,-100.0,-100.0,6.6478415,-0.01625,6.9058366,5.54775,6.8721175,7.9666543,3.5870273,6.1661644,7.382069,-100.0,-100.0,-100.0,-100.0,-100.0,-100.0,-100.0,-100.0,-100.0,-100.0,-100.0,-100.0,-100.0,-100.0,-100.0,-100.0,-100.0,-100.0,-100.0,-100.0,-100.0,-100.0,-100.0,-100.0,-100.0,-100.0,-100.0,-100.0,-100.0,-100.0,-100.0,-100.0,-100.0,-100.0,-100.0,-100.0,-100.0,-100.0,-100.0,-100.0,-100.0,-100.0,-100.0,-100.0,-100.0,-100.0,-100.0,-100.0,-100.0,-100.0,-100.0,5.034198,6.3009396,2.578272,6.485861,4.50583,-200.0,-200.0,-200.0,-200.0,-200.0,-200.0,0.22199447,4.1828403,0.5128688,4.5315013,7.1704698,8.128568,5.318921,1.306009,9.715478,7.381615,6.02431,0.6332008,-100.0,-100.0,
-100.0,-100.0,-100.0,-100.0,6.7259665,5.52644,6.794819,4.4438787,0.028872192,7.493605,7.4382424,0.40952238,8.215524,-100.0,-100.0,-100.0,-100.0,-100.0,-100.0,-100.0,-100.0,-100.0,-100.0,-100.0,-100.0,-100.0,-100.0,-100.0,-100.0,-100.0,-100.0,-100.0,-100.0,-100.0,-100.0,-100.0,-100.0,-100.0,-100.0,-100.0,-100.0,-100.0,-100.0,-100.0,-100.0,-100.0,-100.0,-100.0,-100.0,-100.0,-100.0,-100.0,-100.0,-100.0,-100.0,-100.0,-100.0,-100.0,-100.0,-100.0,-100.0,-100.0,-100.0,-100.0,-0.0035620916,6.3441358,2.5170841,-100.0,-100.0,-100.0,-100.0,-100.0,-100.0,-100.0,-100.0,-100.0,-100.0,0.7302617,6.7822194,4.8305917,5.873183,2.2227726,8.879954,9.41381,0.76083785,12.81542,0.23457016,-100.0,-100.0,
-100.0,-100.0,-100.0,-100.0,6.446209,6.505176,6.8932877,3.5117102,6.745824,8.138802,0.025811134,7.766188,-0.011240763,-100.0,-100.0,-100.0,-100.0,-100.0,-100.0,-100.0,-100.0,-100.0,-100.0,-100.0,-100.0,-100.0,-100.0,-100.0,-100.0,-100.0,-100.0,-100.0,-100.0,-100.0,-100.0,-100.0,-100.0,-100.0,-100.0,-100.0,-100.0,-100.0,-100.0,-100.0,-100.0,-100.0,-100.0,-100.0,-100.0,-100.0,-100.0,-100.0,-100.0,-100.0,-100.0,-100.0,-100.0,-100.0,-100.0,-100.0,-100.0,-100.0,-100.0,-100.0,-100.0,-100.0,-100.0,-100.0,-100.0,-100.0,-100.0,-100.0,-100.0,-100.0,-100.0,-100.0,-100.0,7.9601007,0.80452913,8.209188,0.67370194,6.156676,9.115943,9.889951,3.4286592,10.464717,8.494838,-100.0,-100.0,
-100.0,-100.0,-100.0,-100.0,6.145118,2.9425151,5.905096,0.41486466,3.49922,0.033921525,2.9131918,7.550761,7.9567327,-100.0,-100.0,-100.0,-100.0,-100.0,-100.0,-100.0,-100.0,-100.0,-100.0,-100.0,-100.0,-100.0,-100.0,-100.0,-100.0,-100.0,-100.0,-100.0,-100.0,-100.0,-100.0,-100.0,-100.0,-100.0,-100.0,-100.0,-100.0,-100.0,-100.0,-100.0,-100.0,-100.0,-100.0,-100.0,-100.0,-100.0,-100.0,-100.0,-100.0,-100.0,-100.0,-100.0,-100.0,-100.0,-100.0,-100.0,-100.0,-100.0,-100.0,-100.0,-100.0,-100.0,-100.0,-100.0,-100.0,-100.0,-100.0,-100.0,-100.0,-100.0,-100.0,-100.0,-100.0,8.302336,8.6667795,8.0428,8.3340225,7.880836,7.4525247,9.682867,10.262993,12.568197,13.344564,-100.0,-100.0,
-100.0,-100.0,-100.0,-100.0,5.399471,3.2951553,4.9453034,6.360207,6.890715,4.9308844,7.5530367,3.9384387,8.665733,-100.0,-100.0,-100.0,-100.0,-100.0,-100.0,-100.0,-100.0,-100.0,-100.0,-100.0,-100.0,-100.0,-100.0,-100.0,-100.0,-100.0,-100.0,-100.0,-100.0,-100.0,-100.0,-100.0,-100.0,-100.0,-100.0,-100.0,-100.0,-100.0,-100.0,-100.0,-100.0,-100.0,-100.0,-100.0,-100.0,-100.0,-100.0,-100.0,-100.0,-100.0,-100.0,-100.0,-100.0,-100.0,-100.0,-100.0,-100.0,-100.0,-100.0,-100.0,-100.0,-100.0,-100.0,-100.0,-100.0,-100.0,-100.0,-100.0,-100.0,-100.0,-100.0,-100.0,-100.0,8.441147,0.6838426,8.258308,4.076498,7.206777,0.89829195,8.6369915,8.600648,13.10005,1.2607213,-100.0,-100.0,
-100.0,-100.0,-100.0,-100.0,3.238828,3.8943193,3.1022515,5.3762016,5.8717785,7.0309415,7.49527,3.3534217,7.9303145,-100.0,-100.0,-100.0,-100.0,-100.0,-100.0,-100.0,-100.0,-100.0,-100.0,-100.0,-100.0,-100.0,-100.0,-100.0,-100.0,-100.0,-100.0,-100.0,-100.0,-100.0,-100.0,-100.0,-100.0,-100.0,-100.0,-100.0,-100.0,-100.0,-100.0,-100.0,-100.0,-100.0,-100.0,-100.0,-100.0,-100.0,-100.0,-100.0,-100.0,-100.0,-100.0,-100.0,-100.0,-100.0,-100.0,-100.0,-100.0,-100.0,-100.0,-100.0,-100.0,-100.0,-100.0,-100.0,-100.0,-100.0,-100.0,-100.0,-100.0,-100.0,-100.0,-100.0,-100.0,8.864048,4.7689815,3.925237,8.802404,7.3979645,9.987626,9.504351,10.344613,11.623088,7.898654,-100.0,-100.0,
-100.0,-100.0,-100.0,-100.0,3.7146466,3.7973044,3.7588902,3.6506512,0.4114337,6.957783,5.4018607,8.168553,7.8414702,-100.0,-100.0,-100.0,-100.0,-100.0,-100.0,-100.0,-100.0,-100.0,-100.0,-100.0,-100.0,-100.0,-100.0,-100.0,-100.0,-100.0,-100.0,-100.0,-100.0,-100.0,-100.0,-100.0,-100.0,-100.0,-100.0,-100.0,-100.0,-100.0,-100.0,-100.0,-100.0,-100.0,-100.0,-100.0,-100.0,-100.0,-100.0,3.3965735,4.5767646,5.305699,4.6611924,5.0276575,5.273152,-100.0,-100.0,-100.0,1.9587822,4.765599,4.6735973,3.5683417,4.1599145,1.9641463,3.2317483,2.9721642,6.952294,6.829629,8.0595665,8.537963,-100.0,-100.0,-100.0,-100.0,0.8196631,8.65133,6.9029284,2.5152745,8.612418,6.337767,8.653816,11.488832,10.687561,7.9149723,3.9830952,-100.0,-100.0,
-100.0,-100.0,-100.0,-0.01625,3.118742,1.7123685,1.7377505,3.6145864,3.0507252,4.441825,3.6015267,5.7526174,-0.01609665,-100.0,-100.0,-100.0,-100.0,-100.0,-100.0,-100.0,-100.0,-100.0,-100.0,-100.0,-100.0,-100.0,-100.0,-100.0,-100.0,-100.0,-100.0,-100.0,-100.0,-100.0,-100.0,-100.0,-100.0,-100.0,-100.0,-100.0,-100.0,-100.0,-100.0,-100.0,-100.0,-100.0,-100.0,-100.0,-100.0,-100.0,-100.0,3.9965103,2.8745697,4.463003,4.9189935,5.227162,5.1955757,5.741717,5.607323,5.348532,1.5995648,5.791034,5.7468596,6.389764,5.614039,5.9650855,5.7579446,6.4966435,6.649535,6.562655,6.736407,7.6766157,-200.0,-100.0,-100.0,-100.0,2.4359047,8.679638,9.262148,7.4169106,8.289732,4.2053556,9.873538,9.774168,11.88948,11.438913,11.383786,-100.0,-100.0,
-100.0,-100.0,-100.0,2.042603,3.221813,3.214505,2.4793215,1.7418292,2.2287047,2.577336,2.3768282,2.1233664,0.5899414,-100.0,-100.0,-100.0,-100.0,-100.0,-100.0,-100.0,-100.0,-100.0,-100.0,-100.0,-100.0,-100.0,-100.0,-100.0,-100.0,-100.0,-100.0,-100.0,-100.0,-100.0,-100.0,-100.0,-100.0,-100.0,-100.0,-100.0,-100.0,-100.0,-100.0,-100.0,-100.0,-100.0,-100.0,-100.0,-100.0,-100.0,-100.0,0.7643096,3.9504547,5.238933,4.9136662,3.9190788,5.235127,4.1725583,4.9185305,4.4808273,5.400062,5.4542947,5.228666,5.5514836,4.643003,3.2602484,6.180103,5.9452076,1.876586,3.085489,5.6914387,7.9402537,3.5479841,-100.0,-100.0,9.695822,7.6914654,9.080997,10.716122,9.473192,9.205506,10.386129,9.906812,6.893618,10.081278,10.240986,12.471187,-100.0,-100.0,
-100.0,-100.0,-100.0,1.6910653,3.8791637,3.9571311,0.8519743,3.4873908,0.01472968,0.6499606,1.8149276,2.2711565,1.9963186,-100.0,-100.0,-100.0,-100.0,-100.0,-100.0,-100.0,-100.0,-100.0,-100.0,-100.0,-100.0,-100.0,-100.0,-100.0,-100.0,-100.0,-100.0,-100.0,-100.0,-100.0,-100.0,-100.0,-100.0,-100.0,-100.0,-100.0,-100.0,-100.0,-100.0,-100.0,-100.0,-100.0,-100.0,-100.0,-100.0,-100.0,-100.0,3.974495,4.6792684,3.9653716,5.9727755,5.1539674,5.4926705,5.80701,4.5312843,5.7633095,4.2210135,4.790177,6.6557455,6.6077695,6.510406,5.918673,5.6016736,6.591652,7.486552,7.243956,8.051641,6.09899,9.123157,8.661902,4.6361976,9.6195965,8.21927,6.0512953,10.030443,5.464404,7.534745,4.107736,7.630607,11.3752985,11.680657,12.7073145,4.987144,-100.0,-100.0,
-100.0,-100.0,-100.0,-0.01625,2.1575344,0.8080776,4.4699535,4.1639233,1.8745754,3.2840374,3.555127,3.1045306,0.09230507,-100.0,-100.0,-100.0,-100.0,-100.0,-100.0,-100.0,-100.0,-100.0,-100.0,-100.0,-100.0,-100.0,-100.0,-100.0,-100.0,-100.0,-100.0,-100.0,-100.0,-100.0,-100.0,-100.0,-100.0,-100.0,-100.0,-100.0,-100.0,-100.0,-100.0,-100.0,-100.0,-100.0,-100.0,-100.0,-100.0,-100.0,-100.0,2.9038422,3.7897162,6.3555994,5.7750773,4.1452346,5.0796347,5.9078865,5.7905936,5.3336897,4.5391827,5.359496,6.158616,6.417891,4.997206,6.0398245,6.8747873,7.109328,7.233389,6.3507204,7.678866,7.38306,7.528886,8.9341135,9.35173,9.431414,2.829095,7.2446923,4.961145,10.749851,11.2302065,9.926455,9.884166,12.36081,11.860765,11.894899,0.42463866,-100.0,-100.0,
-100.0,-100.0,-100.0,-100.0,2.345865,4.399784,3.6373363,3.2198493,3.9812303,5.228463,0.47063684,2.6975994,0.87894017,-0.014348052,-100.0,-100.0,-100.0,-100.0,-100.0,-100.0,-100.0,-100.0,-100.0,-100.0,-100.0,-100.0,-100.0,-100.0,-100.0,-100.0,-100.0,-100.0,-100.0,-100.0,-100.0,-100.0,-100.0,-100.0,-100.0,-100.0,-100.0,-100.0,-100.0,-100.0,-100.0,-100.0,-100.0,-100.0,-100.0,-100.0,-100.0,2.8128886,6.3991876,6.2405353,3.4343486,0.26667204,5.824776,5.6804357,5.843354,5.8356323,5.7286954,5.6200128,6.2487445,3.211545,5.8155923,5.4274993,0.53864634,7.2481422,3.595505,7.779131,8.7170925,5.730881,9.002115,9.248659,5.132348,10.333895,11.010155,10.904855,11.057318,7.748533,4.708442,3.7013197,8.7168665,12.249166,9.607308,9.922384,0.30585533,-100.0,-100.0,
-100.0,-100.0,-100.0,-100.0,4.8375235,4.78135,1.167022,4.652578,2.2964065,0.75171226,2.6850839,5.2417865,0.15472412,4.3723454,-100.0,-100.0,-100.0,-100.0,-100.0,-100.0,-100.0,-100.0,-100.0,-100.0,-100.0,-100.0,-100.0,-100.0,-100.0,-100.0,-100.0,-100.0,-100.0,-100.0,-100.0,-100.0,-100.0,-100.0,-100.0,-100.0,-100.0,-100.0,-100.0,-100.0,-100.0,-100.0,-100.0,-100.0,-100.0,-100.0,-100.0,-100.0,6.202961,6.244426,6.4181876,4.5072284,6.3615785,6.1648965,5.432868,5.632591,5.354624,5.6820955,6.1824026,6.2684937,6.0712504,6.2984414,7.8096905,4.954468,6.9910398,6.699811,6.7297254,9.281307,6.3637424,7.4815316,5.0102344,7.369674,10.777558,5.9626937,10.7289,3.80746,8.290434,9.543192,9.572753,13.492225,11.682501,8.108836,0.30306712,-100.0,-100.0,
-100.0,-100.0,-100.0,-100.0,5.5665503,1.775349,2.2049606,5.3099737,4.8835163,4.629372,4.0383816,3.15727,4.221882,3.403779,-0.016249847,-100.0,-100.0,-100.0,-100.0,-100.0,-100.0,-100.0,-100.0,-100.0,-100.0,-100.0,-100.0,-100.0,-100.0,-100.0,-100.0,-100.0,-100.0,-100.0,-100.0,-100.0,-100.0,-100.0,-100.0,-100.0,-100.0,-100.0,-100.0,-100.0,-100.0,-100.0,-100.0,-100.0,-100.0,-100.0,-100.0,1.8863328,6.251747,6.1080904,6.050248,6.587515,5.8364344,1.7018671,3.8842626,6.452894,5.0807285,5.799784,5.7061925,6.7838826,4.817677,1.0193907,7.157381,6.918478,7.5804567,3.8591363,7.584144,8.589732,7.699589,6.268375,5.322366,6.1496983,5.6966906,10.183073,5.2940855,12.418805,3.3800423,2.4220338,2.4488034,5.850965,6.2323365,13.14781,-200.0,-100.0,-100.0,
-100.0,-100.0,-100.0,-100.0,0.17521696,6.315251,2.7269797,6.839999,0.2114025,5.4781632,0.2924597,5.9037547,3.9680557,-0.01624898,5.478546,-100.0,-100.0,-100.0,-100.0,-100.0,-100.0,-100.0,-100.0,-100.0,-100.0,-100.0,-100.0,-100.0,-100.0,-100.0,-100.0,-100.0,-100.0,-100.0,-100.0,-100.0,-100.0,-100.0,-100.0,-100.0,-100.0,-100.0,-100.0,-100.0,-100.0,-100.0,-100.0,-100.0,-100.0,-100.0,-100.0,-100.0,6.1971684,6.083504,5.4330163,6.113972,5.5378346,5.748447,6.163713,5.587767,5.900821,5.480531,5.709551,7.338734,7.205936,7.777102,6.062838,7.957425,7.8066897,7.241173,8.998787,9.585741,3.98721,6.6504107,7.836896,8.424929,11.546407,7.3635354,12.723062,12.208498,11.613754,10.617854,12.894764,4.681567,14.246875,4.5948515,15.670547,-100.0,-100.0,
-100.0,-100.0,-100.0,-100.0,4.9166093,3.637066,0.22794464,5.4338064,7.0228662,7.3070297,0.64668137,-0.012172442,6.152074,8.374232,0.15009247,1.0299882,-100.0,-100.0,-100.0,-100.0,-100.0,-100.0,-100.0,-100.0,-100.0,-100.0,-100.0,-100.0,-100.0,-100.0,-100.0,-100.0,-100.0,-100.0,-100.0,-100.0,-100.0,-100.0,-100.0,-100.0,-100.0,-100.0,-100.0,-100.0,-100.0,-100.0,-100.0,-100.0,-100.0,3.559562,1.3621587,6.328535,6.155764,5.7178273,6.082102,7.2282953,5.7160645,6.13652,3.5501957,5.946536,6.737287,5.7355776,7.416594,5.657702,6.275989,7.004184,7.125293,7.2126536,8.554446,8.854513,7.5778,2.0026329,9.916243,10.000243,7.3942947,9.758243,4.379777,12.431217,6.5462875,13.39861,12.478831,12.804944,13.73701,16.889734,16.796152,8.665784,0.96485364,-100.0,-100.0,
-100.0,-100.0,-100.0,-100.0,6.3277464,6.745831,4.2264495,3.7762356,4.4774776,7.161069,4.737712,5.8595943,8.636605,3.1880417,2.9539356,7.339161,2.3503299,6.5277414,-100.0,-100.0,4.751271,6.405149,6.8292713,1.2383101,0.33241364,10.011844,-100.0,-100.0,-100.0,-100.0,-100.0,-100.0,-100.0,-100.0,-100.0,-100.0,-100.0,-100.0,-100.0,-100.0,-100.0,-100.0,-100.0,7.9786997,6.674068,7.5592246,6.9528055,6.0989585,6.856271,5.029674,6.9201884,6.1219306,7.6693983,7.5786505,7.5047703,6.709131,5.786844,6.1986203,5.907523,6.8385916,5.500836,4.3761926,5.980446,6.17022,7.1421013,5.5533423,2.2797003,7.666718,7.2913313,5.9207854,6.5780115,7.5203834,7.8572545,8.511344,9.577991,9.852087,6.5513887,12.110005,10.429745,13.180094,6.5746384,7.4786825,17.102486,15.328071,12.411952,5.338676,18.68321,-100.0,-100.0,
-100.0,-100.0,-100.0,-100.0,2.2753294,5.9038596,6.835577,4.886062,5.159579,1.1392109,6.080739,6.7574077,5.494067,6.869311,6.5595446,8.093516,7.5150805,7.8054724,7.502886,8.497656,6.7373457,7.9059486,6.157328,9.983749,7.990615,8.885491,-200.0,-100.0,-100.0,-100.0,-100.0,-100.0,-100.0,-100.0,-100.0,-100.0,-100.0,-100.0,-100.0,-100.0,-100.0,-100.0,-100.0,8.114303,7.5631948,4.957585,6.7853084,7.795098,7.651818,6.2035203,6.3384175,2.524632,5.8224187,7.2586727,6.113587,6.705714,6.734901,6.306812,5.432664,4.5308127,5.0293827,7.3911386,5.4222956,7.1824627,5.919216,6.864236,7.4658036,8.143423,5.618699,2.1554823,8.862569,8.663092,8.450303,10.385901,7.7559514,6.29925,9.166255,9.282662,11.216684,13.162973,10.912381,13.614551,1.7844579,18.336529,11.011836,21.814993,-200.0,-100.0,-100.0,
-100.0,-100.0,-100.0,-100.0,6.2896743,6.63569,4.8766875,6.2695255,3.328483,4.9620023,7.66145,7.3886304,6.285756,1.9231981,6.6355953,7.3422437,8.671596,7.950431,8.987674,0.18866555,9.651966,7.5976806,8.885284,9.138906,1.392222,10.525861,-200.0,-100.0,-100.0,-100.0,-100.0,-100.0,-100.0,-100.0,-100.0,-100.0,-100.0,-100.0,-100.0,-100.0,-100.0,-100.0,0.17098853,4.055209,8.31927,8.002935,8.322934,7.3348517,4.1457753,6.4498405,6.3515778,6.816877,7.112105,4.3086667,5.524659,7.2860847,4.101089,5.9381676,6.528679,6.85039,5.202099,6.3339787,7.071439,6.9117756,6.340354,8.6735735,6.9282846,7.0927687,8.80847,8.693119,7.969012,8.630173,7.1992464,9.018642,2.4917822,7.3706574,8.98354,10.420923,10.492011,13.27868,8.250064,11.053464,2.8087285,6.730395,16.496294,13.931469,0.97193736,-100.0,-100.0,
-100.0,-100.0,-100.0,-100.0,5.331006,5.1121187,4.983992,5.3868165,5.7834454,6.8931203,7.934589,5.18454,7.360676,7.9572277,7.822338,8.189489,8.422372,6.9538794,8.213877,9.198441,7.506414,8.145066,0.1106379,9.812035,6.492593,11.407037,-200.0,-100.0,-100.0,-100.0,-100.0,-100.0,-100.0,-100.0,-100.0,-100.0,-100.0,-100.0,-100.0,-100.0,-100.0,-100.0,3.6504061,8.982279,5.222249,4.8568835,8.509938,8.124948,8.612116,7.906765,8.648421,9.099076,4.445095,2.4980044,6.095388,7.411032,6.835756,6.668349,6.8396273,5.977855,5.8458514,6.75696,6.307408,6.2789226,6.1289344,6.5605206,7.046291,7.7316976,8.48492,8.384793,4.6212807,7.9043646,8.818921,9.31651,6.7385054,7.6004925,9.911333,10.612776,7.2331233,12.945559,16.219166,11.413414,16.581717,1.8055595,19.791853,21.353025,-0.0016246033,-100.0,-100.0,
-100.0,-100.0,-100.0,-100.0,7.4418397,5.602246,2.0771983,6.076265,5.339906,6.517081,3.6467655,5.8711095,6.8918867,6.5106096,5.8297663,1.6488035,7.429958,9.685165,9.403193,7.632034,8.934197,8.343381,11.388027,11.866348,8.475285,9.198263,6.053465,-100.0,-100.0,-100.0,-100.0,-100.0,-100.0,-100.0,-100.0,-100.0,-100.0,-100.0,-100.0,-100.0,0.8830931,1.1044991,9.682915,4.0362363,7.533426,6.8594728,8.202314,7.577866,9.324044,5.8473287,7.5399084,5.677933,9.328339,6.4213195,7.9605656,7.118235,8.262817,2.2795515,7.5656495,6.131297,7.106072,6.736536,5.746198,6.5674562,6.803375,8.261184,6.8943276,8.018746,8.318339,8.667036,9.519086,8.638089,7.804898,8.898809,8.8891325,8.4424305,7.9967537,9.725049,10.81969,9.069182,14.15377,0.8002481,-100.0,-100.0,-100.0,-100.0,-200.0,-100.0,-100.0,
-100.0,-100.0,-100.0,-100.0,-0.01625,5.2975206,5.4085107,5.535919,7.5136185,6.916487,6.9375625,0.75883836,7.1994433,7.165843,5.1643043,5.523144,1.4939933,8.102965,9.392413,11.121028,4.3273945,12.118454,7.606477,8.123416,13.682475,12.170806,8.738579,8.788248,8.146179,9.311758,5.951195,6.2559114,8.347595,6.654867,7.905106,9.401835,3.365026,6.688948,9.80546,5.938872,9.242897,9.783916,8.558784,5.8186083,3.6313555,8.230877,8.894692,4.9092135,7.374197,3.4481988,9.009497,9.165369,8.194959,4.1464953,6.7602186,1.6828438,6.544644,8.123956,7.6388664,7.99707,6.535206,6.395339,7.3088965,7.3589745,6.947281,7.5578427,7.7609797,8.45722,6.33743,8.732045,8.5253315,8.353659,9.067907,7.9602437,8.982415,5.3574934,7.920218,7.9610305,9.548744,10.501868,-200.0,-100.0,-100.0,-100.0,-100.0,-100.0,-100.0,-100.0,-100.0,
-100.0,-100.0,-100.0,-100.0,6.3224587,5.3893833,7.3203144,6.2790413,5.8784604,6.7983494,6.883843,6.8316875,7.6577754,7.875228,8.4239855,1.7701852,6.3735933,10.546655,10.622842,9.107892,11.727718,11.484031,12.073151,10.768914,8.72998,8.674158,7.4912825,7.4801974,8.836865,7.789821,3.0905561,6.760912,7.6540837,6.077827,9.835598,9.611415,10.020247,8.842315,9.834304,10.008896,9.104286,10.341275,3.6415937,8.149226,10.827724,8.5924,3.8408742,9.839872,5.2083044,6.9085217,9.463822,10.35615,7.8958974,8.760778,7.2230425,6.3884835,8.4479065,6.2946086,7.4455748,7.953002,8.286519,7.4691734,6.7710485,5.4545603,7.0761337,6.2323027,6.044156,8.671381,8.563197,8.899623,9.336033,8.9091425,9.665114,8.364356,5.6619663,8.753972,6.608734,8.801773,9.762771,10.312353,-100.0,-100.0,-100.0,-100.0,-100.0,-100.0,-100.0,-100.0,-100.0,
-100.0,-100.0,-100.0,-100.0,3.1696415,6.695677,5.2458735,6.186703,6.0487733,6.6883974,7.128001,6.6686354,7.653426,6.906928,1.4519285,3.8364644,9.864276,10.332585,11.730345,5.218456,5.1542206,8.003353,11.596479,9.04081,9.700182,10.147414,7.6084766,9.475314,7.634759,7.0198035,8.850883,10.631181,9.252331,7.142829,6.0499706,4.7705665,10.430175,10.130357,9.3815155,3.508118,10.06816,9.665901,10.368509,9.809142,9.869776,8.971202,7.376036,9.508771,6.9402194,5.8860106,9.578987,8.432677,7.953264,4.726698,9.406674,9.409196,9.173555,8.935314,6.3712215,5.854847,8.513233,6.902984,7.8293943,1.6130562,7.7766466,7.369508,7.6033683,7.712542,8.079642,8.8846445,8.389648,7.499338,9.308446,8.688964,8.732201,8.938728,9.143447,8.998839,9.453682,9.60902,-100.0,-100.0,-100.0,-100.0,-100.0,-100.0,-100.0,-100.0,-100.0,
-100.0,-100.0,-100.0,-100.0,0.07807401,1.996056,6.066272,6.6863976,7.2157793,6.9087048,7.276153,5.4789715,6.9314685,8.340053,8.646056,7.6455894,9.3626995,-0.013540935,10.894139,6.7241454,11.342748,7.2668467,10.209399,9.123426,10.097834,8.523845,7.8911386,4.0004544,8.769667,7.292855,9.661425,10.885956,8.230454,8.863042,5.9854236,10.278911,5.6174026,10.456602,10.112771,10.131506,10.412242,10.299277,10.245056,10.900656,9.41903,10.126632,5.173005,6.692479,9.963226,9.842433,8.162965,4.622222,9.824277,3.7988703,9.262296,9.547308,9.207137,9.022651,8.173761,8.625347,7.1175203,7.350903,8.0841465,8.197861,7.9303765,6.29811,7.3601007,8.367943,6.2971196,8.932313,9.039655,9.415318,9.413909,9.104842,8.945252,7.361628,9.319339,8.930771,9.904051,8.221543,8.315433,-100.0,-100.0,-100.0,-100.0,-100.0,-100.0,-100.0,-100.0,
-100.0,-100.0,-100.0,-100.0,-0.01625,5.583837,5.9434443,6.477593,7.3562365,6.6374536,6.8746753,7.065446,8.183942,8.000369,8.638987,8.962915,4.9009695,8.385747,11.226154,8.737973,10.376709,3.2266586,10.120357,6.976747,8.680284,8.408001,8.108528,9.40942,9.083554,9.153808,7.796177,11.72176,11.098114,10.029344,10.248554,8.494764,10.545059,5.5362234,10.944322,10.337425,8.675612,10.952128,10.979284,11.257805,10.249357,6.6487207,6.2521453,8.415514,8.325616,9.674292,9.928138,7.8257318,9.468392,10.178308,5.854338,6.352017,7.151952,5.764932,6.0776014,8.733487,8.207035,8.287175,8.162229,7.7997317,7.797626,7.8701777,8.190466,8.021077,10.070971,4.29712,8.956735,8.694695,8.363637,7.8039484,8.949805,9.561034,7.1261306,7.136692,9.666975,8.065902,7.513876,-100.0,-100.0,-100.0,-100.0,-100.0,-100.0,-100.0,-100.0,
-100.0,-100.0,-100.0,-100.0,0.53133076,5.7681518,7.118395,7.6421833,6.838407,5.2015886,7.478041,7.5144544,8.490102,8.10799,7.998599,8.725328,0.16894701,8.8334055,5.8624024,6.952061,-200.0,-100.0,2.1585627,10.021396,9.260446,9.545302,9.502452,8.30193,9.66271,10.491417,5.4089518,10.995493,3.7348292,8.479145,10.335192,7.2185616,10.224191,7.280454,10.646728,10.712131,6.943561,11.427955,10.595626,11.345379,7.486361,9.064237,9.909782,10.636044,10.182207,11.019279,10.146763,7.822245,10.051861,7.806207,10.006686,7.8788652,9.2609825,8.359502,8.894823,6.179782,8.558715,6.3484645,8.326626,6.7272563,6.9859295,7.714244,8.866242,7.947494,7.996924,7.8362527,9.142146,6.914206,8.661082,8.371066,9.415353,7.378766,9.723477,9.541537,6.688091,10.217872,6.912943,-100.0,-100.0,-100.0,-100.0,-100.0,-100.0,-100.0,-100.0,
-100.0,-100.0,-100.0,-100.0,-100.0,6.5550556,7.0990715,6.5734234,6.751911,7.3609037,7.314244,7.452089,8.259619,7.9590864,8.35737,9.357722,8.164128,8.743521,7.232211,9.911969,-200.0,-100.0,-100.0,-0.01625,9.208755,6.9812393,9.317602,11.297442,7.1274347,11.029756,9.762403,6.678911,3.9285338,10.199971,6.7981205,11.240376,10.526274,7.8165784,10.826666,11.019312,7.2325974,-200.0,-200.0,-200.0,4.2866015,10.029081,-200.0,3.9337366,4.132154,-200.0,-200.0,3.729632,9.529728,9.53232,4.8750052,6.3942947,9.4366255,9.22258,7.489557,8.966935,5.9306655,8.731545,7.9027476,9.293272,8.306704,8.637969,8.445872,-200.0,-100.0,-100.0,-100.0,-100.0,-100.0,6.0146594,7.8714476,6.504794,10.552539,8.638345,10.505035,8.033271,-200.0,-100.0,-100.0,-100.0,-100.0,-100.0,-100.0,-100.0,-100.0,
-100.0,-100.0,-100.0,-100.0,-100.0,6.2683625,-0.01625,7.1647334,6.474954,6.793388,7.182266,7.6450105,7.9960284,8.241862,7.3111567,5.7998157,9.750294,10.078587,9.564689,6.361216,-100.0,-100.0,-100.0,-100.0,-100.0,7.2166944,10.587134,8.641979,11.134359,7.8177557,6.700178,9.966146,9.296944,8.231382,6.9484787,10.549525,10.522691,8.087637,6.5888376,-100.0,-100.0,-100.0,-100.0,-100.0,-100.0,-100.0,-100.0,-100.0,-100.0,-100.0,-100.0,-100.0,-100.0,-100.0,3.2580068,8.671451,9.6439085,8.550218,5.9776063,8.900267,8.154163,6.0732913,7.0943346,8.918509,7.497343,9.0889225,7.196318,-100.0,-100.0,-100.0,-100.0,-100.0,-100.0,-100.0,6.5591154,6.573575,10.15728,8.430016,8.687458,9.318289,10.49633,-100.0,-100.0,-100.0,-100.0,-100.0,-100.0,-100.0,-100.0,
-100.0,-100.0,-100.0,-100.0,-0.01625,6.150043,2.177046,1.5016114,7.139852,7.287468,3.3117108,7.988597,8.565262,-0.014912005,8.71958,8.525761,8.769782,10.022842,9.094971,-200.0,-100.0,-100.0,-100.0,-100.0,-100.0,-100.0,8.449874,6.7645664,7.619775,10.7951355,9.330087,7.5244775,7.000734,11.2887745,5.3624535,6.529344,1.0311416,7.8285666,11.891217,-100.0,-100.0,-100.0,-100.0,-100.0,-100.0,-100.0,-100.0,-100.0,-100.0,-100.0,-100.0,-100.0,-100.0,-100.0,-100.0,9.240079,10.134434,8.671363,9.712224,7.5100207,9.309767,9.135249,9.047068,7.030692,6.934358,8.249533,7.0155916,-100.0,-100.0,-100.0,-100.0,-100.0,-100.0,-100.0,9.461387,6.231766,10.790874,9.898727,6.529321,9.006297,7.6043,-100.0,-100.0,-100.0,-100.0,-100.0,-100.0,-100.0,-100.0,
-100.0,-100.0,-100.0,-100.0,-100.0,7.1873226,6.854518,6.9611783,7.2066054,7.5364394,7.5662975,7.7851653,8.667274,7.797928,9.54898,9.872514,9.00566,8.674279,-200.0,-100.0,-100.0,-100.0,-100.0,-100.0,-100.0,-100.0,7.859058,9.01436,10.124808,9.933912,-200.0,-200.0,-100.0,-100.0,-100.0,-100.0,6.7315927,11.134282,6.8281612,-100.0,-100.0,-100.0,-100.0,-100.0,-100.0,-100.0,-100.0,-100.0,-100.0,-100.0,-100.0,-100.0,-100.0,-100.0,-100.0,9.218,9.551149,6.7115307,5.2300696,6.7419147,5.4600296,10.078912,7.399858,7.6298175,7.4772654,9.170229,9.257972,-100.0,-100.0,-100.0,-100.0,-100.0,-100.0,-100.0,-100.0,6.014879,7.8201423,10.060758,6.581995,9.052428,9.62127,-100.0,-100.0,-100.0,-100.0,-100.0,-100.0,-100.0,-100.0,
-100.0,-100.0,-100.0,-100.0,-100.0,6.7907,6.840335,6.676115,4.6842546,7.496838,5.7887764,7.764459,7.675096,8.007422,8.431826,6.3124366,8.992522,10.783368,-100.0,-100.0,-100.0,-100.0,-100.0,-100.0,-100.0,-100.0,10.614755,9.552119,10.746971,-100.0,-100.0,-100.0,-100.0,-100.0,-100.0,-100.0,11.586291,12.1480465,4.7634397,-100.0,-100.0,-100.0,-100.0,-100.0,-100.0,-100.0,-100.0,-100.0,-100.0,-100.0,-100.0,-100.0,-100.0,-100.0,-100.0,4.549206,10.574509,10.015398,7.867727,7.016572,7.7951193,9.571519,9.845291,9.1483345,8.444014,9.531253,6.3967886,-100.0,-100.0,-100.0,-100.0,-100.0,-100.0,-100.0,5.854468,7.5999045,8.076327,8.399728,8.959752,9.631912,9.230403,-100.0,-100.0,-100.0,-100.0,-100.0,-100.0,-100.0,-100.0,
-100.0,-100.0,-100.0,-100.0,-100.0,6.457798,6.757473,6.5580435,-0.01625,7.114804,4.8569484,6.598759,6.374194,8.184993,9.358578,9.736417,1.5938907,10.175683,-100.0,-100.0,-100.0,-100.0,-100.0,-100.0,-100.0,-100.0,9.792853,10.784021,0.29223955,-100.0,-100.0,-100.0,-100.0,-100.0,-100.0,-100.0,-100.0,9.920956,9.413535,-100.0,-100.0,-100.0,-100.0,-100.0,-100.0,-100.0,-100.0,-100.0,-100.0,-100.0,-100.0,-100.0,-100.0,-100.0,-100.0,6.0198708,8.757312,10.599898,8.864365,9.041443,6.221341,7.7651467,9.870571,9.462229,9.683588,8.861584,9.802382,-100.0,-100.0,-100.0,-100.0,-100.0,-100.0,-100.0,8.327955,9.121215,7.3951163,9.396689,9.400824,6.8961787,9.294927,-100.0,-100.0,-100.0,-100.0,-100.0,-100.0,-100.0,-100.0,
-100.0,-100.0,-100.0,-100.0,-100.0,6.823645,7.150285,6.730352,7.0858016,7.533629,6.9867134,3.0818133,7.5198374,9.269382,9.818632,9.458749,9.410232,8.960763,-200.0,-100.0,-100.0,-100.0,-100.0,-100.0,-100.0,0.5910205,7.515696,10.287267,-200.0,-100.0,-100.0,-100.0,-100.0,-100.0,-100.0,-100.0,-100.0,5.4328837,11.712931,-100.0,-100.0,-100.0,-100.0,-100.0,-100.0,-100.0,-100.0,-100.0,-100.0,-100.0,-100.0,-100.0,-100.0,-100.0,-100.0,9.534685,10.41165,10.6598015,6.04241,10.279676,10.512208,4.886586,9.41908,9.42076,7.0395765,6.2130804,9.878288,-200.0,-100.0,-100.0,-100.0,-100.0,-100.0,6.81293,9.236608,8.214737,7.17388,9.064278,9.699981,8.363462,6.435756,-100.0,-100.0,-100.0,-100.0,-100.0,-100.0,-100.0,-100.0,
-100.0,-100.0,-100.0,-100.0,-100.0,6.741665,6.7582345,6.1619444,5.2447786,1.6257961,7.841086,0.8249574,8.451302,8.622166,9.276137,9.644193,7.244452,9.45957,9.931318,-100.0,-100.0,-100.0,-100.0,-100.0,-100.0,8.915831,9.58878,10.636077,6.3051033,-100.0,-100.0,-100.0,-100.0,-100.0,-100.0,-100.0,-100.0,11.762917,10.528042,-100.0,-100.0,-100.0,-100.0,-100.0,-100.0,-100.0,-100.0,-100.0,-100.0,-100.0,-100.0,-100.0,-100.0,-100.0,-100.0,8.934254,7.949262,5.8501935,8.752209,10.815851,10.239155,11.465563,10.203047,10.900133,10.226249,10.741503,10.537328,9.154848,9.834469,-100.0,6.554865,7.541639,7.4740367,8.601905,5.9842067,8.289723,8.679015,7.0429606,7.6794662,8.386531,9.379071,-100.0,-100.0,-100.0,-100.0,-100.0,-100.0,-100.0,-100.0,
-100.0,-100.0,-100.0,-100.0,-100.0,6.408652,5.9919086,6.5327706,6.8349843,8.016792,7.4349523,7.6452546,6.96147,6.053172,8.174864,7.0516624,9.002781,9.157836,8.380798,7.790515,6.9535975,0.33709195,2.2375255,-100.0,2.4012523,9.187188,10.557311,7.89862,6.81657,-100.0,-100.0,-100.0,-100.0,-100.0,-100.0,-100.0,7.012272,7.3525915,11.775499,-100.0,-100.0,-100.0,-100.0,-100.0,-100.0,-100.0,-100.0,-100.0,-100.0,-100.0,-100.0,-100.0,-100.0,-100.0,-100.0,8.922569,7.8895426,11.681338,11.749616,7.393662,9.369572,8.261184,11.652221,10.534451,9.774869,10.933193,10.498206,5.91654,6.8474064,5.233413,7.075905,8.2184515,7.9623528,9.903791,6.889261,8.794305,8.813774,6.821317,8.844846,6.5315447,7.658521,-100.0,-100.0,-100.0,-100.0,-100.0,-100.0,-100.0,-100.0,
-100.0,-100.0,-100.0,-100.0,-100.0,5.914688,4.3874936,6.2958903,5.0957975,7.47149,6.7398925,7.372104,7.2523403,8.312878,8.782863,9.462404,9.420325,9.589681,9.165605,9.497574,9.477733,8.630384,9.297182,9.595282,11.373555,7.2359247,8.975976,10.335884,11.149279,11.659281,1.2237258,12.663154,7.447932,-100.0,8.824383,0.47985032,14.270665,12.544396,12.133974,5.449935,-100.0,-100.0,-100.0,-100.0,-100.0,-100.0,-100.0,-100.0,-100.0,7.9631977,4.8619375,7.598285,4.791238,12.895259,10.078912,10.235796,12.06192,12.181966,6.177795,11.853746,12.5978985,11.045942,11.527673,11.430274,6.705077,9.786245,11.015501,9.811221,10.521403,8.776332,10.16532,9.825418,6.6047235,10.104853,9.182699,5.4360447,8.888444,8.874706,8.836199,7.4615045,8.360922,-100.0,-100.0,-100.0,-100.0,-100.0,-100.0,-100.0,-100.0,
-100.0,-100.0,-100.0,-100.0,-100.0,4.512144,6.3057423,7.2710423,7.354777,6.9774003,6.389254,7.5311227,8.282475,8.072818,9.219717,8.111102,2.9014795,8.739884,8.486982,7.0671663,10.190513,11.953989,11.251271,7.566331,10.729326,9.398904,7.2732496,11.082052,7.576114,10.64491,12.673508,7.529005,7.9772143,13.63956,9.498494,10.528345,9.023616,14.922088,7.9478145,8.720757,-100.0,-100.0,-100.0,-100.0,-100.0,-100.0,-100.0,-100.0,-100.0,-100.0,-100.0,-200.0,-200.0,5.5317516,8.788034,10.929368,12.358428,10.296212,12.1348095,12.448175,12.835627,12.626805,10.408399,5.3933725,10.010291,10.820079,6.562645,10.871089,9.587977,9.7128,9.711882,10.243121,10.097837,5.7474403,7.518896,9.981137,7.1468925,8.80242,8.843394,8.247986,7.6185074,-100.0,-100.0,-100.0,-100.0,-100.0,-100.0,-100.0,-100.0,
-100.0,-100.0,-100.0,-100.0,-100.0,6.48643,6.2681823,6.5638504,7.833481,7.1537123,7.372968,5.9807367,8.612765,8.473532,8.675277,7.366315,10.083982,6.785557,9.821673,7.604196,9.328757,10.246561,8.482673,10.412815,12.079908,12.428516,11.823593,7.4418445,10.822766,12.475554,13.451698,12.123246,13.117075,7.707032,13.564405,13.967026,9.96315,14.247873,15.519868,-200.0,-100.0,-100.0,-100.0,-100.0,-100.0,-100.0,-100.0,-100.0,-100.0,-100.0,-100.0,-100.0,-100.0,-100.0,-100.0,11.307777,13.257334,13.016232,11.070087,12.231918,13.2197485,12.388795,6.043178,9.409853,7.7759233,7.239738,8.91534,9.281864,10.750795,10.719989,10.608199,5.6702013,8.498691,10.042747,9.384717,10.211703,9.815117,9.114915,8.464565,6.6468096,8.728916,-100.0,-100.0,-100.0,-100.0,-100.0,-100.0,-100.0,-100.0,
-100.0,-100.0,-100.0,-100.0,5.812998,5.90059,4.786969,7.3556232,7.529714,7.232917,7.403835,6.817585,8.11134,7.5395694,8.996132,9.5357485,9.96678,10.646556,9.561928,10.053743,8.983131,11.29368,8.196247,7.746851,8.39923,10.167295,12.608792,10.682624,10.689483,12.873658,12.8782425,13.126985,9.962647,13.861028,5.606435,15.01395,12.188601,9.855894,10.430036,-100.0,-100.0,-100.0,-100.0,-100.0,-100.0,-100.0,-100.0,-100.0,-100.0,-100.0,-100.0,-100.0,-100.0,-100.0,-100.0,12.037792,12.94505,10.0405245,12.802181,10.895172,11.016,11.784704,6.964693,10.398172,12.169574,11.630889,9.707136,4.6896315,11.0569725,9.670848,10.839115,10.576522,6.80334,7.2280226,8.365805,10.007771,7.436721,7.80062,9.271915,8.507572,8.519346,-100.0,-100.0,-100.0,-100.0,-100.0,-100.0,-100.0,-100.0,
-100.0,-100.0,-100.0,-100.0,1.8566793,0.056082204,6.8281717,5.9044256,7.528827,6.9252386,5.3295856,8.938027,9.402603,7.7957516,9.862364,7.8056087,10.187006,7.8119893,6.4679313,8.716585,8.627224,11.554146,11.782973,7.2184334,7.9638996,11.60252,10.547998,11.977574,7.2534556,11.562872,8.324252,12.511472,14.408882,6.819321,8.680901,9.007369,14.301558,12.703558,6.7774696,-100.0,-100.0,-100.0,-100.0,-100.0,-100.0,-100.0,-100.0,-100.0,-100.0,-100.0,-100.0,-100.0,-100.0,-100.0,-100.0,13.45903,12.177969,13.556775,6.0457773,8.693995,13.873241,13.371116,8.362854,12.419022,12.298031,9.532115,11.06797,10.154923,11.185131,10.49387,10.389185,9.71574,10.56252,10.252856,9.106204,10.490594,9.957059,9.823673,9.644281,9.0663185,8.233975,-100.0,-100.0,-100.0,-100.0,-100.0,-100.0,-100.0,-100.0,
-100.0,-100.0,-100.0,-100.0,-0.01625,0.12470592,5.975511,5.3150687,6.812508,7.527807,5.5442367,7.386961,6.481828,7.0442796,7.477606,7.260492,7.283088,9.959361,8.318387,7.3980527,10.577244,10.861843,7.6198754,4.3400154,11.443867,7.9821873,7.4467444,12.610375,8.33975,13.777975,8.849184,14.399485,7.4141674,13.899944,9.224543,15.289884,14.445975,8.519349,6.1227226,-100.0,-100.0,-100.0,-100.0,-100.0,-100.0,-100.0,-100.0,-100.0,-100.0,-100.0,-100.0,-100.0,-100.0,-100.0,-100.0,12.841283,14.5800085,11.322356,11.544283,10.52991,13.26392,6.2962465,8.322668,10.490641,6.6702266,6.860096,11.040508,10.103493,10.696804,10.705924,10.279374,10.688213,10.841064,11.598307,9.506911,10.93596,10.549346,9.479341,8.119837,6.5940313,5.928654,-100.0,-100.0,-100.0,-100.0,-100.0,-100.0,-100.0,-100.0,
-100.0,-100.0,-100.0,-100.0,6.593255,6.4287953,5.4816923,4.803894,7.9719715,7.3854275,7.288414,7.6478972,7.3026953,9.596205,7.1205454,9.510802,7.32926,10.471447,10.15082,10.626373,9.353191,7.734228,7.1652956,11.415846,8.092209,12.576094,10.917248,12.152206,12.337185,11.639368,6.3819613,13.627449,12.439945,-200.0,15.400488,5.655222,6.46512,16.95219,17.791271,-100.0,-100.0,-100.0,-100.0,-100.0,-100.0,-100.0,-100.0,-100.0,-100.0,-100.0,-100.0,-100.0,-100.0,-100.0,-100.0,8.193539,11.484872,13.185263,15.591156,7.3482027,10.858477,13.713407,10.01214,-100.0,-100.0,-100.0,-100.0,-100.0,-100.0,-100.0,8.053459,5.3438764,6.7318563,11.119483,8.097,6.523558,9.617218,7.1108665,6.0847015,6.4798303,8.593997,-100.0,-100.0,-100.0,-100.0,-100.0,-100.0,-100.0,-100.0,
-100.0,-100.0,-100.0,-100.0,-0.016208792,5.9433055,5.693567,6.9742403,6.9282637,7.144839,7.987218,8.849057,7.9767556,7.194514,9.200839,9.633552,4.915055,11.322329,8.366422,11.745716,10.896797,10.182675,12.085794,-200.0,-100.0,-100.0,-100.0,-100.0,-100.0,-100.0,-100.0,-100.0,-100.0,-100.0,-100.0,-100.0,-100.0,17.3917,10.296919,-100.0,-100.0,-100.0,-100.0,-100.0,-100.0,-100.0,-100.0,-100.0,-100.0,-100.0,-100.0,-100.0,-100.0,-100.0,-100.0,14.480189,13.81856,8.657569,14.105073,7.3416305,13.050889,13.770792,-100.0,-100.0,-100.0,-100.0,-100.0,-100.0,-100.0,-100.0,-100.0,9.235888,8.412485,11.327698,6.8164053,10.372325,7.916098,8.226943,10.81021,6.921546,5.7525907,-100.0,-100.0,-100.0,-100.0,-100.0,-100.0,-100.0,-100.0,
-100.0,-100.0,-100.0,-100.0,6.237097,5.6474285,6.3732634,7.7216644,5.7314606,6.566948,7.524034,7.5603275,8.8661175,8.586804,9.0079155,9.500102,8.401715,8.139139,8.726169,10.80079,7.8883805,6.4604187,3.3673234,7.952526,-100.0,-100.0,-100.0,-100.0,-100.0,-100.0,-100.0,-100.0,-100.0,-100.0,-100.0,-100.0,-100.0,6.4933367,7.4699383,-100.0,-100.0,-100.0,-100.0,-100.0,-100.0,-100.0,-100.0,-100.0,-100.0,-100.0,-100.0,-100.0,-100.0,-100.0,-100.0,11.8500185,13.111121,11.563198,12.950595,6.349469,12.668075,6.596345,-100.0,-100.0,-100.0,-100.0,-100.0,-100.0,-100.0,-100.0,-100.0,9.419165,7.4245615,10.42401,12.0539,7.054363,11.525851,10.248302,10.570478,9.986303,6.168551,-100.0,-100.0,-100.0,-100.0,-100.0,-100.0,-100.0,-100.0,
-100.0,-100.0,-100.0,-100.0,3.7860508,6.784679,5.877152,6.7830825,2.9978669,7.4389668,0.67009443,7.915342,8.077059,8.967188,9.003544,7.3949275,10.21824,7.9485908,7.9259963,7.724464,10.019401,8.128071,9.941188,8.301319,-100.0,-100.0,-100.0,-100.0,-100.0,-100.0,-100.0,-100.0,-100.0,-100.0,-100.0,-100.0,-100.0,3.1462946,17.619865,-100.0,-100.0,-100.0,-100.0,-100.0,-100.0,-100.0,-100.0,-100.0,-100.0,-100.0,-100.0,-100.0,-100.0,-100.0,5.101472,8.957536,13.824167,12.1924095,11.643294,13.332202,7.977369,8.440779,-100.0,-100.0,-100.0,-100.0,-100.0,-100.0,-100.0,-100.0,-100.0,7.68201,6.2503476,11.006881,12.153665,12.048462,11.742052,10.387517,8.857994,7.3261037,9.097788,6.206171,-100.0,-100.0,-100.0,-100.0,-100.0,-100.0,-100.0,
-100.0,-100.0,-100.0,-100.0,-100.0,5.829794,6.810789,7.100724,7.258428,6.551867,6.4096336,6.406197,7.6129503,8.66922,7.3229194,9.886371,10.731916,8.661178,8.499112,11.090913,11.04256,11.672856,11.509262,5.342067,-100.0,-100.0,-100.0,-100.0,-100.0,-100.0,-100.0,-100.0,-100.0,-100.0,-100.0,-100.0,-100.0,0.8777142,13.443536,8.900499,20.881144,8.155069,25.50629,7.082868,21.524319,17.095043,6.1950383,14.575667,18.655148,11.016831,6.836764,-100.0,-100.0,-100.0,15.098022,6.80643,12.968973,12.453673,10.096124,10.556189,6.6082335,7.397849,-100.0,-100.0,-100.0,-100.0,-100.0,-100.0,-100.0,-100.0,-100.0,6.697361,6.746546,12.300535,5.5848527,7.7581935,7.1762867,8.828291,9.213855,9.024778,7.66634,7.6112595,-100.0,-100.0,-100.0,-100.0,-100.0,-100.0,-100.0,
-100.0,-100.0,-100.0,-100.0,3.6514158,6.6298485,5.9878488,7.169188,7.0943837,7.946552,7.1832457,8.079476,7.005756,2.3386092,9.102147,10.19567,9.8316555,7.6961455,7.9937525,8.009039,8.50336,10.499473,10.087529,7.7129393,-100.0,-100.0,-100.0,-100.0,-100.0,-100.0,-100.0,-100.0,-100.0,-100.0,-100.0,-100.0,-100.0,-100.0,-100.0,-100.0,-100.0,-100.0,-100.0,-100.0,-100.0,-100.0,-100.0,-100.0,9.103711,15.313601,7.884737,-200.0,-100.0,-100.0,-100.0,-100.0,-100.0,-100.0,-100.0,-100.0,-100.0,-100.0,-100.0,-100.0,-100.0,-100.0,-100.0,-100.0,-100.0,-100.0,-100.0,10.445743,9.371567,6.645693,11.67493,10.99321,9.494535,8.554623,8.732981,7.439817,10.2966,-200.0,-100.0,-100.0,-100.0,-100.0,-100.0,-100.0,-100.0,
-100.0,-100.0,-100.0,-100.0,5.710354,5.909309,5.0250983,7.2864947,6.3588657,7.11279,7.60245,0.004037482,2.7586935,6.53717,9.070049,8.804657,8.398988,9.00247,10.002572,10.819172,10.953503,9.093307,9.089687,4.5318966,-100.0,-100.0,-100.0,-100.0,-100.0,-100.0,-100.0,-100.0,-100.0,-100.0,-100.0,-100.0,-100.0,-100.0,-100.0,-100.0,-100.0,-100.0,-100.0,-100.0,-100.0,-100.0,-100.0,-100.0,-100.0,5.9893622,7.5770063,-100.0,-100.0,-100.0,-100.0,-100.0,-100.0,-100.0,-100.0,-100.0,-100.0,-100.0,-100.0,-100.0,-100.0,-100.0,-100.0,-100.0,-100.0,-100.0,-100.0,8.635002,11.412805,12.076653,11.262021,10.089744,10.995653,6.5450835,10.14422,6.333572,3.2101789,7.864813,-100.0,-100.0,-100.0,-100.0,-100.0,-100.0,-100.0,
-100.0,-100.0,-100.0,-100.0,-100.0,4.947371,5.6352377,6.716773,7.036423,7.9325666,7.60689,4.9013557,8.528934,8.405554,7.811233,6.3050985,9.456605,7.7269554,9.858042,5.841295,10.284364,7.8657193,9.292834,10.292468,-100.0,-100.0,-100.0,-100.0,-100.0,-100.0,-100.0,-100.0,-100.0,-100.0,-100.0,-100.0,-100.0,-100.0,-100.0,-100.0,-100.0,-100.0,-100.0,-100.0,-100.0,-100.0,-100.0,-100.0,-100.0,-100.0,-200.0,-100.0,-100.0,-100.0,-100.0,-100.0,-100.0,-100.0,-100.0,-100.0,-100.0,-100.0,-100.0,-100.0,-100.0,-100.0,-100.0,-100.0,-100.0,-100.0,-100.0,9.512415,10.598297,10.850263,7.7564063,8.305321,10.694702,10.125162,7.1541834,9.243399,11.708137,6.827616,-100.0,-100.0,-100.0,-100.0,-100.0,-100.0,-100.0,
-100.0,-100.0,-100.0,-100.0,4.5000615,5.9709687,6.8029337,4.6315155,5.179641,3.3947222,7.4549623,5.818468,5.2077565,7.805894,5.8200083,10.148732,1.864026,10.04141,8.303114,3.93679,9.457324,5.6521835,1.014978,-200.0,-100.0,-100.0,-100.0,-100.0,-100.0,-100.0,-100.0,-100.0,-100.0,-100.0,-100.0,-100.0,-100.0,-100.0,-100.0,-100.0,-100.0,-100.0,-100.0,-100.0,-100.0,-100.0,-100.0,-100.0,-100.0,-100.0,-100.0,-100.0,-100.0,-100.0,-100.0,-100.0,-100.0,-100.0,-100.0,-100.0,-100.0,-100.0,-100.0,-100.0,-100.0,-100.0,-100.0,-100.0,-100.0,-100.0,-100.0,5.9191546,9.95679,9.84738,8.743133,7.7917037,10.993756,10.414544,11.976908,7.531103,10.181523,11.255126,6.4481406,-100.0,-100.0,-100.0,-100.0,-100.0,-100.0,
-100.0,-100.0,-100.0,-100.0,0.27901614,6.602262,3.9775536,6.629064,6.498086,6.6297984,7.2895813,8.518125,7.5010514,1.190052,-0.016206747,5.090114,8.858687,6.9980617,8.194823,9.333957,8.607523,9.904189,7.8074436,10.567117,-100.0,-100.0,-100.0,-100.0,-100.0,-100.0,-100.0,-100.0,-100.0,-100.0,-100.0,-100.0,-100.0,-100.0,-100.0,-100.0,-100.0,-100.0,-100.0,-100.0,-100.0,-100.0,-100.0,-100.0,-100.0,-100.0,-100.0,-100.0,-100.0,-100.0,-100.0,-100.0,-100.0,-100.0,-100.0,-100.0,-100.0,-100.0,-100.0,-100.0,-100.0,-100.0,-100.0,-100.0,-100.0,-100.0,-100.0,9.721791,9.808935,10.729915,6.919065,8.483141,7.476906,8.33344,8.908511,8.074204,9.136654,11.827941,11.186812,11.786903,-100.0,-100.0,-100.0,-100.0,-100.0,
-100.0,-100.0,-100.0,-100.0,-100.0,5.783451,6.601425,7.1128435,6.875637,5.7085114,4.5720367,7.3997884,6.810252,5.2762976,9.463732,0.0038582634,8.521575,9.022294,10.139126,8.149835,9.621164,9.632144,10.133129,5.4043574,-100.0,-100.0,-100.0,-100.0,-100.0,-100.0,-100.0,-100.0,-100.0,-100.0,-100.0,-100.0,-100.0,-100.0,-100.0,-100.0,-100.0,-100.0,-100.0,-100.0,-100.0,-100.0,-100.0,-100.0,-100.0,-100.0,-100.0,-100.0,-100.0,-100.0,-100.0,-100.0,-100.0,-100.0,-100.0,-100.0,-100.0,-100.0,-100.0,-100.0,-100.0,-100.0,-100.0,-100.0,-100.0,-100.0,-100.0,8.071804,6.4888377,7.278367,7.3399696,8.887757,8.1732645,9.294126,7.160355,8.140642,7.8326306,8.096563,6.361002,9.942851,3.0192735,4.3677135,-100.0,-100.0,-100.0,
-100.0,-100.0,-100.0,-100.0,0.18766257,6.0387397,5.4132943,5.9824314,6.295691,7.9288225,3.7286155,7.801643,7.5278172,6.953782,4.5968256,9.435875,9.577775,7.3379455,9.903031,9.297569,10.730047,9.669076,9.676424,-200.0,-100.0,-100.0,-100.0,-100.0,-100.0,-100.0,-100.0,-100.0,-100.0,-100.0,-100.0,-100.0,-100.0,-100.0,-100.0,-100.0,-100.0,-100.0,-100.0,-100.0,-100.0,-100.0,-100.0,-100.0,-100.0,-100.0,-100.0,-100.0,-100.0,-100.0,-100.0,-100.0,-100.0,-100.0,-100.0,-100.0,-100.0,-100.0,-100.0,-100.0,-100.0,-100.0,-100.0,-100.0,-100.0,-100.0,-100.0,8.617796,8.447316,7.911278,5.1559753,7.424035,5.821059,8.062276,8.899797,10.673569,7.5579324,11.351577,12.14494,7.704258,10.054201,15.723318,-200.0,-100.0,-100.0,
-100.0,-100.0,-100.0,-100.0,1.6812905,5.696571,6.7980003,5.9910016,5.895466,6.3026166,7.444107,7.6968274,8.643978,7.7414775,3.5967612,4.436775,6.8308563,9.311495,10.616796,4.4467664,11.057031,9.593723,6.947224,4.988256,-100.0,-100.0,-100.0,-100.0,-100.0,-100.0,-100.0,-100.0,-100.0,-100.0,-100.0,-100.0,-100.0,-100.0,-100.0,-100.0,-100.0,-100.0,-100.0,-100.0,-100.0,-100.0,-100.0,-100.0,-100.0,0.50399655,7.9589386,-100.0,-100.0,-100.0,-100.0,-100.0,-100.0,-100.0,-100.0,-100.0,-100.0,-100.0,-100.0,-100.0,-100.0,-100.0,-100.0,-100.0,-100.0,-100.0,-100.0,8.384465,5.9279923,8.176976,8.735501,8.3123255,7.8564563,8.858719,8.94674,6.1390986,6.3073225,11.962048,10.655645,9.64652,6.3515143,13.526742,8.964896,-100.0,-100.0,
-100.0,-100.0,-100.0,-100.0,3.942649,6.265479,5.734333,6.8748293,7.2082543,7.0834374,7.028632,6.8166223,4.3683314,8.141959,8.438448,8.48472,8.01887,9.932041,9.821124,9.893923,8.786034,10.304668,6.9883027,0.0102659995,-100.0,-100.0,-100.0,-100.0,-100.0,-100.0,-100.0,-100.0,-100.0,-100.0,-100.0,-100.0,-100.0,-100.0,-100.0,-100.0,-100.0,-100.0,-100.0,-100.0,-100.0,-100.0,-100.0,-100.0,13.965854,20.179281,17.986353,4.9400954,-100.0,-100.0,-100.0,-100.0,-100.0,-100.0,-100.0,-100.0,-100.0,-100.0,-100.0,-100.0,-100.0,-100.0,-100.0,-100.0,-100.0,-100.0,-100.0,8.053529,3.7144608,8.994799,9.236342,9.075614,7.2762856,6.9265437,8.274974,7.584244,10.743797,10.447414,9.74128,10.219207,7.219976,10.124062,12.218,-100.0,-100.0,
-100.0,-100.0,-100.0,-100.0,-0.015862403,6.3352327,6.6341496,5.348425,4.4793434,4.917757,6.952972,7.258188,7.645359,6.254441,6.6888866,4.854911,7.4714575,7.4454947,9.985449,7.329373,10.517433,6.3159966,10.96209,9.933902,-100.0,-100.0,-100.0,-100.0,-100.0,-100.0,-100.0,-100.0,-100.0,-100.0,-100.0,-100.0,-100.0,-100.0,-100.0,-100.0,-100.0,-100.0,-100.0,6.902286,8.335726,12.088266,0.8105675,8.850918,3.7533038,8.50072,6.2464733,4.030671,-100.0,-100.0,-100.0,-100.0,-100.0,-100.0,-100.0,-100.0,-100.0,-100.0,-100.0,-100.0,-100.0,-100.0,-100.0,-100.0,-100.0,-100.0,-100.0,7.0889077,5.6269097,6.566131,9.168995,7.7659216,8.994891,9.491553,5.3008947,7.79546,10.412619,10.439512,5.091057,7.1885905,9.272657,11.703961,10.437689,-100.0,-100.0,
-100.0,-100.0,-100.0,-100.0,-0.01625,6.001517,3.8963764,5.1644917,6.360969,4.049307,3.894889,6.0057225,4.247243,7.834944,8.52843,8.490899,8.573888,9.64295,8.002908,3.5778801,10.477131,8.2496805,7.9416275,6.593577,-100.0,-100.0,-100.0,2.068176,2.43628,5.36614,-100.0,10.694986,12.005391,3.9542196,3.0293987,1.3434489,10.582235,6.632405,4.193678,18.927027,0.8301756,1.0318595,8.269221,20.775963,17.402565,17.932882,13.794289,11.9773035,20.709736,10.678237,19.704521,12.650536,23.870373,18.807522,7.9842205,9.446059,11.132726,9.743051,10.151995,7.1389513,9.151995,11.985903,-100.0,9.800073,9.824011,5.1927066,9.783485,9.481302,8.993491,4.3357544,8.721992,6.5837097,9.624249,8.310566,5.4989724,7.889721,9.1341095,7.895499,6.927442,6.029591,9.172947,8.8705,9.519395,8.072225,10.6390705,8.308121,10.230347,-100.0,-100.0,
-100.0,-100.0,-100.0,-100.0,4.337623,5.6736813,5.916766,4.155368,6.0829954,6.567182,6.918325,4.5831614,7.2294583,7.5375133,5.303735,6.7643795,8.800806,9.4888315,9.318749,10.163284,10.515966,8.327867,8.348747,7.087241,10.452623,9.308758,9.694146,12.633394,11.447668,11.849269,8.893942,13.4235115,5.539125,12.021363,11.22428,11.068018,8.611166,9.970169,20.06884,15.214042,15.275486,26.494968,25.014599,23.891535,10.949138,17.632492,20.298151,19.890604,21.263464,17.021936,19.869774,17.153355,13.705543,6.2475023,19.599733,17.216444,14.070473,9.41288,14.207313,10.375664,8.445839,10.178976,3.0305204,8.1029005,10.5041065,9.983455,9.763637,9.860556,9.942612,9.241921,7.981902,8.929436,7.5697303,8.952673,7.633813,8.668842,7.2125278,9.506654,8.965335,6.722245,9.995272,9.942747,7.60821,9.845378,5.7898192,4.238729,8.604066,-100.0,-100.0,
-100.0,-100.0,-100.0,-100.0,3.2819395,4.111916,6.017954,4.3978014,6.459878,6.5587068,4.846525,4.167945,6.2624865,5.8195124,5.305888,5.276007,4.723552,8.702023,3.5593724,7.4861374,3.8914838,10.764148,10.237603,10.842524,5.6967783,11.379601,11.795765,4.3207326,10.954049,12.269778,6.510435,11.136338,9.8137665,11.150221,10.40192,7.51914,13.2250595,18.610367,8.256734,22.705473,23.625525,14.201009,20.996958,7.451864,17.242044,8.740346,7.730853,13.448784,17.268991,18.28839,11.790602,15.082075,16.154675,11.4192295,10.352333,13.003211,13.03647,3.6511643,14.054561,8.876759,11.433357,12.043334,10.396899,10.450551,9.962514,10.368382,10.149481,9.550772,9.056316,6.1987205,8.921629,8.523433,8.389612,7.3133,6.327308,6.7014227,8.735424,8.271847,8.698836,9.294948,2.7740152,6.0447764,7.5491815,8.016114,7.8788776,9.051639,0.94546306,-100.0,-100.0,
-100.0,-100.0,-100.0,-100.0,4.994693,5.6173754,3.8868208,3.7858443,4.680225,6.656471,5.430254,7.1670885,7.350679,4.3400297,4.7825,6.8279023,8.40732,10.124703,9.480029,4.4405527,5.314179,9.575528,5.7600355,6.2411265,10.774375,8.278837,11.87884,4.4237237,9.925251,13.193779,5.7637377,13.101313,3.5644608,6.0565376,13.280293,15.431239,18.812666,14.690779,20.507895,12.366144,9.459379,9.266242,19.651743,19.186285,10.710791,3.488284,7.835998,9.495104,5.912606,15.1415415,8.357221,10.8126335,3.7940426,16.357182,11.346155,10.997071,16.117975,10.490709,11.714888,11.366703,11.183468,10.294529,10.821964,10.74285,10.445265,9.199976,7.4022703,10.29945,5.5848937,8.210545,8.389011,9.695705,8.705566,7.4517674,8.625349,6.081674,8.297972,9.283144,9.563448,7.8147736,8.533706,7.9640546,8.015925,7.154094,5.4245257,7.4769187,5.8114676,-100.0,-100.0,
-100.0,-100.0,-100.0,-100.0,0.034589767,4.9896994,4.4647675,5.3837924,6.118491,5.8407636,3.418528,7.0903544,6.707872,7.0152316,7.60978,5.7358975,8.155375,8.36973,6.255985,7.3904743,9.438902,10.181615,6.05289,10.77192,6.1112576,11.199507,4.7352624,6.0301547,7.946159,4.5193887,12.462259,7.7336783,11.962991,5.859638,14.731283,10.247981,11.86364,18.41807,9.966257,15.988945,8.953387,13.265494,6.8469257,16.13447,4.7150836,16.576914,21.075737,12.357147,17.27616,14.845349,3.4074576,6.4589567,16.233002,5.7695055,13.281379,14.613265,10.573482,12.278659,10.221653,9.75799,11.641238,12.618523,10.500706,9.090705,11.2427845,9.594999,9.040535,10.051746,10.155037,8.245436,4.465151,7.9824624,7.8198705,8.10441,7.922805,8.446662,6.3618526,7.7627673,7.262983,8.714285,6.498981,5.9393377,7.06395,7.437915,6.4521976,10.290196,7.5473895,-100.0,-100.0,
-100.0,-100.0,-100.0,-100.0,5.350325,4.5977545,5.664431,5.226387,5.695279,6.3956165,5.7529316,5.218805,5.4281106,5.9559484,5.0793586,7.505826,6.6421833,8.323543,9.091245,7.3409624,6.4893312,7.981247,10.159304,10.472461,10.234535,3.879136,11.038998,11.037287,8.845627,5.392154,9.619939,8.412161,13.079324,13.028434,14.29602,15.661868,8.19465,13.971861,13.587586,5.2928267,17.707054,3.5187895,11.8874855,12.590117,11.883573,18.399494,5.0733733,15.58657,17.0751,13.56237,11.382383,10.668479,16.860868,17.29966,14.7157755,12.328628,14.661202,9.984143,12.487325,9.874945,9.656089,11.246678,10.630133,9.13323,10.071956,9.486526,8.593395,7.265895,10.1038685,8.294222,7.858908,4.241579,3.180348,-200.0,6.760969,-200.0,6.4969344,8.305759,6.7297897,5.939617,8.738624,6.172491,8.875328,5.4186225,8.554001,4.643339,0.43492645,-100.0,-100.0,
-100.0,-100.0,-100.0,-100.0,4.874157,4.631418,5.460237,5.7504005,5.662504,5.6875124,5.9882784,5.83561,4.706921,6.024136,7.407408,6.3918905,6.8356075,8.211222,6.3334446,7.4401073,9.413344,10.338039,9.002941,6.455659,9.48687,5.0598025,7.2366757,10.265524,10.770748,6.4924293,12.035431,6.247165,8.731297,6.491834,12.531326,13.73182,16.289299,17.671251,4.6552734,16.43798,12.99533,5.123406,16.40986,8.556619,8.034944,18.07929,18.174414,12.46778,14.91775,14.289186,6.6050463,8.884773,15.700011,3.522083,13.796752,11.040684,5.3175054,12.223677,12.520809,11.292271,9.772826,12.032777,10.409146,10.374404,10.652298,10.804832,9.857374,9.9764,6.905018,7.4151797,8.317088,9.433817,-200.0,-100.0,-100.0,-100.0,4.2436333,6.2240767,8.05738,7.1729345,6.9359503,6.706122,8.72103,7.9395647,8.526528,6.441123,-100.0,-100.0,-100.0,
-100.0,-100.0,-100.0,-100.0,1.6346066,5.3832054,5.09687,3.8132927,5.4358797,5.756586,5.170211,6.533694,3.4256876,6.9269824,6.802966,7.2011495,7.702312,8.360731,3.3235195,7.417908,8.440194,7.2988625,9.19322,5.4574375,8.948348,4.736303,3.819327,5.7806625,10.462344,10.144872,4.2856607,8.05761,10.076257,12.890211,14.578959,8.613488,13.767809,16.15805,11.776857,4.5129895,15.822737,14.945984,4.950929,7.2202973,7.300028,14.420763,4.6213517,14.737673,16.2395,12.671959,12.135275,12.202018,14.590937,13.614938,5.021137,13.836459,9.212009,10.905242,10.237687,12.299662,11.456084,11.040779,10.77248,10.844429,10.738988,7.7003894,10.00928,9.355176,10.503767,8.171454,8.79531,8.2364855,-100.0,-100.0,-100.0,-100.0,0.5449335,7.82298,7.356478,7.1362686,5.4323378,6.361333,7.2437496,2.824645,6.300568,7.8370776,-100.0,-100.0,-100.0,
-100.0,-100.0,-100.0,-100.0,5.185053,5.296529,3.8123846,5.7403216,5.261836,5.449414,6.1023335,6.1940355,6.4927616,6.79856,3.5537572,1.0007112,7.814631,0.98204684,7.900656,8.360571,8.441338,5.7406216,7.396117,8.760351,7.035199,9.127631,9.648831,10.4380045,6.6533046,10.492896,11.157103,8.990285,11.301945,10.545933,8.924049,14.648514,14.700028,13.36975,14.3660555,15.99077,13.446133,10.216529,-100.0,-100.0,-100.0,-100.0,-100.0,-100.0,-100.0,-100.0,-100.0,5.2014246,13.423152,13.764668,10.850369,10.220891,12.768359,10.6861925,12.476585,11.313968,11.387492,10.0785,10.666462,9.788407,10.042592,8.618858,5.969894,9.209852,10.425935,8.518289,-200.0,2.055856,-100.0,-100.0,-100.0,-100.0,0.7426613,1.3954889,5.9030075,6.201556,5.2718625,6.817923,6.542427,7.983814,6.837716,7.5886545,-100.0,-100.0,-100.0,
-100.0,-100.0,-100.0,-100.0,5.0216703,4.6955237,4.1622276,6.2089357,5.8686924,4.314395,6.106007,3.3353155,5.981564,6.6444163,6.917478,7.117403,5.7856812,7.679803,7.5647097,7.9290786,8.332815,7.490685,5.91621,8.667184,7.4125195,8.696059,6.3134017,7.5510993,10.096343,8.677957,9.912823,11.203021,12.284625,12.748821,12.274104,12.77064,14.383897,13.064825,11.844167,10.924459,5.9800487,7.5513945,-100.0,-100.0,-100.0,-100.0,-100.0,-100.0,-100.0,-100.0,-100.0,11.428771,4.203983,8.427678,12.8874235,9.316632,11.17773,10.5299,10.2887335,8.824047,10.948043,9.799766,1.8737915,1.2226206,-100.0,-100.0,-100.0,-100.0,8.437607,-100.0,-100.0,-100.0,-100.0,-100.0,-100.0,-100.0,-100.0,-100.0,6.685531,7.941886,8.2536745,5.905334,7.780558,5.550215,6.602893,6.3928146,-100.0,-100.0,-100.0,
-100.0,-100.0,-100.0,-100.0,5.03758,4.1410174,4.2597346,6.11288,6.007434,3.7583473,6.47466,6.261022,6.424376,3.7829375,5.593713,6.5240498,7.195847,7.8714633,6.8285933,8.637303,8.4666395,7.8412676,6.826202,8.005117,7.87078,7.591385,6.13622,2.2610953,9.959486,8.005665,5.3714685,8.073166,11.161365,6.365279,12.695704,10.30459,12.995287,12.836689,5.1136,11.477205,9.977542,-200.0,-100.0,-100.0,-100.0,-100.0,-100.0,-100.0,-100.0,-100.0,-100.0,8.234959,9.6351185,9.7792635,6.772998,11.728753,8.112365,11.1687565,8.292318,10.729925,10.32704,7.9046164,-200.0,-100.0,-100.0,-100.0,-100.0,-100.0,-100.0,-100.0,-100.0,-100.0,-100.0,-100.0,-100.0,-100.0,-100.0,4.124388,5.439118,6.499171,6.2468386,6.210765,6.05904,7.1432323,6.6628985,6.606526,0.009810639,-100.0,-100.0,
-100.0,-100.0,-100.0,-100.0,4.599335,5.1006393,6.0570946,5.2138333,5.2996225,5.2445436,3.2377172,4.1427093,6.0421057,6.348377,7.073398,6.5477047,6.7474065,7.338402,7.515072,6.4932017,7.392894,7.925052,6.6702924,3.8747728,8.443701,5.4244547,7.213348,7.1886196,9.625052,5.447897,10.113988,7.785197,1.6361256,9.633086,12.126724,6.3924527,12.433688,9.729074,9.995094,6.808648,7.903037,0.3724143,-100.0,-100.0,-100.0,-100.0,-100.0,-100.0,-100.0,-100.0,-100.0,3.2126815,10.849361,6.888657,4.365665,8.916869,10.202195,9.9067745,7.492898,7.9735,10.311418,9.699099,5.378316,-100.0,-100.0,-100.0,-100.0,-100.0,-100.0,-100.0,-100.0,-100.0,-100.0,-100.0,-100.0,-100.0,-100.0,6.807126,8.107618,7.11757,6.9249,7.411818,7.048974,6.39372,7.078144,5.6559305,-200.0,-100.0,-100.0,
-100.0,-100.0,-100.0,-100.0,5.3422146,6.049221,5.1286964,4.216584,6.4250956,5.793514,4.870103,5.221081,6.3402276,6.4097576,7.2802014,6.743675,7.125878,6.5015464,7.452471,7.3799024,7.8680873,6.662466,7.025675,6.4624963,7.498469,7.5727725,8.379821,8.180359,8.403814,10.154416,9.8931875,6.543505,11.586189,9.859522,8.5731325,7.317049,8.753695,8.084734,9.312894,9.803048,7.169484,5.3192587,-100.0,-100.0,-100.0,-100.0,-100.0,-100.0,-100.0,-100.0,-100.0,5.0401654,8.382585,10.205399,7.3966985,7.341082,9.761671,9.161991,10.427121,7.6249557,9.021162,-200.0,-200.0,-100.0,-100.0,-100.0,-100.0,-100.0,-100.0,-100.0,-100.0,-100.0,-100.0,-100.0,-100.0,-100.0,-100.0,7.219643,7.1912327,5.5272317,6.7964277,4.6140785,6.7861667,6.29464,5.962174,6.285215,0.019088287,-100.0,-100.0,
-100.0,-100.0,-100.0,-100.0,2.442607,5.18361,4.8541574,5.5257244,5.3343153,4.9583197,6.7773895,7.074447,7.599255,6.5093355,7.8365383,6.2482724,6.4095554,5.9011183,7.658301,6.9744453,7.7884564,7.098632,7.5238657,7.6575804,6.068807,7.423381,7.2452393,8.189401,7.15595,5.9092155,4.9375534,9.112402,1.9005324,7.3860283,7.4282193,5.22298,11.288431,10.138171,8.081698,8.964959,5.1624684,2.8062916,-100.0,-100.0,-100.0,-100.0,-100.0,-100.0,-100.0,-100.0,-100.0,8.021768,7.251472,9.743302,7.020193,9.655518,9.044571,8.828504,9.261911,9.652861,9.458786,-100.0,-100.0,-100.0,-100.0,-100.0,-100.0,-100.0,-100.0,-100.0,-100.0,-100.0,-100.0,-100.0,-100.0,-100.0,-100.0,6.500599,7.088164,7.1676784,7.0209174,5.623432,6.6553764,6.182718,6.025246,6.168762,0.60862917,-100.0,-100.0,
-100.0,-100.0,-100.0,-100.0,5.707431,5.084038,4.8094916,5.502708,6.253505,5.4523115,5.5648255,6.4739256,5.7394104,5.324582,6.3434997,5.947622,7.868053,6.1144695,6.620554,5.5597305,5.4087963,4.5605903,7.7653904,7.7486544,6.5915327,5.9683022,8.232071,7.1743164,9.548768,9.68302,3.8287537,10.160884,5.0594187,8.879918,4.7490993,9.741982,4.8612404,9.4273405,7.9722223,7.6185107,6.58158,4.951612,6.4296846,-100.0,8.787918,-100.0,-100.0,-100.0,-100.0,-100.0,-100.0,7.3596897,9.308185,9.710413,7.7530184,10.475819,9.358509,7.9904647,8.028693,-200.0,4.632911,-100.0,-100.0,-100.0,-100.0,-100.0,-100.0,-100.0,-100.0,-100.0,-100.0,-100.0,-100.0,-100.0,-100.0,-100.0,-100.0,7.518046,7.3462524,6.120275,6.1984835,5.010179,6.321874,6.399523,4.9877787,6.087271,5.0701284,-100.0,-100.0,
-100.0,-100.0,-100.0,-100.0,5.245962,6.013086,-0.016226135,5.0871882,5.523955,4.6606894,5.2771378,5.83776,5.562958,5.4679737,9.050311,6.1692424,6.0731473,6.1074433,6.9927416,5.347825,7.8532047,6.9618797,6.6850395,4.4719086,5.1611905,6.54366,8.348546,8.828095,8.9550705,8.028848,7.1081514,8.463869,9.631453,8.593753,5.372578,6.9755187,8.38326,8.985227,8.872771,6.0357027,3.352267,7.459386,7.4774184,5.5098634,6.917534,7.1373715,9.258232,5.2774477,6.6787543,4.386546,8.9796715,8.126657,7.695577,8.423167,8.848646,9.451397,8.834417,4.496027,-200.0,-100.0,-100.0,-100.0,-100.0,-100.0,-100.0,-100.0,-100.0,-100.0,-100.0,-100.0,-100.0,-100.0,-100.0,-100.0,-100.0,-100.0,-100.0,5.898142,5.8167844,6.811918,6.974432,6.887695,6.252018,6.3393965,6.2186365,5.302789,-100.0,-100.0,-100.0,
-100.0,-100.0,2.0917997,4.719042,5.535863,4.8292966,5.278973,5.5961885,5.674,5.385485,7.1841574,5.8299255,6.931334,5.381585,6.1519513,5.0684066,6.135913,8.900955,8.174001,5.6814346,7.5958567,5.505016,5.8743663,7.381416,6.188356,3.961141,6.8952317,7.188945,7.731671,5.1511784,4.3028765,7.750621,6.262105,8.925593,8.597899,7.2720027,8.230284,6.5652814,6.4005537,5.474607,6.452203,2.1490843,8.376851,8.912561,9.566559,6.861049,9.331524,4.413441,6.555656,9.462001,6.6551733,4.8182316,7.4310803,6.491906,7.5578303,9.931771,9.51711,6.3411775,-100.0,-100.0,-100.0,-100.0,-100.0,-100.0,-100.0,-100.0,-100.0,-100.0,-100.0,-100.0,-100.0,-100.0,-100.0,-100.0,-100.0,-100.0,6.2559547,5.688653,6.1305146,6.563212,6.4053288,6.297389,6.33279,6.631121,6.5254326,5.932145,-100.0,-100.0,-100.0,
-100.0,-100.0,3.8145185,4.99349,0.44291794,5.809572,5.314585,6.710221,4.9414387,5.3840785,7.388076,6.3113866,6.9156027,8.29774,4.0818067,7.309102,10.117597,5.40137,9.224283,8.930892,7.6404886,9.585134,6.2379003,7.913006,7.129266,7.765905,5.8550844,7.023761,7.2602673,7.425119,5.589969,8.483909,8.67881,7.729319,8.288347,8.295582,7.997233,5.4069796,8.414834,4.947529,7.117916,8.833834,8.083704,8.248582,5.645163,8.033386,4.362337,8.689533,7.5413113,8.516557,9.637485,4.446927,7.6148067,6.7097855,7.7747536,5.4888573,8.386871,5.137632,-100.0,-100.0,-100.0,-100.0,-100.0,-100.0,-100.0,-100.0,-100.0,-100.0,-100.0,-100.0,-100.0,-100.0,-100.0,-100.0,-100.0,-100.0,6.348474,3.0703838,5.3791275,5.9366145,6.182082,6.1572046,6.732654,6.3741703,6.6979694,5.551632,-100.0,-100.0,-100.0,
-100.0,-100.0,5.095484,3.9292943,5.0178127,4.3426485,5.8684707,5.494761,5.1949816,5.4309597,5.3420467,7.586011,7.3922787,8.489447,5.3981314,7.507562,6.5640516,11.31471,7.4400806,4.5031047,8.374948,6.1511216,8.988761,6.4047236,8.632756,9.421228,4.250966,5.9813476,7.8915544,9.307039,7.261423,6.1970263,9.626102,6.099483,8.917418,6.5336084,8.918444,7.4292083,6.5034432,6.511365,7.2914824,6.285642,8.673863,1.5411844,8.4060545,8.398314,3.8536756,8.925452,6.318114,6.8715954,8.078619,7.327521,7.8959975,7.9494967,7.306675,9.298404,8.637459,8.084334,-100.0,-100.0,-100.0,-100.0,-100.0,-100.0,-100.0,-100.0,-100.0,-100.0,-100.0,-100.0,-100.0,-100.0,-100.0,-100.0,-100.0,-100.0,-100.0,0.71944714,3.3781953,6.038029,5.300438,6.0662,5.200117,5.5789757,5.7520714,5.4675546,-100.0,-100.0,-100.0,
-100.0,-100.0,4.7924695,5.6846175,5.1464763,5.44046,6.407332,6.2973056,5.771832,4.463915,5.5345693,5.216241,0.5360984,7.125418,5.440631,7.6233377,7.8723865,2.046575,6.309666,-200.0,-200.0,-200.0,-200.0,-200.0,-200.0,-200.0,-200.0,-200.0,-200.0,-200.0,-200.0,-200.0,-200.0,-200.0,-200.0,-200.0,5.2957997,9.458566,9.400705,5.5148153,9.280217,8.264903,7.612692,8.401704,5.7735744,6.7626686,9.38905,5.745338,3.9466276,7.364309,2.4733627,6.600794,8.463504,7.5115976,7.6235404,7.116744,8.531424,6.5415435,-100.0,-100.0,-100.0,-100.0,-100.0,-100.0,-100.0,-100.0,-100.0,-100.0,-100.0,-100.0,-100.0,-100.0,-100.0,-100.0,-100.0,-100.0,-100.0,-100.0,-100.0,-100.0,-100.0,-100.0,5.004678,4.50961,6.2785106,5.290447,-200.0,-100.0,-100.0,
-100.0,-100.0,1.299741,5.888632,5.106348,5.968637,4.4164605,5.1667786,5.938532,5.999983,5.781329,2.1854198,5.751849,8.160113,8.900827,8.517961,10.589525,-200.0,-100.0,-100.0,-100.0,-100.0,-100.0,-100.0,-100.0,-100.0,-100.0,-100.0,-100.0,-100.0,-100.0,-100.0,-100.0,-100.0,-100.0,-100.0,2.763801,4.1740723,6.892686,7.234548,2.931577,3.0804071,3.2824063,7.5408,7.8496842,9.242781,6.2238483,9.658071,7.315354,9.314599,7.683749,6.319752,6.7071266,7.4909935,7.4435945,7.5212793,9.847969,7.86106,8.177064,8.922713,4.366544,-100.0,-100.0,-100.0,-100.0,-100.0,-100.0,-100.0,-100.0,-100.0,-100.0,-100.0,-100.0,-100.0,-100.0,-100.0,-100.0,-100.0,-100.0,-100.0,-100.0,-100.0,5.322115,5.1356936,4.625232,5.5258536,5.426682,-100.0,-100.0,
-100.0,-100.0,3.8415015,5.5151377,4.771937,5.64262,5.104812,6.3608565,5.483869,5.6063952,3.8178303,6.366344,6.5388827,6.227306,4.374184,9.286354,8.520771,-100.0,-100.0,-100.0,-100.0,-100.0,-100.0,-100.0,-100.0,-100.0,-100.0,-100.0,-100.0,-100.0,-100.0,-100.0,-100.0,-100.0,-100.0,-100.0,-100.0,-100.0,-100.0,-100.0,-100.0,-100.0,5.41648,7.3170176,7.328188,8.74714,7.6646805,7.258313,7.198179,7.522768,6.4787846,7.211992,5.7989783,7.017061,7.924365,7.4704432,6.4500976,9.679308,9.670689,10.543575,9.543723,3.3726673,-100.0,-100.0,-100.0,-100.0,-100.0,-100.0,-100.0,-100.0,-100.0,-100.0,-100.0,-100.0,-100.0,-100.0,-100.0,-100.0,-100.0,-100.0,-100.0,-100.0,4.8957114,5.81467,5.3350353,5.483956,-200.0,-100.0,-100.0,
-100.0,-100.0,-0.01625,6.060598,6.031101,4.8436627,4.999453,6.098038,5.421867,3.3229961,5.360445,7.094844,5.1025133,6.3044047,9.216786,7.722076,8.74926,-100.0,-100.0,-100.0,-100.0,-100.0,-100.0,-100.0,-100.0,-100.0,-100.0,-100.0,-100.0,-100.0,-100.0,-100.0,-100.0,-100.0,-100.0,-100.0,-100.0,-100.0,-100.0,-100.0,-100.0,-100.0,-100.0,-100.0,1.941828,4.508581,7.0366306,6.5086966,8.266982,8.547943,8.651255,3.5098255,5.838879,7.476556,7.902505,8.857005,8.567165,10.094005,9.164344,10.363317,9.525888,10.281797,-100.0,-100.0,-100.0,-100.0,-100.0,-100.0,-100.0,-100.0,-100.0,-100.0,-100.0,-100.0,-100.0,-100.0,-100.0,-100.0,-100.0,-100.0,-100.0,-100.0,5.7574615,4.533197,5.2631164,4.208755,-200.0,-100.0,-100.0,
-100.0,-100.0,6.178057,5.75303,6.376068,5.6621785,5.9426045,5.3730774,5.472346,6.525483,5.2500715,3.4696069,5.806031,6.4232025,5.5658827,8.498373,-0.01554943,-100.0,-100.0,-100.0,-100.0,-100.0,-100.0,-100.0,-100.0,-100.0,-100.0,-100.0,-100.0,-100.0,-100.0,-100.0,-100.0,-100.0,-100.0,-100.0,-100.0,-100.0,-100.0,-100.0,-100.0,-100.0,-100.0,-100.0,-100.0,-100.0,-100.0,7.617822,6.232853,9.26417,7.3032184,6.762594,6.547982,6.8324037,7.101694,8.885997,7.093872,8.708293,4.6624846,7.3116183,8.686981,8.718554,-100.0,-100.0,-100.0,-100.0,-100.0,-100.0,-100.0,-100.0,-100.0,-100.0,-100.0,-100.0,-100.0,-100.0,-100.0,-100.0,-100.0,-100.0,-100.0,-100.0,4.4478364,4.6434293,5.8050694,5.5195055,-200.0,-100.0,-100.0,
-100.0,-100.0,4.527342,6.0508695,5.6614842,6.4093304,-0.01625,5.9158316,6.3004766,5.738699,5.5199165,6.2123313,6.7104993,7.768589,8.652476,9.947511,-0.015557227,-100.0,-100.0,-100.0,-100.0,-100.0,-100.0,-100.0,-100.0,-100.0,-100.0,-100.0,-100.0,-100.0,-100.0,-100.0,-100.0,-100.0,-100.0,-100.0,-100.0,-100.0,-100.0,-100.0,-100.0,-100.0,-100.0,-100.0,-100.0,-100.0,-100.0,-100.0,5.7740707,6.344957,10.900451,6.5116396,8.991202,8.583477,7.223692,7.3386445,8.374342,4.6914473,7.611146,5.534213,5.1369705,6.473484,-200.0,-100.0,-100.0,-100.0,-100.0,-100.0,-100.0,-100.0,-100.0,-100.0,-100.0,-100.0,-100.0,-100.0,-100.0,-100.0,-100.0,-100.0,-100.0,-100.0,-100.0,5.667736,5.0001926,-200.0,-200.0,-100.0,-100.0,
-100.0,-100.0,3.7627363,6.6592793,3.4011497,7.014891,4.6078286,3.9923344,5.2347703,5.6584816,6.0661507,6.4745736,0.62576324,4.9647284,6.838769,7.8759794,10.001351,-100.0,-100.0,-100.0,-100.0,-100.0,-100.0,-100.0,-100.0,-100.0,-100.0,-100.0,-100.0,-100.0,-100.0,-100.0,-100.0,-100.0,-100.0,-100.0,-100.0,-100.0,-100.0,-100.0,-100.0,-100.0,-100.0,-100.0,-100.0,-100.0,-100.0,-100.0,-100.0,-100.0,-100.0,3.099559,7.7381277,6.602819,9.616876,7.8455915,8.567461,8.930204,8.099579,7.2134943,8.847397,8.539717,8.446644,-100.0,-100.0,-100.0,-100.0,-100.0,-100.0,-100.0,-100.0,-100.0,-100.0,-100.0,-100.0,-100.0,-100.0,-100.0,-100.0,-100.0,-100.0,-100.0,-100.0,2.9941862,5.4660735,-200.0,-200.0,-100.0,-100.0,
-100.0,-100.0,3.787795,3.6335342,1.8631445,6.2198734,3.4616861,3.6530702,6.2655897,4.9422045,5.717646,0.24239069,6.3377786,5.74226,7.857587,7.240387,7.142412,-100.0,-100.0,-100.0,-100.0,-100.0,-100.0,-100.0,-100.0,-100.0,-100.0,-100.0,-100.0,-100.0,-100.0,-100.0,-100.0,-100.0,-100.0,-100.0,-100.0,-100.0,-100.0,-100.0,-100.0,-100.0,-100.0,-100.0,-100.0,-100.0,-100.0,-100.0,-100.0,-100.0,-100.0,-100.0,-100.0,3.789325,6.208746,9.052098,6.9523115,9.125628,5.1661596,8.047261,3.2240798,5.7233934,7.5452337,6.4839344,-100.0,-100.0,-100.0,-100.0,-100.0,-100.0,-100.0,-100.0,-100.0,-100.0,-100.0,-100.0,-100.0,-100.0,-100.0,-100.0,-100.0,-100.0,-100.0,0.44569245,5.43933,-200.0,-200.0,-100.0,-100.0,
-100.0,-100.0,4.062438,4.0192432,4.4114466,6.01504,5.5280294,4.860235,5.581492,0.6195381,5.4915137,7.8056393,5.5191255,7.3898597,7.151816,-200.0,-100.0,-100.0,-100.0,-100.0,-100.0,-100.0,-100.0,-100.0,-100.0,-100.0,-100.0,-100.0,-100.0,-100.0,-100.0,-100.0,-100.0,-100.0,-100.0,-100.0,-100.0,-100.0,-100.0,-100.0,-100.0,-100.0,-100.0,-100.0,-100.0,-100.0,-100.0,-100.0,-100.0,-100.0,-100.0,-100.0,-100.0,-100.0,7.5345197,7.7658696,6.9672847,7.971592,7.6126204,8.472168,7.08351,8.868319,8.450744,9.548014,-100.0,-100.0,-100.0,-100.0,-100.0,-100.0,-100.0,-100.0,-100.0,-100.0,-100.0,-100.0,-100.0,-100.0,-100.0,-100.0,-100.0,-100.0,-100.0,-100.0,5.892191,-200.0,-200.0,-100.0,-100.0,
-100.0,-100.0,0.53342605,0.25005126,4.664166,4.894389,4.331222,4.6389847,8.77735,4.650619,7.174601,7.6256948,4.394008,5.957425,6.62162,-100.0,-100.0,-100.0,-100.0,-100.0,-100.0,-100.0,-100.0,-100.0,-100.0,-100.0,-100.0,-100.0,-100.0,-100.0,-100.0,-100.0,-100.0,-100.0,-100.0,-100.0,-100.0,-100.0,-100.0,-100.0,-100.0,-100.0,-100.0,-100.0,-100.0,-100.0,-100.0,-100.0,-100.0,-100.0,-100.0,-100.0,-100.0,-100.0,7.061722,7.5428014,6.074543,6.4705544,5.9226336,5.7708473,6.443668,7.6794076,7.560886,6.242319,-100.0,-100.0,-100.0,-100.0,-100.0,-100.0,-100.0,-100.0,-100.0,-100.0,-100.0,-100.0,-100.0,-100.0,-100.0,-100.0,-100.0,-100.0,-100.0,5.1342683,-200.0,-200.0,-200.0,-100.0,-100.0,
-100.0,-100.0,4.2355356,3.0562184,7.137984,2.9040797,5.0459676,4.637956,4.856706,3.947603,9.305015,6.520648,8.770318,5.3638954,-100.0,-100.0,-100.0,-100.0,-100.0,-100.0,-100.0,-100.0,-100.0,-100.0,-100.0,-100.0,-100.0,-100.0,-100.0,-100.0,-100.0,-100.0,-100.0,-100.0,-100.0,-100.0,-100.0,-100.0,-100.0,-100.0,-100.0,-100.0,-100.0,-100.0,-100.0,-100.0,-100.0,-100.0,-100.0,-100.0,-100.0,-100.0,-100.0,-100.0,7.0671377,6.26317,6.293235,6.1133704,6.859241,6.5212226,7.8540573,6.527135,2.677096,-100.0,-100.0,-100.0,-100.0,-100.0,-100.0,-100.0,-100.0,-100.0,-100.0,-100.0,-100.0,-100.0,-100.0,-100.0,-100.0,-100.0,-100.0,-100.0,4.8705544,5.6705923,4.158351,-200.0,-200.0,-100.0,-100.0,
-100.0,-100.0,5.0184765,4.0550146,5.32202,8.425722,8.803456,3.5564542,4.0476604,7.574433,3.7603598,6.973995,4.6358643,6.2229304,-100.0,-100.0,-100.0,-100.0,-100.0,-100.0,-100.0,-100.0,-100.0,-100.0,-100.0,-100.0,-100.0,-100.0,-100.0,-100.0,-100.0,-100.0,-100.0,-100.0,-100.0,-100.0,-100.0,-100.0,-100.0,-100.0,-100.0,-100.0,-100.0,-100.0,-100.0,-100.0,-100.0,-100.0,-100.0,-100.0,-100.0,-100.0,-100.0,-100.0,4.943497,5.8933883,6.5150414,6.1648607,7.951771,5.480376,6.1937957,2.3009427,-100.0,-100.0,-100.0,-100.0,-100.0,-100.0,-100.0,-100.0,-100.0,-100.0,-100.0,-100.0,-100.0,-100.0,-100.0,-100.0,-100.0,-100.0,-100.0,5.992992,5.56395,4.5376716,5.708533,-200.0,-200.0,-100.0,-100.0,
-100.0,-100.0,3.8034558,3.941312,6.451284,2.8907707,5.595536,4.7755346,5.111915,6.475392,4.519739,3.9542406,8.071955,6.331288,-100.0,-100.0,-100.0,-100.0,-100.0,-100.0,-100.0,-100.0,-100.0,-100.0,-100.0,-100.0,-100.0,-100.0,-100.0,-100.0,-100.0,-100.0,-100.0,-100.0,-100.0,-100.0,-100.0,-100.0,-100.0,-100.0,-100.0,-100.0,-100.0,-100.0,-100.0,-100.0,-100.0,-100.0,-100.0,-100.0,-100.0,-100.0,-100.0,-100.0,5.631112,6.4894714,6.0911207,6.893205,8.030416,5.4562936,5.9813604,-200.0,-100.0,-100.0,-100.0,-100.0,-100.0,-100.0,-100.0,-100.0,-100.0,-100.0,5.6695027,-100.0,2.326765,6.8524175,5.7380795,6.69835,5.9157543,4.2147117,-100.0,5.17886,5.0090876,5.4321795,5.992925,-200.0,-200.0,-100.0,-100.0,
-100.0,-100.0,5.2201223,7.3032165,5.9699316,4.8532133,4.331425,9.281554,4.7252474,8.219518,5.9213815,4.6906314,9.584273,-0.027333645,-100.0,-100.0,-100.0,-100.0,-100.0,-100.0,-100.0,-100.0,-100.0,-100.0,-100.0,-100.0,-100.0,-100.0,-100.0,-100.0,-100.0,-100.0,-100.0,-100.0,-100.0,-100.0,-100.0,-100.0,-100.0,-100.0,-100.0,-100.0,-100.0,-100.0,-100.0,-100.0,-100.0,-100.0,-100.0,-100.0,-100.0,-100.0,-100.0,-100.0,6.701742,5.476642,6.0212026,6.8204546,5.4458327,6.7594314,6.110973,-100.0,-100.0,-100.0,-100.0,-100.0,-100.0,-100.0,-100.0,-100.0,-100.0,-100.0,7.737069,5.810755,5.73291,5.933292,5.1115975,5.969502,6.210085,6.254273,1.1132392,5.9882474,5.3341928,5.960248,-200.0,-100.0,-100.0,-100.0,-100.0,
-100.0,-100.0,5.0986648,5.5824113,6.2042866,3.9011843,8.548118,8.0215645,9.366617,1.3932065,6.543804,9.614317,5.7637067,7.8159456,2.6369362,-100.0,-100.0,-100.0,-100.0,6.6893797,5.964499,6.2024555,6.6106925,4.7499156,5.474129,7.6261206,8.187845,-100.0,-100.0,-100.0,-100.0,-100.0,-100.0,-100.0,-100.0,-100.0,-100.0,-100.0,-100.0,-100.0,-100.0,-100.0,-100.0,-100.0,-100.0,-100.0,-100.0,-100.0,-100.0,-100.0,-100.0,-100.0,-100.0,-100.0,2.0942087,6.915943,6.550936,6.5121727,5.622421,6.675903,5.3016596,-100.0,-100.0,-100.0,-100.0,-100.0,-100.0,-100.0,-100.0,-100.0,-100.0,-100.0,-100.0,6.0259147,5.4580364,6.124329,5.313571,6.298843,5.492724,5.2773685,6.1184726,1.4732502,5.812496,5.464262,-100.0,-100.0,-100.0,-100.0,-100.0,
-100.0,-100.0,0.07905972,6.0297775,4.016689,4.111908,2.4105816,4.226835,4.5377674,4.3121634,3.4151266,6.2616444,12.165707,3.9086437,11.33286,10.194032,7.5038667,9.362973,3.7726715,8.657235,8.088606,7.4604363,7.855812,7.9611225,8.349746,6.893051,8.416027,8.534791,11.24406,13.7925415,4.4184957,4.154131,11.48061,10.45773,9.488467,10.947169,16.778557,-100.0,6.44917,10.682759,5.422732,8.917699,10.076683,5.6018343,6.411585,7.7453747,7.973583,-100.0,-100.0,-100.0,-100.0,-100.0,-100.0,-100.0,5.952585,6.943943,6.7318673,6.5089116,6.1074505,6.229415,4.928756,-100.0,-100.0,-100.0,-100.0,-100.0,-100.0,-100.0,-100.0,-100.0,-100.0,-100.0,-100.0,-100.0,5.73847,6.3749547,6.3031583,6.209812,5.4047313,5.526711,5.9106865,4.254984,1.6529684,-200.0,-100.0,-100.0,-100.0,-100.0,-100.0,
-100.0,-100.0,0.4353452,6.7321687,3.8417106,5.9435663,4.5872,3.9959188,0.0944191,2.2637835,9.937808,11.434951,0.10446732,4.740259,5.0891423,7.4531937,5.9358087,10.486908,6.8999825,4.218281,8.973346,7.423445,7.9589825,7.0245285,6.201059,8.9419155,7.9684424,8.893177,10.002039,11.335751,13.2324,9.910926,12.06835,12.413822,9.947657,5.554143,14.2291565,13.377569,13.603798,10.226103,12.248146,9.0650835,9.448008,8.157167,8.342254,8.787037,9.264876,5.364964,-100.0,-100.0,-100.0,-100.0,-100.0,-100.0,7.756295,7.6276317,5.321795,6.5557017,6.6403646,5.648193,5.6988783,-100.0,-100.0,-100.0,-100.0,-100.0,-100.0,-100.0,-100.0,-100.0,-100.0,-100.0,-100.0,-100.0,6.703538,5.7739544,4.157937,4.7235584,5.607795,5.1026134,6.206706,5.9458966,-100.0,-100.0,-100.0,-100.0,-100.0,-100.0,-100.0,
-100.0,-100.0,6.392814,6.4318676,7.228898,8.320988,3.2842364,8.970221,9.505388,11.607374,12.384764,0.27622023,11.746011,2.9498181,8.38213,4.0691385,11.41916,11.498246,8.156857,4.323055,6.8445907,4.5444384,6.1293764,7.2191834,7.9632187,7.306356,8.112065,6.813694,7.5132465,8.596768,9.641096,4.9739404,10.357772,8.693324,11.245535,10.113326,11.146431,10.277836,10.11251,12.0372,13.62503,9.255259,10.068115,9.122509,8.724915,7.3340206,9.190272,10.006274,-100.0,-100.0,-100.0,-100.0,-100.0,7.889195,5.3596716,5.8086057,7.2166495,6.725917,5.2221465,5.75542,5.7275143,-100.0,-100.0,-100.0,-100.0,-100.0,-100.0,-100.0,-100.0,-100.0,-100.0,-100.0,-100.0,-100.0,6.189157,6.629729,5.4861317,5.7340226,5.3283095,3.9360785,3.6305568,5.2218885,-100.0,-100.0,-100.0,-100.0,-100.0,-100.0,-100.0,
-100.0,-100.0,5.8517594,2.6621602,7.482992,3.5539584,7.277854,8.335868,10.195834,8.70911,11.888153,13.972368,10.792249,3.0207815,10.616679,8.487824,11.254673,11.973073,8.998768,3.2409902,7.0109863,9.4795475,7.306856,7.1620755,6.3174453,8.314904,7.9912343,7.0745845,4.294137,9.307441,8.564607,7.9636893,7.5710945,10.910717,10.579318,7.259168,10.807559,9.511316,9.6828165,9.995854,9.7504425,9.2490015,9.897402,7.6616,9.07533,8.918336,7.724236,-200.0,-100.0,-100.0,-100.0,-100.0,-100.0,7.2181726,7.3841453,7.8713474,6.442076,4.9219236,6.4518404,6.0759587,6.058079,-100.0,-100.0,-100.0,-100.0,-100.0,-100.0,-100.0,-100.0,-100.0,-100.0,-100.0,-100.0,-100.0,7.0830927,0.24773498,5.868838,5.0696964,4.9589915,5.648492,5.539377,3.4853213,-100.0,-100.0,-100.0,-100.0,-100.0,-100.0,-100.0,
-100.0,-100.0,1.5454857,4.951888,5.5177293,3.452731,0.27928984,8.255463,9.456719,3.6710215,10.615013,3.2845144,13.613509,13.156771,2.9570975,6.7261877,3.6683629,7.6822534,4.953665,5.227661,7.865122,7.7208376,7.0891504,8.382648,5.050621,8.036378,8.41256,6.931093,8.271788,7.8939886,7.3478923,7.8078976,7.094302,7.6772385,12.020575,8.920095,9.126877,13.065058,9.347163,14.68492,10.05919,10.855029,8.959698,8.312286,11.134499,10.6175375,8.827222,-200.0,-100.0,-100.0,-100.0,-100.0,-100.0,5.7606997,8.328401,5.7095747,7.368225,6.621367,5.370579,-200.0,-200.0,-100.0,-100.0,-100.0,-100.0,-100.0,-100.0,-100.0,-100.0,-100.0,-100.0,-100.0,-100.0,-100.0,-100.0,-100.0,-100.0,5.2113924,4.9608974,3.8843462,5.2621536,2.5584078,-100.0,-100.0,-100.0,-100.0,-100.0,-100.0,-100.0,
-100.0,-100.0,4.1265883,3.8269458,5.336517,5.2618294,8.179222,8.880666,9.25608,11.504734,8.291474,10.27572,11.787147,14.537117,3.9703336,7.1661506,-0.01625,15.027059,9.70621,11.997581,10.976857,8.522344,6.7358565,7.748201,8.633228,8.341514,7.154939,8.637531,7.3713098,7.298388,9.220953,9.650636,6.214006,7.5973396,10.018357,11.67587,6.2424293,8.766571,8.861762,9.009973,9.90682,8.891527,8.39347,10.592048,8.128822,7.8602085,10.529941,7.732052,-100.0,-100.0,-100.0,-100.0,-100.0,6.2352905,8.026942,6.506594,7.6595826,7.212027,6.744811,-100.0,-100.0,-100.0,-100.0,-100.0,-100.0,-100.0,-100.0,-100.0,-100.0,-100.0,-100.0,-100.0,-100.0,-100.0,-100.0,-100.0,-100.0,3.8039396,-200.0,-100.0,-100.0,6.701962,-100.0,-100.0,-100.0,-100.0,-100.0,-100.0,-100.0,
-100.0,-100.0,2.6548772,4.082047,4.5894227,5.2516203,4.839994,7.711926,7.9608784,3.255715,3.3777974,1.9136391,3.6568255,14.405444,3.2517982,16.630533,10.011657,15.880623,9.602905,11.811941,4.5151744,6.326354,10.609678,6.304246,7.1266975,5.457229,8.190476,7.840977,7.9761815,6.4973717,7.571271,7.485483,9.732892,9.982628,10.402391,11.393198,13.38364,8.403385,9.188959,13.857433,9.661266,12.198729,10.00958,9.280179,8.965288,10.828292,10.65303,-200.0,-100.0,-100.0,-100.0,-100.0,-100.0,8.490536,5.1999493,6.5736265,5.563749,6.0414047,5.302904,6.2974124,5.4937778,5.579277,-100.0,-100.0,-100.0,-100.0,-100.0,-100.0,-100.0,-100.0,-100.0,-100.0,-100.0,-100.0,-100.0,-100.0,3.8206587,4.7881727,4.0455346,-100.0,-100.0,-100.0,-100.0,-100.0,-100.0,-100.0,-100.0,-100.0,-100.0,
-100.0,-100.0,4.401097,2.793289,4.769859,2.9249678,5.9721713,5.347582,-0.01625,8.896218,11.546567,13.0777235,3.3544655,9.59443,7.2881217,2.0146995,7.777422,18.649405,16.513697,16.696692,9.537317,4.864333,6.3673377,5.502808,6.0409846,5.589046,7.0812397,6.68498,7.341439,7.195616,9.005976,8.319114,8.018055,10.200913,11.60777,11.693212,7.889045,8.363704,7.8230557,11.26469,9.769132,9.279683,9.79937,11.145279,9.8495,11.733379,9.901393,7.967877,6.717553,-100.0,-100.0,-100.0,-100.0,5.801777,8.971071,5.508431,6.29448,6.3416457,5.5934625,4.2725115,4.4151406,6.7047863,2.6862538,-100.0,-100.0,-100.0,-100.0,-100.0,-100.0,-100.0,-100.0,-100.0,-100.0,-100.0,-100.0,-100.0,4.502667,4.4995356,5.190751,-100.0,-100.0,-100.0,-100.0,-100.0,-100.0,-100.0,-100.0,-100.0,-100.0,
-100.0,-100.0,2.9931786,0.051115263,4.4254527,3.98272,2.872638,2.8947494,7.704501,-0.016201837,2.9493725,7.992404,10.274333,1.8202955,3.834031,13.614568,18.903421,17.823734,16.852644,6.231263,14.351843,9.170963,11.205492,5.8471174,9.660329,7.9457226,8.002566,6.54254,6.932348,6.5410404,6.8228765,8.539526,7.01616,9.116436,7.2747407,6.9175816,11.53677,11.635556,10.100782,8.212897,14.277057,11.878175,9.0303,8.711633,7.50143,9.147775,10.282854,11.173416,8.571377,-100.0,-100.0,-100.0,-100.0,-100.0,6.418673,8.270562,5.920953,5.4762807,5.7586403,5.9139442,5.3240147,7.0184655,4.2053013,-100.0,-100.0,-100.0,-100.0,-100.0,-100.0,-100.0,-100.0,-100.0,-100.0,-100.0,-100.0,-100.0,-100.0,-100.0,-100.0,-100.0,-100.0,-100.0,-100.0,-100.0,-100.0,-100.0,-100.0,-100.0,-100.0,
-100.0,-100.0,-100.0,2.8145123,3.9025464,2.5561287,4.7223988,5.2898393,2.8423064,5.404125,0.14701813,3.178491,11.967055,7.6827016,15.779138,3.0282645,4.4783134,22.146353,12.7891,16.242208,16.561827,8.911173,5.7184763,9.522694,8.423244,8.834463,7.11658,7.478742,6.7036824,7.892205,8.050114,7.040017,6.6234317,8.393485,5.3820105,7.2230124,9.245219,9.028605,7.3620067,12.860612,13.204713,8.051179,7.5880303,11.553659,6.4421496,9.180342,7.888634,9.360428,8.602659,8.130324,-100.0,-100.0,-100.0,-100.0,8.037439,6.7701206,5.643155,5.494796,4.4610195,4.7741294,6.109048,6.2118897,6.798077,6.755073,2.9266896,-100.0,-100.0,-100.0,-100.0,-100.0,-100.0,-100.0,-100.0,-100.0,-100.0,-100.0,-100.0,-100.0,-100.0,-100.0,-100.0,-100.0,-100.0,-100.0,-100.0,-100.0,-100.0,-100.0,-100.0,
-100.0,-100.0,3.2073765,1.6789103,3.177696,3.8116643,3.8313153,3.816958,3.9831836,4.4826326,3.3913252,4.5314693,3.588029,2.3185284,0.22991592,-100.0,-100.0,21.866089,-0.016241135,8.577978,3.614397,4.59635,0.013523749,3.874883,6.2269893,4.790541,-200.0,0.91106415,-200.0,-200.0,6.496605,7.1521497,7.8426886,6.9680977,7.282045,8.697031,7.0624776,7.4989176,12.072187,9.697322,6.671786,13.059783,-200.0,6.6450305,2.7337904,8.501124,14.945828,9.737844,-200.0,9.627112,9.214134,-100.0,-100.0,4.893808,5.4305906,5.398461,5.5861263,5.0041823,5.4090247,2.703695,4.3783793,6.290514,6.4842186,4.383884,5.9489965,7.897274,5.0772305,1.9112754,1.2811944,-100.0,-100.0,-100.0,-100.0,-100.0,-100.0,-100.0,-100.0,-100.0,-100.0,-100.0,-100.0,-100.0,-100.0,-100.0,-100.0,-100.0,-100.0,-100.0,-100.0,
-100.0,-100.0,-100.0,1.2467558,2.5967119,2.8751245,2.5729456,2.4370794,4.0561075,4.298422,4.017803,3.7916222,4.4404645,6.273039,-100.0,-100.0,-100.0,-100.0,-100.0,-100.0,-100.0,-100.0,-100.0,-100.0,-100.0,-100.0,-100.0,-100.0,-100.0,-100.0,-100.0,-100.0,-100.0,-100.0,-100.0,-100.0,-100.0,-100.0,-100.0,-100.0,-100.0,-100.0,-100.0,-100.0,-100.0,-100.0,-100.0,-100.0,-100.0,-100.0,-100.0,-100.0,-100.0,-100.0,-100.0,-100.0,-100.0,-100.0,-100.0,-100.0,-100.0,-100.0,-100.0,-100.0,-100.0,-100.0,-100.0,-100.0,-100.0,-100.0,-100.0,-100.0,-100.0,-100.0,-100.0,-100.0,-100.0,-100.0,-100.0,-100.0,-100.0,-100.0,-100.0,-100.0,-100.0,-100.0,-100.0,-100.0,-100.0,
-100.0,-100.0,-0.01625,-0.01625,2.5678713,3.5098517,2.6757286,3.0791361,3.3584206,1.8628297,4.0871873,2.9185278,-200.0,-100.0,-100.0,-100.0,-100.0,-100.0,-100.0,-100.0,-100.0,-100.0,-100.0,-100.0,-100.0,-100.0,-100.0,-100.0,-100.0,-100.0,-100.0,-100.0,-100.0,-100.0,-100.0,-100.0,-100.0,-100.0,-100.0,-100.0,-100.0,-100.0,-100.0,-100.0,-100.0,-100.0,-100.0,-100.0,-100.0,-100.0,-100.0,-100.0,-100.0,-100.0,-100.0,-100.0,-100.0,-100.0,-100.0,-100.0,-100.0,-100.0,-100.0,-100.0,-100.0,-100.0,-100.0,-100.0,-100.0,-100.0,-100.0,-100.0,-100.0,-100.0,-100.0,-100.0,-100.0,-100.0,-100.0,-100.0,-100.0,-100.0,-100.0,-100.0,-100.0,-100.0,-100.0,-100.0,-100.0,
-100.0,-100.0,-0.01625,3.0927117,3.0464292,1.7643776,2.4464233,2.5646472,3.0376918,0.963755,4.4319572,4.60823,-100.0,-100.0,-100.0,-100.0,-100.0,-100.0,-100.0,-100.0,-100.0,-100.0,-100.0,-100.0,-100.0,-100.0,-100.0,-100.0,-100.0,-100.0,-100.0,-100.0,-100.0,-100.0,-100.0,-100.0,-100.0,-100.0,-100.0,-100.0,-100.0,-100.0,-100.0,-100.0,-100.0,-100.0,-100.0,-100.0,-100.0,-100.0,-100.0,-100.0,-100.0,-100.0,-100.0,-100.0,-100.0,-100.0,-100.0,-100.0,-100.0,-100.0,-100.0,-100.0,-100.0,-100.0,-100.0,-100.0,-100.0,-100.0,-100.0,-100.0,-100.0,-100.0,-100.0,-100.0,-100.0,-100.0,-100.0,-100.0,-100.0,-100.0,-100.0,-100.0,-100.0,-100.0,-100.0,-100.0,-100.0,
-100.0,-100.0,-0.01625,0.6786068,3.2700098,0.06780108,2.7702694,1.0365744,3.2917435,3.7598186,2.282002,4.196748,-100.0,-100.0,-100.0,-100.0,-100.0,-100.0,-100.0,-100.0,-100.0,-100.0,-100.0,-100.0,-100.0,-100.0,-100.0,-100.0,-100.0,-100.0,-100.0,-100.0,-100.0,-100.0,-100.0,-100.0,-100.0,-100.0,-100.0,-100.0,-100.0,-100.0,-100.0,-100.0,-100.0,-100.0,-100.0,-100.0,-100.0,-100.0,-100.0,-100.0,-100.0,-100.0,-100.0,-100.0,-100.0,-100.0,-100.0,-100.0,-100.0,-100.0,-100.0,-100.0,-100.0,-100.0,-100.0,-100.0,-100.0,-100.0,-100.0,-100.0,-100.0,-100.0,-100.0,-100.0,-100.0,-100.0,-100.0,-100.0,-100.0,-100.0,-100.0,-100.0,-100.0,-100.0,-100.0,-100.0,-100.0,
-100.0,-100.0,-100.0,2.6110756,2.340968,0.024406292,0.22107208,2.988212,3.1358733,2.6315966,3.4253333,-0.0056562684,-100.0,-100.0,-100.0,-100.0,-100.0,-100.0,-100.0,-100.0,-100.0,-100.0,-100.0,-100.0,-100.0,-100.0,-100.0,-100.0,-100.0,-100.0,-100.0,-100.0,-100.0,-100.0,-100.0,-100.0,-100.0,-100.0,-100.0,-100.0,-100.0,-100.0,-100.0,-100.0,-100.0,-100.0,-100.0,-100.0,-100.0,-100.0,-100.0,-100.0,-100.0,-100.0,-100.0,-100.0,-100.0,-100.0,-100.0,-100.0,-100.0,-100.0,-100.0,-100.0,-100.0,-100.0,-100.0,-100.0,-100.0,-100.0,-100.0,-100.0,-100.0,-100.0,-100.0,-100.0,-100.0,-100.0,-100.0,-100.0,-100.0,-100.0,-100.0,-100.0,-100.0,-100.0,-100.0,-100.0,-100.0,
-100.0,-100.0,-100.0,2.8209088,0.7676794,0.02894016,-0.01625,-0.028523041,-200.0,-200.0,-100.0,-100.0,-100.0,-100.0,-100.0,-100.0,-100.0,-100.0,-100.0,-100.0,-100.0,-100.0,-100.0,-100.0,-100.0,-100.0,-100.0,-100.0,-100.0,-100.0,-100.0,-100.0,-100.0,-100.0,-100.0,-100.0,-100.0,-100.0,-100.0,-100.0,-100.0,-100.0,-100.0,-100.0,-100.0,-100.0,-100.0,-100.0,-100.0,-100.0,-100.0,-100.0,-100.0,-100.0,-100.0,-100.0,-100.0,-100.0,-100.0,-100.0,-100.0,-100.0,-100.0,-100.0,-100.0,-100.0,-100.0,-100.0,-100.0,-100.0,-100.0,-100.0,-100.0,-100.0,-100.0,-100.0,-100.0,-100.0,-100.0,-100.0,-100.0,-100.0,-100.0,-100.0,-100.0,-100.0,-100.0,-100.0,-100.0,
-100.0,-100.0,-100.0,-100.0,-100.0,-100.0,-100.0,-100.0,-100.0,-100.0,-100.0,-100.0,-100.0,-100.0,-100.0,-100.0,-100.0,-100.0,-100.0,-100.0,-100.0,-100.0,-100.0,-100.0,-100.0,-100.0,-100.0,-100.0,-100.0,-100.0,-100.0,-100.0,-100.0,-100.0,-100.0,-100.0,-100.0,-100.0,-100.0,-100.0,-100.0,-100.0,-100.0,-100.0,-100.0,-100.0,-100.0,-100.0,-100.0,-100.0,-100.0,-100.0,-100.0,-100.0,-100.0,-100.0,-100.0,-100.0,-100.0,-100.0,-100.0,-100.0,-100.0,-100.0,-100.0,-100.0,-100.0,-100.0,-100.0,-100.0,-100.0,-100.0,-100.0,-100.0,-100.0,-100.0,-100.0,-100.0,-100.0,-100.0,-100.0,-100.0,-100.0,-100.0,-100.0,-100.0,-100.0,-100.0,-100.0,
-100.0,-100.0,-100.0,-100.0,-100.0,-100.0,-100.0,-100.0,-100.0,-100.0,-100.0,-100.0,-100.0,-100.0,-100.0,-100.0,-100.0,-100.0,-100.0,-100.0,-100.0,-100.0,-100.0,-100.0,-100.0,-100.0,-100.0,-100.0,-100.0,-100.0,-100.0,-100.0,-100.0,-100.0,-100.0,-100.0,-100.0,-100.0,-100.0,-100.0,-100.0,-100.0,-100.0,-100.0,-100.0,-100.0,-100.0,-100.0,-100.0,-100.0,-100.0,-100.0,-100.0,-100.0,-100.0,-100.0,-100.0,-100.0,-100.0,-100.0,-100.0,-100.0,-100.0,-100.0,-100.0,-100.0,-100.0,-100.0,-100.0,-100.0,-100.0,-100.0,-100.0,-100.0,-100.0,-100.0,-100.0,-100.0,-100.0,-100.0,-100.0,-100.0,-100.0,-100.0,-100.0,-100.0,-100.0,-100.0,-100.0,
