-100.0,-100.0,-100.0,-100.0,-100.0,-100.0,-100.0,-100.0,-100.0,-100.0,-100.0,-100.0,-100.0,-100.0,-100.0,-100.0,-100.0,-100.0,-100.0,-100.0,-100.0,-100.0,-100.0,-100.0,-100.0,-100.0,-100.0,-100.0,-100.0,-100.0,-100.0,-100.0,-100.0,-100.0,-100.0,-100.0,-100.0,-100.0,-100.0,-100.0,-100.0,-100.0,-100.0,-100.0,-100.0,-100.0,-100.0,-100.0,-100.0,
-100.0,-100.0,-100.0,-100.0,-100.0,-100.0,-100.0,-100.0,-100.0,-100.0,-100.0,-100.0,-100.0,-100.0,-100.0,-100.0,-100.0,-100.0,-100.0,-100.0,-100.0,-100.0,-100.0,-100.0,-100.0,-100.0,-100.0,-100.0,-100.0,-100.0,-100.0,-100.0,-100.0,-100.0,-100.0,-100.0,-100.0,-100.0,-100.0,-100.0,-100.0,-100.0,-100.0,-100.0,-100.0,-100.0,-100.0,-100.0,-100.0,
-100.0,-100.0,0.26534018,-100.0,-100.0,-100.0,-100.0,-100.0,-100.0,-100.0,-100.0,-100.0,-100.0,-100.0,-100.0,-100.0,-100.0,-100.0,-100.0,-100.0,-100.0,-100.0,-100.0,-100.0,-100.0,-100.0,-100.0,-100.0,-100.0,-100.0,-100.0,-100.0,-100.0,-100.0,-100.0,-100.0,-100.0,-100.0,-100.0,-100.0,-100.0,-100.0,-100.0,-100.0,-100.0,-100.0,-100.0,-100.0,-100.0,
-100.0,-100.0,0.5942532,0.8452003,0.74503934,1.3450669,1.271876,0.91929024,1.4149595,1.5162272,1.5895361,0.19275998,1.7109828,1.56661,1.6208762,0.049618226,1.8434447,1.9143615,0.027489932,1.572467,3.066393,3.0098228,2.0732205,3.2962294,1.6600779,1.0480876,2.3060305,3.5069244,2.8710535,-100.0,-100.0,-100.0,-100.0,-100.0,-100.0,-100.0,-100.0,-100.0,-100.0,-100.0,-100.0,-100.0,-100.0,-100.0,-100.0,-100.0,-100.0,-100.0,-100.0,
-100.0,-100.0,0.074845955,0.7179148,1.1017048,1.2923741,1.0846778,1.2135534,1.1039557,1.5779816,0.9553778,1.207665,1.8414912,1.9485811,1.3958571,1.8092792,1.8727883,1.9372517,2.1315446,0.71014893,2.9812477,3.1650684,3.684791,3.7076306,4.296365,3.9565215,3.0158346,3.777438,4.137053,4.2589555,5.4247127,4.6898165,5.735723,5.6623516,6.2250624,2.6274047,5.541638,0.5922221,3.657006,7.793281,-0.01625,0.2583685,-0.01625,4.218153,1.3148129,4.601748,5.543117,-100.0,-100.0,
-100.0,-100.0,0.7413469,0.20884515,0.83458745,1.068512,0.13059436,1.4677635,1.5465554,1.2815709,1.6995513,1.6182663,1.8735402,0.57339066,1.5753623,1.4540141,1.9516149,2.0393393,2.1221719,2.2050047,2.9705338,0.7900122,3.3572152,3.429144,3.570176,3.4927533,3.030366,2.5663881,3.7169752,3.4194968,2.5301423,5.1566167,6.8336496,4.7408204,6.837132,5.893493,7.317352,6.543889,7.2225127,8.229552,7.3657436,2.5598388,6.763747,7.121802,5.6137204,5.9995723,5.766134,-100.0,-100.0,
-100.0,-100.0,-0.0049391147,0.36970976,0.16640545,0.93863124,1.1883867,1.4009305,1.5343428,0.5866456,1.7544452,1.6531247,1.6834688,2.0377412,2.1463974,1.7081947,0.87066376,1.4216319,2.0914652,2.251678,2.2982342,2.920429,3.291458,3.6395037,1.8487791,4.1418376,3.6733048,2.737549,3.1921015,3.4709013,6.062616,4.2103477,6.7470684,5.360298,7.1293926,8.367282,2.7287292,6.106373,5.328578,8.003879,3.218055,5.9711647,5.292826,6.028289,6.8596144,3.3961613,2.954619,-100.0,-100.0,
-100.0,-100.0,0.39386496,0.34226212,0.1136719,0.92990065,1.2781401,1.5754429,1.5998443,1.4485837,1.6774046,1.7866317,1.9589813,2.0261428,2.25005,2.251428,1.9550472,2.1420665,2.2416427,2.606072,2.4467213,2.1739733,3.3705227,3.7537036,3.7088702,0.2543892,3.5941224,1.7581568,0.9422104,4.129659,3.9834483,7.1449466,4.563925,5.7562757,4.971646,7.274167,7.493077,7.0724998,8.196746,6.8440948,6.0154214,7.6549497,3.6626477,6.0558343,6.8782663,5.4480696,4.670663,-100.0,-100.0,
-100.0,-100.0,0.12288886,0.3369394,0.24379899,0.24585044,0.58691835,0.8368173,1.5642054,1.7201718,1.583596,1.906815,0.90218407,2.134449,2.0061457,2.2842777,2.1172335,2.2073267,2.3604238,2.5303586,2.7383902,2.8028672,3.6073735,3.5869322,3.4500232,4.434843,-100.0,-100.0,-100.0,-100.0,-100.0,-200.0,6.493918,2.2343664,7.4579625,7.3424425,6.643344,7.091956,7.194947,7.825941,6.942992,5.9114804,6.8377404,6.4896417,5.023584,5.639269,5.859821,-100.0,-100.0,
-100.0,-100.0,0.072131,0.37592918,0.36086968,0.22454444,0.3520183,0.86123586,1.4742774,1.4789401,1.8282984,1.9673111,2.022789,2.1061704,2.2159333,2.5058737,2.5269399,2.136159,2.4641511,2.4805794,2.6761715,2.595039,2.3929324,3.6633239,4.1395097,4.3914027,-100.0,-100.0,-100.0,-100.0,-100.0,-100.0,-100.0,-100.0,-100.0,-200.0,-0.016169777,6.7973895,6.866027,6.258791,6.767818,7.463276,8.15532,7.1007895,5.1854677,1.7857802,3.6526608,-100.0,-100.0,
-100.0,-100.0,-100.0,-100.0,-100.0,-100.0,-100.0,-100.0,-100.0,-100.0,-100.0,0.48691222,1.4920782,2.025587,0.63692915,2.3824167,2.5183353,2.7292466,2.2474437,1.7067518,2.6211417,2.4029272,2.8566413,3.0777743,3.9746158,-200.0,-200.0,-100.0,-100.0,-100.0,-100.0,-100.0,-100.0,-100.0,-100.0,-100.0,-100.0,-100.0,-100.0,-100.0,-100.0,-100.0,-0.01625,7.860214,8.003681,6.71295,0.27566487,-100.0,-100.0,
-100.0,-100.0,-100.0,-100.0,-100.0,-100.0,-100.0,-100.0,-100.0,-100.0,-100.0,-200.0,-200.0,-200.0,-200.0,-200.0,-200.0,0.48420027,2.2846735,1.2994771,2.5463967,2.3982031,2.8056989,2.992824,3.2520921,-200.0,-200.0,-100.0,-100.0,-100.0,-100.0,-100.0,-100.0,-100.0,-100.0,-100.0,-100.0,-100.0,-100.0,-100.0,-100.0,-100.0,5.312606,-0.01625,8.884885,8.377221,8.536564,-100.0,-100.0,
-100.0,-100.0,-100.0,-100.0,-100.0,-100.0,-100.0,-100.0,-100.0,-100.0,-100.0,-200.0,-200.0,-200.0,-200.0,-200.0,-200.0,-200.0,-200.0,-200.0,-200.0,-200.0,-200.0,0.6821118,-0.01625,-200.0,-100.0,-100.0,-100.0,-100.0,-100.0,-100.0,-100.0,-100.0,-100.0,-200.0,-200.0,-200.0,-200.0,-100.0,-100.0,-100.0,-100.0,-100.0,4.618889,7.831946,7.3137507,-100.0,-100.0,
-100.0,-100.0,-100.0,-100.0,-100.0,-100.0,-100.0,-100.0,-100.0,-100.0,-100.0,-200.0,-200.0,-200.0,-200.0,-200.0,-200.0,-200.0,-200.0,-200.0,-200.0,-200.0,-200.0,-200.0,0.76312286,-100.0,-100.0,-100.0,-100.0,-100.0,-100.0,-100.0,-100.0,-100.0,-100.0,-200.0,-200.0,-200.0,-200.0,-200.0,-200.0,-200.0,-100.0,-100.0,4.0158734,8.000362,7.428505,-100.0,-100.0,
-100.0,-100.0,-100.0,-100.0,-100.0,-100.0,-100.0,-100.0,-100.0,-100.0,-100.0,-100.0,-200.0,-200.0,-200.0,-200.0,-200.0,-200.0,-200.0,-200.0,-200.0,-200.0,-200.0,-200.0,2.612058,-100.0,-100.0,-100.0,-100.0,-100.0,-100.0,-100.0,-100.0,-100.0,-100.0,-100.0,-200.0,-200.0,-200.0,-200.0,-200.0,-200.0,-200.0,-100.0,4.4376845,6.6846867,-0.01625,-100.0,-100.0,
-100.0,-100.0,-100.0,-100.0,-100.0,-100.0,-100.0,-100.0,-100.0,-100.0,-100.0,-100.0,-200.0,-200.0,-200.0,-200.0,-200.0,-200.0,-200.0,-200.0,-200.0,-200.0,-200.0,1.5181137,1.5482754,3.0702455,3.0139894,3.8756342,5.706806,-100.0,4.611091,0.86368424,-100.0,-100.0,-100.0,-100.0,-100.0,-200.0,-200.0,-200.0,-200.0,-200.0,-200.0,-100.0,6.0354896,6.4891467,5.2861333,-100.0,-100.0,
-100.0,-100.0,-100.0,-100.0,-100.0,-100.0,-100.0,-100.0,-100.0,-100.0,-100.0,-100.0,-100.0,-100.0,-200.0,-200.0,-200.0,-200.0,-200.0,-200.0,-200.0,-200.0,-200.0,2.189654,1.781324,3.6872501,3.3346336,4.6931257,5.64026,5.1070986,6.6432858,5.136041,5.6581593,-100.0,-100.0,-100.0,-100.0,-200.0,-200.0,-100.0,-100.0,-100.0,-100.0,-100.0,6.706454,6.5720387,2.3190463,-100.0,-100.0,
-100.0,-100.0,-100.0,-100.0,-100.0,-100.0,-100.0,-100.0,-100.0,-100.0,-100.0,-100.0,-100.0,-100.0,-200.0,-200.0,-200.0,-200.0,-200.0,-200.0,-200.0,-200.0,-200.0,1.4429045,4.0252733,2.9540696,3.497045,2.5591195,4.44173,6.5624614,7.315681,7.284779,4.278166,-100.0,-100.0,-100.0,-100.0,-100.0,-100.0,-100.0,-100.0,1.29492,7.26647,5.30738,6.5249023,7.2014885,-200.0,-100.0,-100.0,
-100.0,-100.0,-100.0,-100.0,-100.0,-100.0,-100.0,-100.0,-100.0,-100.0,-100.0,-100.0,-100.0,-100.0,-200.0,-200.0,-200.0,-200.0,-200.0,-200.0,-200.0,-200.0,-200.0,1.3896606,-100.0,-100.0,1.1921653,3.3291004,6.6860847,6.7021055,5.913836,6.951299,-200.0,-100.0,-100.0,-100.0,-100.0,-100.0,-100.0,-100.0,-0.01625,7.207043,7.7594357,7.101945,7.669107,7.467697,-200.0,-100.0,-100.0,
-100.0,-100.0,-100.0,-100.0,-100.0,-100.0,-100.0,-100.0,-100.0,-100.0,-100.0,-100.0,-100.0,-100.0,-200.0,-200.0,-200.0,-200.0,-200.0,-200.0,-200.0,-200.0,-200.0,-200.0,-100.0,-100.0,-100.0,-100.0,-100.0,-100.0,-100.0,-100.0,-100.0,-100.0,-100.0,-100.0,-100.0,-100.0,-100.0,-100.0,5.400164,6.835292,6.861891,7.3929787,7.540975,7.3238096,6.1034474,-100.0,-100.0,
-100.0,-100.0,-100.0,-100.0,-100.0,-100.0,-100.0,-100.0,-100.0,-100.0,-100.0,-200.0,-200.0,-200.0,-200.0,-200.0,-200.0,-200.0,-200.0,-200.0,-200.0,-200.0,-200.0,-200.0,-100.0,-100.0,-100.0,-100.0,-100.0,-100.0,-100.0,-100.0,-100.0,-100.0,-100.0,-100.0,-100.0,-100.0,-100.0,-100.0,5.984005,6.8851304,6.941855,6.4702034,7.050436,6.4377074,-200.0,-100.0,-100.0,
-100.0,-100.0,-100.0,-100.0,-100.0,-100.0,-100.0,-100.0,-100.0,-100.0,-200.0,-200.0,-200.0,-200.0,-200.0,-200.0,-200.0,-200.0,-200.0,-200.0,-200.0,-200.0,-200.0,-100.0,-100.0,-100.0,-100.0,-100.0,-100.0,-100.0,-100.0,-100.0,-100.0,-100.0,-100.0,-100.0,-200.0,-100.0,-100.0,-100.0,-100.0,-0.01625,2.4662352,6.2450967,7.2327046,6.824033,-200.0,-100.0,-100.0,
-100.0,-100.0,-100.0,-100.0,-100.0,-100.0,-100.0,-100.0,-100.0,-100.0,-200.0,-200.0,-200.0,-200.0,-200.0,-200.0,-200.0,-200.0,-200.0,-200.0,-200.0,-200.0,-200.0,-100.0,-100.0,-100.0,-100.0,-100.0,-100.0,-100.0,-100.0,-100.0,-100.0,-200.0,-100.0,-100.0,-100.0,-100.0,-100.0,-100.0,-100.0,-100.0,7.5266833,6.889236,5.6361704,7.2796483,-200.0,-100.0,-100.0,
-100.0,-100.0,-100.0,-100.0,-100.0,-100.0,-100.0,-100.0,-100.0,-100.0,-200.0,-200.0,-200.0,-200.0,-200.0,-200.0,-200.0,-200.0,-200.0,-200.0,-200.0,-200.0,-200.0,-100.0,-100.0,-100.0,-100.0,-100.0,-100.0,-100.0,-100.0,-100.0,-200.0,-200.0,-200.0,-100.0,-100.0,-100.0,-100.0,-200.0,-200.0,-100.0,7.1348376,7.166124,6.7118645,7.528593,-200.0,-100.0,-100.0,
-100.0,-100.0,-100.0,-100.0,-100.0,-100.0,-100.0,-100.0,-100.0,-100.0,-200.0,-200.0,-200.0,-200.0,-200.0,-200.0,-200.0,-200.0,-200.0,-200.0,-200.0,-200.0,1.4796259,-100.0,-100.0,-100.0,-100.0,-100.0,-100.0,-100.0,-100.0,-100.0,-200.0,-200.0,-100.0,-100.0,-100.0,-100.0,-100.0,-200.0,-200.0,-100.0,6.8566184,6.3761315,6.8575697,6.4427114,-200.0,-100.0,-100.0,
-100.0,-100.0,-100.0,-100.0,-100.0,-100.0,-100.0,-100.0,-100.0,-100.0,-200.0,-200.0,-200.0,-200.0,-200.0,-200.0,-200.0,-200.0,-200.0,-200.0,-200.0,-200.0,1.7410748,2.1704676,1.7076508,1.7844627,2.582393,-100.0,-100.0,-100.0,-100.0,-100.0,-100.0,-100.0,-100.0,-100.0,-100.0,-100.0,-100.0,-200.0,-200.0,-100.0,6.637354,5.495206,6.0548024,6.8756495,-200.0,-100.0,-100.0,
-100.0,-100.0,-100.0,-100.0,-100.0,-100.0,-100.0,-100.0,-100.0,-100.0,-200.0,-200.0,-200.0,-200.0,-200.0,-200.0,-200.0,-200.0,-200.0,-200.0,-200.0,-200.0,1.8171631,2.3509355,2.3559299,2.0658033,2.4490218,2.3240063,3.1662726,3.1939483,2.5865605,4.2724004,-100.0,-100.0,-100.0,-100.0,-100.0,-100.0,-100.0,-200.0,-100.0,-100.0,5.523044,6.517167,5.087882,6.417436,-200.0,-100.0,-100.0,
-100.0,-100.0,-100.0,-100.0,-100.0,-100.0,-100.0,-100.0,-100.0,-100.0,-200.0,-200.0,-200.0,-200.0,-200.0,-200.0,-200.0,-200.0,-200.0,-200.0,-200.0,-200.0,2.0935836,2.606616,2.05929,3.0064545,1.7063699,2.6460907,3.2942703,3.5878868,3.3348663,3.6664128,4.567694,3.8769908,5.8860507,3.1978478,6.101043,4.18779,-100.0,-100.0,-100.0,5.9300137,6.13647,6.725203,6.631851,6.610492,-100.0,-100.0,-100.0,
-100.0,-100.0,-100.0,-100.0,-100.0,-100.0,-100.0,-100.0,-100.0,-100.0,-200.0,-200.0,-200.0,-200.0,-200.0,-200.0,-200.0,-200.0,-200.0,-200.0,-200.0,-200.0,1.5572308,2.128198,2.2139544,2.8732002,2.8122244,2.5631952,3.7847662,2.7125,3.0836554,4.1987324,4.291845,3.429519,4.849826,5.8503747,5.4731827,5.6516533,5.946181,4.925838,6.5532556,6.8718514,6.238327,5.59432,6.8708453,5.8032036,-100.0,-100.0,-100.0,
-100.0,-100.0,-100.0,-100.0,-100.0,-100.0,-100.0,-100.0,-100.0,-200.0,-200.0,-200.0,-200.0,-200.0,-200.0,-200.0,-200.0,-200.0,-200.0,-200.0,-200.0,-200.0,2.5967944,2.5801148,2.9300354,2.558642,2.12995,2.1716785,3.7679288,3.3648424,3.5602367,5.5714636,4.7486105,6.505963,3.74271,6.485823,5.6221743,6.540855,8.218678,6.193082,7.2427626,6.4739575,7.5654974,6.824252,5.88698,5.9078135,-100.0,-100.0,-100.0,
-100.0,-100.0,-100.0,-100.0,-100.0,-100.0,-100.0,-100.0,-100.0,-200.0,-200.0,-200.0,-200.0,-200.0,-200.0,-200.0,-200.0,-200.0,-200.0,-200.0,-200.0,-200.0,-200.0,2.7404754,3.25485,2.3803566,3.3455007,3.5171332,3.1166606,3.4325492,5.2134132,7.2290735,5.221721,5.6881485,5.657242,5.5783496,7.173481,3.031449,5.9131045,7.8705797,5.5267024,7.3320804,5.915959,4.7158,1.2252289,5.46101,-100.0,-100.0,-100.0,
-100.0,-100.0,-100.0,-100.0,-100.0,-100.0,-100.0,-100.0,-100.0,-200.0,-200.0,-200.0,-200.0,-200.0,-200.0,-200.0,-200.0,-200.0,-200.0,-200.0,-200.0,-200.0,-200.0,3.482747,2.6525435,3.0974243,2.9343379,3.1280525,4.917483,2.4053059,6.743489,5.4696126,4.052198,3.744429,5.6576557,7.355864,6.140879,6.635865,6.293537,5.6502585,5.67351,5.690289,4.728648,7.590104,7.639843,4.9857435,-100.0,-100.0,-100.0,
-100.0,-100.0,-100.0,-100.0,-100.0,-100.0,-100.0,-100.0,-100.0,-200.0,-200.0,-200.0,-200.0,-200.0,-200.0,-200.0,-200.0,-200.0,-200.0,-200.0,-200.0,-200.0,-200.0,4.075101,4.4332795,2.915906,3.4619415,1.6156155,7.0430975,4.4794736,3.4248755,6.5467267,4.333638,5.916727,3.16156,3.986168,6.242098,4.254861,6.471097,7.886059,4.925369,6.9997277,8.841699,7.1782823,6.61073,3.8061295,-100.0,-100.0,-100.0,
-100.0,-100.0,-100.0,-100.0,-100.0,-100.0,-100.0,-100.0,-100.0,-200.0,-200.0,-200.0,-200.0,-200.0,-200.0,-200.0,-200.0,-200.0,-200.0,-200.0,-200.0,-200.0,-200.0,2.3153925,2.592824,-200.0,-200.0,-200.0,-200.0,-200.0,-200.0,-100.0,-200.0,3.977553,2.0050657,7.4558625,5.1649213,6.482376,6.862664,6.0123067,8.642605,8.578314,6.8214197,6.340581,8.560492,6.7787104,-100.0,-100.0,-100.0,
-100.0,-100.0,-100.0,-100.0,-100.0,-100.0,-100.0,-100.0,-100.0,-200.0,-200.0,-200.0,-200.0,-200.0,-200.0,-200.0,-200.0,-200.0,-200.0,-200.0,-200.0,-200.0,-200.0,3.5082672,1.3002151,-100.0,-100.0,-100.0,-100.0,-100.0,-100.0,-100.0,-100.0,-100.0,-100.0,6.122575,0.988396,6.0797315,2.1952813,6.853759,7.727594,4.4502425,8.09919,9.2587805,8.891091,5.1702433,-100.0,-100.0,-100.0,
-100.0,-100.0,-100.0,-100.0,-100.0,-100.0,-100.0,-100.0,-100.0,-200.0,-200.0,-200.0,-200.0,-200.0,-200.0,-200.0,-200.0,-200.0,-200.0,-200.0,-200.0,-200.0,-200.0,2.820855,4.5706167,-100.0,-100.0,-100.0,-100.0,-100.0,-100.0,-100.0,-100.0,-100.0,-100.0,-100.0,-100.0,-100.0,-100.0,-100.0,8.434973,9.3960705,9.775752,8.459406,6.8896093,8.392408,-100.0,-100.0,-100.0,
-100.0,-100.0,-100.0,-100.0,-100.0,-100.0,-100.0,-100.0,-100.0,-200.0,-200.0,-200.0,-200.0,-200.0,-200.0,-200.0,-200.0,-200.0,-200.0,-200.0,-200.0,-200.0,-200.0,3.112469,1.8124183,-100.0,-100.0,-100.0,-100.0,-100.0,-100.0,-100.0,-100.0,-100.0,-100.0,-100.0,-100.0,-100.0,-100.0,-100.0,-100.0,5.5366197,9.236012,10.720139,10.140547,9.9539795,-100.0,-100.0,-100.0,
-100.0,-100.0,-100.0,-100.0,-100.0,-100.0,-100.0,-100.0,-100.0,-200.0,-200.0,-200.0,-200.0,-200.0,-200.0,-200.0,-200.0,-200.0,-200.0,-200.0,-200.0,-200.0,-200.0,2.3670206,4.7979727,-100.0,-100.0,-100.0,-100.0,-100.0,-100.0,-100.0,-100.0,-100.0,-100.0,-100.0,-100.0,-100.0,-100.0,-100.0,-100.0,-100.0,11.495924,11.016771,9.021419,9.34987,-100.0,-100.0,-100.0,
-100.0,-100.0,-100.0,-100.0,-100.0,-100.0,-100.0,-100.0,-100.0,-100.0,-200.0,-200.0,-200.0,-200.0,-200.0,-200.0,-200.0,-200.0,-200.0,-200.0,-200.0,-200.0,-200.0,5.8671117,4.0946484,-100.0,-100.0,-100.0,-100.0,-100.0,-100.0,-100.0,-100.0,-100.0,-100.0,-100.0,-100.0,-100.0,-100.0,-100.0,-100.0,-100.0,10.575923,10.77419,10.286398,9.953207,-100.0,-100.0,-100.0,
-100.0,-100.0,-100.0,-100.0,-100.0,-100.0,-100.0,-100.0,-100.0,-100.0,-200.0,-200.0,-200.0,-200.0,-200.0,-200.0,-200.0,-200.0,-200.0,-200.0,-200.0,-200.0,-200.0,1.5313965,-200.0,-100.0,-100.0,-100.0,-100.0,-100.0,-100.0,-100.0,-100.0,-100.0,-100.0,-100.0,-100.0,-100.0,-100.0,-100.0,-100.0,-100.0,12.011969,12.948385,5.5327954,9.782158,-100.0,-100.0,-100.0,
-100.0,-100.0,-100.0,-100.0,-100.0,-100.0,-100.0,-100.0,-100.0,-100.0,-200.0,-200.0,-200.0,-200.0,-200.0,-200.0,-200.0,-200.0,-200.0,-200.0,-200.0,-200.0,-200.0,-200.0,4.0141273,2.4437163,3.6897612,4.7138724,-100.0,-100.0,-100.0,-100.0,-100.0,-100.0,-100.0,-100.0,-100.0,-100.0,-100.0,-100.0,-100.0,-100.0,12.322875,11.284846,10.618048,10.958063,-100.0,-100.0,-100.0,
-100.0,-100.0,-100.0,-100.0,-100.0,-100.0,-100.0,-100.0,-100.0,-100.0,-200.0,-200.0,-200.0,-200.0,-200.0,-200.0,-200.0,-200.0,-200.0,-200.0,-200.0,-200.0,-200.0,-200.0,3.281779,2.6629548,3.258481,3.6423242,4.668284,5.1042986,-100.0,-100.0,-100.0,-100.0,-100.0,-100.0,-100.0,-100.0,-100.0,-100.0,-100.0,9.39945,11.869299,8.050807,11.523049,9.092116,-100.0,-100.0,-100.0,
-100.0,-100.0,-100.0,-100.0,-100.0,-100.0,-100.0,-100.0,-100.0,-100.0,-200.0,-200.0,-200.0,-200.0,-200.0,-200.0,-200.0,-200.0,-200.0,-200.0,-200.0,-200.0,-200.0,-200.0,2.8271582,3.7416902,3.4031901,3.5210426,3.7689807,-200.0,-100.0,-100.0,-100.0,-100.0,-100.0,-100.0,-100.0,-100.0,-100.0,7.6383004,9.956469,7.1058497,8.961256,10.011772,10.1372595,9.875732,-100.0,-100.0,-100.0,
-100.0,-100.0,-100.0,-100.0,-100.0,-100.0,-100.0,-100.0,-100.0,-100.0,-100.0,-200.0,-200.0,-200.0,-200.0,-200.0,-200.0,-200.0,-200.0,-200.0,-200.0,-200.0,-200.0,-200.0,2.4320939,3.1939375,2.36878,1.2385267,-100.0,-100.0,-100.0,-100.0,-100.0,-100.0,-100.0,-100.0,-100.0,8.329292,7.4909797,8.068674,8.782168,9.996146,8.473828,10.87698,7.956207,1.0786295,-100.0,-100.0,-100.0,
-100.0,-100.0,-100.0,-100.0,-100.0,-100.0,-100.0,-100.0,-100.0,-100.0,-100.0,-200.0,-200.0,-200.0,-200.0,-200.0,-200.0,-200.0,-200.0,-200.0,-200.0,-200.0,-200.0,-200.0,2.8802161,-200.0,-100.0,-100.0,-100.0,-100.0,-100.0,-100.0,-100.0,-100.0,-100.0,-100.0,6.7431226,5.616323,7.8310704,8.008257,7.962,8.323058,8.298992,7.844685,9.631252,6.5125437,-100.0,-100.0,-100.0,
-100.0,-100.0,-100.0,-100.0,-100.0,-100.0,-100.0,-100.0,-100.0,-100.0,-200.0,-200.0,-200.0,-200.0,-200.0,-200.0,-200.0,-200.0,-200.0,-200.0,-200.0,-200.0,-200.0,-200.0,-200.0,-100.0,-100.0,-100.0,-100.0,-100.0,-100.0,-100.0,-100.0,-100.0,-100.0,-100.0,7.4832993,6.437114,8.154865,7.223451,7.298605,7.8355966,7.8626256,8.3770485,6.9201574,5.6794086,-100.0,-100.0,-100.0,
-100.0,-100.0,-100.0,-100.0,-100.0,-100.0,-100.0,-100.0,-200.0,-200.0,-200.0,-200.0,-200.0,-200.0,-200.0,-200.0,-200.0,-200.0,-200.0,-200.0,-200.0,-200.0,-200.0,-200.0,-200.0,-100.0,-100.0,-100.0,-100.0,-100.0,-100.0,-100.0,-100.0,-100.0,-100.0,-100.0,2.7465765,7.2323046,7.4195523,7.211635,7.1058874,7.343984,5.2573757,5.546885,6.861119,6.444307,-100.0,-100.0,-100.0,
-100.0,-100.0,-100.0,-100.0,-100.0,-100.0,-100.0,-200.0,-200.0,-200.0,-200.0,-200.0,-200.0,-200.0,-200.0,-200.0,-200.0,-200.0,-200.0,-200.0,-200.0,-200.0,-200.0,-200.0,-200.0,-200.0,-100.0,-100.0,-100.0,-100.0,-100.0,-100.0,-100.0,-100.0,-100.0,-100.0,4.80334,5.053869,5.79197,7.0037384,6.5248,7.1236453,6.3275642,5.7200594,7.020225,4.73833,-100.0,-100.0,-100.0,
-100.0,-100.0,-100.0,-100.0,-100.0,-100.0,-200.0,-200.0,-200.0,-200.0,-200.0,-200.0,-200.0,-200.0,-200.0,-200.0,-200.0,-200.0,-200.0,-200.0,-200.0,-200.0,-200.0,-200.0,-200.0,-200.0,-200.0,-100.0,-100.0,-100.0,-100.0,-100.0,-100.0,-100.0,-100.0,3.9372222,5.437549,5.7769723,6.3576202,3.9130108,6.873934,6.74632,6.478675,7.8031745,7.999528,7.915456,-100.0,-100.0,-100.0,
-100.0,-100.0,-100.0,-100.0,-100.0,-200.0,-200.0,-200.0,-200.0,-200.0,-200.0,-200.0,-100.0,-100.0,-100.0,-100.0,-200.0,-200.0,-200.0,-200.0,-200.0,-200.0,-200.0,-200.0,-200.0,-200.0,-200.0,-100.0,-100.0,-100.0,-100.0,-100.0,-100.0,4.078644,4.0235586,6.9009404,7.4433675,6.5942626,7.922308,5.187529,8.094178,8.469396,8.055508,6.3055196,5.8435497,4.1304903,-100.0,-100.0,-100.0,
-100.0,-100.0,-100.0,-200.0,-200.0,-100.0,-100.0,-100.0,-100.0,-100.0,-100.0,-100.0,-100.0,-100.0,-100.0,-100.0,-100.0,-200.0,-200.0,-200.0,-200.0,-200.0,-200.0,-200.0,-200.0,-200.0,0.63305575,-100.0,-100.0,-100.0,6.499649,6.101616,6.0114136,6.536988,6.816575,7.823498,8.601438,7.7310004,6.35648,7.4695745,6.156479,6.15885,4.4748907,7.4410343,6.991316,5.08137,-100.0,-100.0,-100.0,
-100.0,-100.0,-100.0,-100.0,-100.0,-100.0,-100.0,-100.0,-100.0,-100.0,-100.0,-100.0,-100.0,-100.0,-100.0,-100.0,-100.0,-200.0,-200.0,1.6394802,3.25454,8.835559,7.5643253,0.8592947,1.9595678,5.7884374,7.7689676,4.284786,4.41516,4.1528306,6.273275,5.4303174,7.193802,5.5276337,2.9691694,7.5839195,7.289944,6.130509,7.4868636,6.5088334,6.4411535,6.3881755,6.0583305,5.5456786,5.4382973,5.969417,-100.0,-100.0,-100.0,
-100.0,-100.0,-100.0,-100.0,-100.0,-100.0,-100.0,-100.0,-100.0,-100.0,-100.0,-100.0,-100.0,-100.0,-100.0,-100.0,-100.0,-200.0,2.0226972,12.9837475,7.7737846,9.16628,8.130979,5.336652,6.681278,7.203546,6.4229007,4.3361063,6.5252714,5.24957,3.6131883,5.1404133,4.863539,5.8352175,4.9762297,5.7312994,3.3333569,4.686897,6.1351266,5.897977,5.129356,5.3769307,5.144008,5.692747,4.539382,-200.0,-100.0,-100.0,-100.0,
-100.0,-100.0,-100.0,-100.0,-100.0,-100.0,-100.0,-100.0,-100.0,-100.0,-100.0,-100.0,-100.0,-100.0,-100.0,-100.0,-100.0,-100.0,-100.0,4.706965,10.499191,7.986283,6.153413,6.289437,2.0940185,4.297891,5.813146,3.6781433,3.516549,5.484824,3.1244247,4.86591,0.7428836,4.8733053,5.4887915,5.2417107,4.6178465,4.4550033,6.185202,5.335314,5.478562,5.9288244,5.6501317,5.5194798,5.5547595,3.8035977,-100.0,-100.0,-100.0,
-100.0,-100.0,-100.0,-100.0,-100.0,-100.0,-100.0,-100.0,-100.0,-100.0,-100.0,-100.0,-100.0,-100.0,-100.0,-100.0,-100.0,-100.0,-100.0,4.7693434,3.0103312,3.9472158,5.4486747,5.832278,5.349969,4.727291,3.5652235,6.2208543,3.0573876,3.4213622,2.674991,4.525567,4.335166,4.108896,3.9869244,3.906377,5.220271,5.0038867,4.9461584,5.002034,6.012102,4.5584497,4.541709,3.989607,5.9079742,5.9308825,-100.0,-100.0,-100.0,
-100.0,-100.0,-100.0,-100.0,-100.0,-100.0,-100.0,-100.0,-100.0,-100.0,-100.0,-100.0,-100.0,-100.0,-100.0,-100.0,-100.0,-100.0,-100.0,7.747858,4.5473604,7.360609,6.6339765,4.4735694,5.0985084,2.4388504,3.532216,5.1424255,5.7385488,4.157229,4.7610497,4.517513,2.9745798,2.9187121,3.9287193,4.0038548,3.5220408,4.8542066,4.4657683,5.8068786,5.2992673,6.196435,6.6371627,6.669947,5.749916,4.9804215,-100.0,-100.0,-100.0,
-100.0,-100.0,-100.0,-100.0,-100.0,-100.0,-100.0,-100.0,-100.0,-100.0,-100.0,-100.0,-100.0,-100.0,-100.0,-100.0,-100.0,-100.0,-100.0,13.466098,1.9491636,7.992213,7.5274086,5.298961,4.335755,4.9536753,4.8600345,4.837585,4.3465376,3.8548825,4.4797897,4.8319664,3.8297105,3.9019427,3.371937,4.419796,4.4537473,5.0528865,4.880475,7.236759,4.629739,4.299842,5.1489835,7.067675,4.5100346,1.3270396,-100.0,-100.0,-100.0,
-100.0,-100.0,-100.0,-100.0,-100.0,-100.0,-100.0,-100.0,-100.0,-100.0,-100.0,-100.0,-100.0,-100.0,-100.0,-100.0,-100.0,-100.0,-100.0,-100.0,-100.0,-100.0,-100.0,10.087784,6.6050615,5.6790156,7.9105005,6.589587,4.122693,4.9800262,2.125838,4.1784296,3.7189324,4.137933,3.5106642,4.0886784,2.5137653,6.376555,5.949118,6.7101545,4.7547154,7.2711277,8.118092,7.9783764,4.657592,4.0502405,-100.0,-100.0,-100.0,
-100.0,-100.0,-100.0,-100.0,-100.0,-100.0,-100.0,-100.0,-100.0,-100.0,-100.0,-100.0,-100.0,-100.0,-100.0,-100.0,-100.0,-100.0,-100.0,-100.0,-100.0,-100.0,-100.0,9.760552,8.78437,8.673727,7.1776767,7.1699595,0.8202826,1.7905159,4.3680425,4.7379007,1.5246141,3.33914,3.553143,4.869694,7.2828813,5.1314106,7.9703393,3.6953146,5.569798,6.480663,7.190072,6.4443336,6.540927,3.7595928,-100.0,-100.0,-100.0,
-100.0,-100.0,-100.0,-100.0,-100.0,-100.0,-100.0,-100.0,-100.0,-100.0,-100.0,-100.0,-100.0,-100.0,-100.0,-100.0,-100.0,-100.0,-100.0,-100.0,-100.0,-100.0,-100.0,8.36626,8.051703,8.393741,6.399624,6.70136,6.2092404,1.7472502,4.385727,4.398126,-100.0,-100.0,-100.0,-100.0,-100.0,-100.0,-200.0,2.9637175,3.2879107,6.7312894,3.9259634,8.509511,7.808054,3.2356143,-100.0,-100.0,-100.0,
-100.0,-100.0,-100.0,-100.0,-100.0,-100.0,-100.0,-100.0,-100.0,-100.0,-100.0,-100.0,-100.0,-100.0,-100.0,-100.0,-100.0,-100.0,-100.0,-100.0,-100.0,-100.0,-100.0,8.118616,8.589902,4.1974134,7.329969,6.8838973,5.798752,5.133189,4.9454103,3.8789134,-100.0,-100.0,-100.0,-100.0,-100.0,-100.0,-100.0,-100.0,-100.0,-100.0,-100.0,-100.0,-100.0,-100.0,-100.0,-100.0,-100.0,
-100.0,-100.0,-100.0,-100.0,-100.0,-100.0,-100.0,-100.0,-100.0,-100.0,-100.0,-100.0,-100.0,-100.0,-100.0,-100.0,-100.0,-100.0,-100.0,-100.0,-100.0,-100.0,-100.0,1.1635818,1.2451344,0.6713193,6.4390044,3.9889178,1.5484804,3.851466,4.8980074,-200.0,-100.0,-100.0,-100.0,-100.0,-100.0,-100.0,-100.0,-100.0,-100.0,-100.0,-100.0,-100.0,-100.0,-100.0,-100.0,-100.0,-100.0,
-100.0,-100.0,-100.0,-100.0,-100.0,-100.0,-100.0,-100.0,-100.0,-100.0,-100.0,-100.0,-100.0,-100.0,-100.0,-100.0,-100.0,-100.0,-100.0,-100.0,-100.0,-100.0,-100.0,-100.0,-100.0,-100.0,-100.0,-100.0,-100.0,-100.0,-100.0,-100.0,-100.0,-100.0,-100.0,-100.0,-100.0,-100.0,-100.0,-100.0,-100.0,-100.0,-100.0,-100.0,-100.0,-100.0,-100.0,-100.0,-100.0,
-100.0,-100.0,-100.0,-100.0,-100.0,-100.0,-100.0,-100.0,-100.0,-100.0,-100.0,-100.0,-100.0,-100.0,-100.0,-100.0,-100.0,-100.0,-100.0,-100.0,-100.0,-100.0,-100.0,-100.0,-100.0,-100.0,-100.0,-100.0,-100.0,-100.0,-100.0,-100.0,-100.0,-100.0,-100.0,-100.0,-100.0,-100.0,-100.0,-100.0,-100.0,-100.0,-100.0,-100.0,-100.0,-100.0,-100.0,-100.0,-100.0,
