-100.0,-100.0,-100.0,-100.0,-100.0,-100.0,-100.0,-100.0,-100.0,-100.0,-100.0,-100.0,-100.0,-100.0,-100.0,-100.0,-100.0,-100.0,-100.0,-100.0,-100.0,-100.0,-100.0,-100.0,-100.0,-100.0,-100.0,-100.0,-100.0,-100.0,-100.0,-100.0,-100.0,-100.0,-100.0,-100.0,-100.0,-100.0,-100.0,-100.0,-100.0,-100.0,-100.0,-100.0,-100.0,-100.0,-100.0,-100.0,-100.0,-100.0,-100.0,-100.0,-100.0,-100.0,-100.0,-100.0,-100.0,-100.0,-100.0,-100.0,-100.0,-100.0,-100.0,-100.0,-100.0,-100.0,
-100.0,-100.0,-100.0,-100.0,-100.0,-100.0,-100.0,-100.0,-100.0,-100.0,-100.0,-100.0,-100.0,-100.0,-100.0,-100.0,-100.0,-100.0,-100.0,-100.0,-100.0,-100.0,-100.0,-100.0,-100.0,-100.0,-100.0,-100.0,-100.0,-100.0,-100.0,-100.0,-100.0,-100.0,-100.0,-100.0,-100.0,-100.0,-100.0,-100.0,-100.0,-100.0,-100.0,-100.0,-100.0,-100.0,-100.0,-100.0,-100.0,-100.0,-100.0,-100.0,-100.0,-100.0,-100.0,-100.0,-100.0,-100.0,-100.0,-100.0,-100.0,-100.0,-100.0,-100.0,-100.0,-100.0,
-100.0,-100.0,-100.0,-100.0,9.609066,-100.0,8.568947,6.50056,10.6722355,-100.0,-100.0,-100.0,8.777454,9.436682,9.475246,9.089753,9.01359,9.1168165,8.612887,-100.0,-100.0,8.015727,8.323154,7.8930283,7.3914757,-100.0,-100.0,7.65107,-100.0,-100.0,-100.0,-100.0,-100.0,-100.0,-100.0,-100.0,-100.0,-100.0,-100.0,-100.0,-100.0,-100.0,-100.0,-100.0,-100.0,-100.0,-100.0,-100.0,-100.0,-100.0,-100.0,-100.0,-100.0,-100.0,-100.0,-100.0,-100.0,-100.0,-100.0,-100.0,-100.0,-100.0,-100.0,-100.0,-100.0,-100.0,
-100.0,-100.0,-100.0,10.752917,11.678533,11.951938,9.844397,11.275932,9.922726,9.1416855,9.546205,8.904505,8.922673,9.272296,9.558767,9.588286,8.319508,8.437456,8.608332,9.494503,9.1391735,9.027997,8.370767,9.062748,10.683574,8.886906,14.106685,8.600752,9.447652,10.576379,12.056073,2.2452507,9.74382,4.061251,-100.0,-100.0,-100.0,-100.0,-100.0,-100.0,-100.0,-100.0,-100.0,-100.0,-100.0,-100.0,-100.0,-100.0,-100.0,-100.0,-100.0,-100.0,-100.0,-100.0,-100.0,-100.0,-100.0,-100.0,-100.0,-100.0,-100.0,-100.0,-100.0,-100.0,-100.0,-100.0,
-100.0,-100.0,-100.0,-100.0,11.47532,11.838772,11.835901,11.630716,11.25744,11.010626,9.19511,10.573477,10.084119,10.161672,9.550869,9.23704,8.960933,8.903048,8.647458,8.47748,9.179089,7.9586277,9.641505,9.250722,9.211493,9.723438,9.874535,9.779519,8.198347,11.567247,8.145937,12.343554,9.408088,11.494765,4.254796,-100.0,-100.0,-100.0,-100.0,-100.0,-100.0,-100.0,-100.0,-100.0,-100.0,-100.0,-100.0,-100.0,-100.0,-100.0,-100.0,-100.0,-100.0,-100.0,-100.0,-100.0,-100.0,-100.0,-100.0,-100.0,-100.0,-100.0,-100.0,-100.0,-100.0,-100.0,
-100.0,-100.0,-100.0,-100.0,10.727082,10.42264,10.821099,9.870779,10.9772215,11.439981,10.971597,9.088717,8.992644,10.102334,9.646796,9.255144,8.6899395,8.610907,10.212403,8.667453,8.378057,8.826503,9.092482,8.866272,9.832486,9.484151,7.8693256,9.658554,7.331088,8.183119,12.43804,12.205657,9.457456,9.175656,9.9601,-100.0,-100.0,-100.0,-100.0,-100.0,-100.0,-100.0,-100.0,-100.0,-100.0,-100.0,-100.0,-100.0,-100.0,-100.0,-100.0,-100.0,-100.0,-100.0,-100.0,-100.0,-100.0,-100.0,-100.0,-100.0,-100.0,-100.0,-100.0,-100.0,-100.0,-100.0,
-100.0,-100.0,-100.0,-100.0,10.811243,10.175257,11.49676,10.663063,11.056633,11.117442,9.3937845,10.159412,8.278589,8.919825,9.95079,8.008317,9.332101,9.055792,8.961288,9.962575,9.893449,9.796813,10.71524,9.088492,8.009366,10.406822,10.253435,9.722101,9.82283,12.316313,12.797317,11.547912,11.451228,9.056379,11.340969,-100.0,-100.0,-100.0,-100.0,-100.0,-100.0,-100.0,-100.0,-100.0,-100.0,-100.0,-100.0,-100.0,-100.0,-100.0,-100.0,-100.0,-100.0,-100.0,-100.0,-100.0,-100.0,-100.0,-100.0,-100.0,-100.0,-100.0,-100.0,-100.0,-100.0,-100.0,
-100.0,-100.0,-100.0,-100.0,8.715171,10.581222,11.139235,10.655727,9.833272,11.194105,10.752129,9.0003195,10.409554,8.938205,9.845998,9.566156,9.608841,9.425651,9.142338,8.793822,10.226303,8.599759,10.669279,9.782735,8.143032,8.744467,7.8751225,10.036281,10.77539,9.798074,10.79873,12.618182,10.647051,11.253153,0.5712035,-100.0,-100.0,-100.0,-100.0,-100.0,-100.0,-100.0,-100.0,-100.0,-100.0,-100.0,-100.0,-100.0,-100.0,-100.0,-100.0,-100.0,-100.0,-100.0,-100.0,-100.0,-100.0,-100.0,-100.0,-100.0,-100.0,-100.0,-100.0,-100.0,-100.0,-100.0,
-100.0,-100.0,-100.0,-100.0,10.54043,11.192428,10.057275,10.523585,10.382667,9.08646,10.015711,10.413908,9.853914,9.791383,9.930378,9.9905405,9.837376,10.132399,9.680462,10.727428,10.504807,10.111688,8.4998455,9.174394,9.013496,10.669074,10.33334,10.157614,10.862753,10.69096,12.12556,11.299827,11.438325,10.003839,-200.0,-100.0,-100.0,-100.0,-100.0,-100.0,-100.0,-100.0,-100.0,-100.0,-100.0,-100.0,-100.0,-100.0,-100.0,-100.0,-100.0,-100.0,-100.0,-100.0,-100.0,-100.0,-100.0,-100.0,-100.0,-100.0,-100.0,-100.0,-100.0,-100.0,-100.0,-100.0,
-100.0,-100.0,-100.0,-100.0,6.848477,9.417813,10.6720915,10.709875,10.296195,11.559786,10.22638,9.802476,10.824986,9.966976,10.065989,9.611377,10.350932,8.590735,9.937409,10.908813,10.748366,9.95953,11.678365,8.154056,9.010654,9.395934,9.718281,10.069924,9.142162,7.6359625,10.751989,10.17466,10.901475,11.149061,-200.0,-100.0,-100.0,-100.0,-100.0,-100.0,-100.0,-100.0,-100.0,-100.0,-100.0,-100.0,-100.0,-100.0,-100.0,-100.0,-100.0,-100.0,-100.0,-100.0,-100.0,-100.0,-100.0,-100.0,-100.0,-100.0,-100.0,-100.0,-100.0,-100.0,-100.0,-100.0,
-100.0,-100.0,-100.0,-100.0,9.460133,9.4313755,11.155937,10.452398,10.3788805,9.580431,10.465929,-200.0,-200.0,-200.0,-200.0,11.071612,-200.0,-200.0,8.64846,-200.0,-200.0,5.936157,7.357081,7.9825487,10.099156,4.0578175,8.533752,6.393997,10.832169,12.111055,10.780124,10.176834,10.976413,10.546637,6.036276,-100.0,-100.0,-100.0,-100.0,-100.0,-100.0,-100.0,-100.0,-100.0,-100.0,-100.0,-100.0,-100.0,-100.0,-100.0,-100.0,-100.0,-100.0,-100.0,-100.0,-100.0,-100.0,-100.0,-100.0,-100.0,-100.0,-100.0,-100.0,-100.0,-100.0,-100.0,
-100.0,-100.0,-100.0,-100.0,8.853231,9.644549,10.833782,10.306186,9.150174,10.454864,10.24235,-100.0,-100.0,-100.0,-100.0,-100.0,-100.0,-100.0,-100.0,-100.0,-100.0,-100.0,-100.0,-100.0,-100.0,-100.0,-100.0,10.235143,8.330363,8.644753,9.804216,10.598614,10.298108,10.196855,-200.0,-100.0,-100.0,-100.0,-100.0,-100.0,-100.0,-100.0,-100.0,-100.0,-100.0,-100.0,-100.0,-100.0,-100.0,-100.0,-100.0,-100.0,-100.0,-100.0,-100.0,-100.0,-100.0,-100.0,-100.0,-100.0,-100.0,-100.0,-100.0,-100.0,-100.0,-100.0,
-100.0,-100.0,-100.0,-100.0,9.646379,10.234328,10.687135,9.602525,12.252586,9.96244,11.321058,-100.0,-100.0,-100.0,-100.0,-100.0,-100.0,-100.0,-100.0,-100.0,-100.0,-100.0,-100.0,-100.0,-100.0,-100.0,8.740289,9.481383,10.056844,12.357621,10.198341,9.296433,9.045706,9.754586,-200.0,-100.0,-100.0,-100.0,-100.0,-100.0,-100.0,-100.0,-100.0,-100.0,-100.0,-100.0,-100.0,-100.0,-100.0,-100.0,-100.0,-100.0,-100.0,-100.0,-100.0,-100.0,-100.0,-100.0,-100.0,-100.0,-100.0,-100.0,-100.0,-100.0,-100.0,-100.0,
-100.0,-100.0,-100.0,9.479519,9.796658,8.972777,9.261977,12.7176075,10.3391,10.408284,10.220068,-100.0,-100.0,-100.0,-100.0,-100.0,-100.0,-100.0,-100.0,-100.0,-100.0,-100.0,-100.0,-100.0,-100.0,-100.0,7.4224687,13.305344,10.81285,8.65647,10.685666,10.133813,6.040534,9.987799,-200.0,-100.0,-100.0,-100.0,-100.0,-100.0,-100.0,-100.0,-100.0,-100.0,-100.0,-100.0,-100.0,-100.0,-100.0,-100.0,-100.0,-100.0,-100.0,-100.0,-100.0,-100.0,-100.0,-100.0,-100.0,-100.0,-100.0,-100.0,-100.0,-100.0,-100.0,-100.0,
-100.0,-100.0,-100.0,10.047975,11.556756,12.71044,10.452627,14.295647,11.146938,11.081828,10.19351,-100.0,-100.0,-100.0,-100.0,-100.0,-100.0,-100.0,-100.0,-100.0,-100.0,-100.0,-100.0,-100.0,-100.0,-100.0,9.947731,12.012199,8.462546,11.956142,11.9488125,11.343962,11.178789,10.666809,-200.0,-100.0,-100.0,-100.0,-100.0,-100.0,-100.0,-100.0,-100.0,-100.0,-100.0,-100.0,-100.0,-100.0,-100.0,-100.0,-100.0,-100.0,-100.0,-100.0,-100.0,-100.0,-100.0,-100.0,-100.0,-100.0,-100.0,-100.0,-100.0,-100.0,-100.0,-100.0,
-100.0,-100.0,-100.0,9.179088,8.337742,11.247609,12.898099,12.783666,9.183474,8.31355,12.947719,-100.0,-100.0,-100.0,-100.0,-100.0,-100.0,-100.0,-100.0,-100.0,-100.0,-100.0,-100.0,-100.0,-100.0,-100.0,12.257342,10.950474,12.550522,12.793935,11.419014,11.161472,9.755976,9.393816,-100.0,-100.0,-100.0,-100.0,-100.0,-100.0,-100.0,-100.0,-100.0,-100.0,-100.0,-100.0,-100.0,-100.0,-100.0,-100.0,-100.0,-100.0,-100.0,14.26619,1.9423755,5.066658,2.0109253,9.992592,-100.0,-100.0,-100.0,-100.0,-100.0,-100.0,-100.0,-100.0,
-100.0,-100.0,-100.0,-100.0,12.87661,10.894906,11.917992,11.352725,11.20061,11.759819,13.701596,-100.0,-100.0,-100.0,-100.0,-100.0,-100.0,-100.0,-100.0,-100.0,-100.0,-100.0,-100.0,-100.0,-100.0,-100.0,10.738954,8.406917,10.993286,8.842817,11.972506,11.518371,10.97119,10.535455,10.352705,11.691101,-100.0,-100.0,-100.0,9.659181,8.780472,5.0733914,4.5908937,-100.0,-100.0,-100.0,-100.0,-100.0,-100.0,-100.0,7.871908,9.8016205,13.114535,12.162419,14.758531,5.699714,12.045702,5.277911,6.7445836,-100.0,-100.0,-100.0,-100.0,-100.0,-100.0,-100.0,
-100.0,-100.0,-100.0,-100.0,12.607766,10.862034,12.105696,10.938681,8.068227,11.987298,9.61982,-100.0,-100.0,-100.0,-100.0,-100.0,-100.0,-100.0,-100.0,-100.0,-100.0,-100.0,-100.0,-100.0,-100.0,-100.0,9.425049,13.122776,12.557458,12.086134,11.020818,9.361973,10.981259,11.294242,12.092098,11.22494,10.184467,10.831133,11.026621,9.151222,10.766304,12.428987,-200.0,-100.0,-100.0,-100.0,-100.0,-100.0,-100.0,-100.0,-100.0,-100.0,-100.0,3.2241828,9.379525,13.83492,12.067587,12.952222,11.212443,4.310204,-100.0,-100.0,-100.0,-100.0,-100.0,-100.0,
-100.0,-100.0,-100.0,-100.0,9.631853,12.66319,13.270954,10.68369,10.411184,12.957,9.52581,-100.0,-100.0,-100.0,-100.0,-100.0,-100.0,-100.0,-100.0,-100.0,-100.0,-100.0,-100.0,-100.0,-100.0,-100.0,10.543547,12.361805,12.10895,10.816052,10.718678,10.058904,9.963876,11.671446,11.890706,11.550764,10.990936,10.3972435,11.70364,13.125585,12.135736,13.93953,-200.0,-100.0,-100.0,-100.0,-100.0,-100.0,-100.0,-100.0,-100.0,-100.0,-100.0,-100.0,-100.0,10.723602,15.166406,14.142732,13.054249,13.208253,-100.0,-100.0,-100.0,-100.0,-100.0,-100.0,
-100.0,-100.0,-100.0,-100.0,11.303802,12.417681,10.483399,11.010325,12.746601,12.261801,14.975589,10.00813,6.582343,-100.0,-100.0,-100.0,-100.0,-100.0,-100.0,-100.0,-100.0,-100.0,-100.0,-100.0,-100.0,12.373597,10.807836,12.302606,11.730457,10.659649,10.246085,11.013937,10.884236,10.6580715,12.174373,10.437236,11.398891,9.525323,12.01568,11.81014,11.632167,11.909292,10.570829,-100.0,-100.0,-100.0,-100.0,-100.0,-100.0,-100.0,-100.0,-100.0,-100.0,-100.0,4.96557,16.473574,15.881729,8.847743,8.088799,6.267383,-100.0,-100.0,-100.0,-100.0,-100.0,-100.0,
-100.0,-100.0,-100.0,-100.0,6.60278,11.5392475,12.793916,11.905848,12.826428,12.726484,12.941413,10.641418,12.973973,-100.0,-100.0,-100.0,-100.0,-100.0,-100.0,-100.0,-100.0,-100.0,-100.0,-100.0,12.400632,12.205104,11.637732,10.738557,-200.0,-100.0,-100.0,-100.0,-200.0,-200.0,12.334979,4.885796,13.214503,12.040839,10.740063,12.412531,12.245827,12.556808,-200.0,-100.0,-100.0,-100.0,-100.0,-100.0,-100.0,-100.0,-100.0,-100.0,-100.0,-100.0,-100.0,14.049302,13.225009,3.5722532,13.586001,5.6307983,-100.0,-100.0,-100.0,-100.0,-100.0,-100.0,
-100.0,-100.0,-100.0,-100.0,13.154919,12.811463,12.719896,11.091533,14.018796,11.163623,9.920653,11.575317,12.960442,10.374479,-100.0,-100.0,-100.0,-100.0,-100.0,-100.0,-100.0,-100.0,-100.0,13.185629,11.26957,12.35887,12.23836,11.548152,-200.0,-100.0,-100.0,-100.0,-100.0,-100.0,-100.0,-100.0,-100.0,4.924242,11.522284,11.834489,12.121499,11.539523,-200.0,-100.0,-100.0,-100.0,-100.0,-100.0,-100.0,-100.0,-100.0,-100.0,-100.0,-100.0,9.489474,13.475654,11.653477,12.611207,3.7226605,6.4427505,-100.0,-100.0,-100.0,-100.0,-100.0,-100.0,
-100.0,-100.0,-100.0,-100.0,13.112621,12.137435,13.045476,11.261737,12.981327,9.703723,12.30377,12.136077,9.248488,12.434788,12.343458,13.628821,12.274473,-100.0,10.916547,10.308172,8.801844,10.453144,11.347922,11.336956,12.0149145,12.4023905,12.52412,11.81167,-100.0,-100.0,-100.0,-100.0,-100.0,-100.0,-100.0,-100.0,-100.0,-100.0,11.382535,13.393343,8.745329,11.946554,-200.0,-100.0,-100.0,-100.0,-100.0,-100.0,-100.0,-100.0,5.589212,4.9081526,16.888096,15.454216,14.191519,11.296554,12.864725,13.990716,10.882399,5.4198475,-100.0,-100.0,-100.0,-100.0,-100.0,-100.0,
-100.0,-100.0,-100.0,8.82,11.995175,12.940136,9.428883,12.119428,11.070561,12.202757,11.841988,9.732728,10.905073,12.633829,14.079235,11.5687,10.821855,12.345264,11.55175,10.183288,12.356137,11.742411,12.775166,11.628982,11.699808,11.380433,10.3123255,12.685956,-100.0,-100.0,-100.0,-100.0,-100.0,-100.0,-100.0,-100.0,-100.0,3.6951473,12.389106,12.578253,13.378666,12.701573,13.804045,13.251485,13.085183,10.26782,13.446732,14.859697,16.239471,17.863707,16.502804,14.832516,15.719004,15.459219,14.997136,15.718047,13.985785,13.428702,13.249737,10.4633045,-100.0,-100.0,-100.0,-100.0,-100.0,-100.0,
-100.0,-100.0,-100.0,11.132056,11.462468,11.779838,11.5044155,11.607974,12.024927,10.848064,11.501746,12.512428,12.431462,12.146034,13.701211,12.102674,11.8246355,10.409923,11.749218,12.483723,11.10016,11.140384,12.576066,10.976151,11.797225,12.092832,11.843004,-200.0,-100.0,-100.0,-100.0,-100.0,-100.0,-100.0,-100.0,-100.0,-100.0,11.625817,13.139319,13.71062,13.44074,11.798804,11.318855,11.965432,14.077016,15.640589,13.851032,17.501953,10.9921055,9.51749,14.342619,16.329762,11.270314,11.733676,14.008924,11.795074,12.592242,9.258159,12.901597,12.364982,-100.0,-100.0,-100.0,-100.0,-100.0,-100.0,
-100.0,-100.0,-100.0,8.099835,10.652899,12.987745,12.119596,12.607095,10.799025,11.138399,10.705903,11.690824,12.35104,10.175808,12.22267,9.541863,12.003517,10.372729,11.619628,9.625494,11.904557,12.116869,11.424754,10.403311,10.389937,12.093572,12.062897,11.3996105,-100.0,-100.0,-100.0,-100.0,-100.0,-100.0,-100.0,-100.0,-100.0,6.7324934,13.827104,12.905258,10.847561,14.746925,11.258632,12.515028,13.535393,13.62111,12.091404,9.883326,10.329798,13.680138,13.203017,13.792965,14.991221,14.691385,14.538538,14.528885,13.386418,11.099897,5.0873933,11.010113,-100.0,-100.0,-100.0,-100.0,-100.0,-100.0,
-100.0,-100.0,-100.0,10.964532,12.785624,13.21223,12.829912,10.815724,11.332473,9.779174,11.450329,10.666208,10.752648,10.589958,12.084013,10.891482,11.256295,11.97431,11.719213,11.833352,13.207564,12.169346,11.615304,11.886344,11.486493,10.081671,13.09878,12.204435,-100.0,-100.0,-100.0,-100.0,-100.0,-100.0,-100.0,-100.0,-100.0,14.571603,13.975217,13.822045,13.615959,12.858154,7.1874986,-100.0,-100.0,-100.0,-100.0,-100.0,6.3533845,10.18749,15.0638685,11.844871,14.479182,9.9302225,14.69869,13.505624,13.459147,12.614707,11.020862,7.1706114,5.590408,-100.0,-100.0,-100.0,-100.0,-100.0,
-100.0,-100.0,-100.0,11.2822485,11.410911,10.73709,10.529753,8.357591,11.040117,11.173814,11.523227,10.557779,10.874422,11.970961,11.667279,11.01143,10.810964,11.266733,12.103885,10.827719,11.030523,10.690322,12.193059,10.127385,12.61115,12.338209,11.855986,13.430637,-100.0,-100.0,-100.0,-100.0,-100.0,-100.0,-100.0,-100.0,-100.0,13.057129,13.270246,14.2754755,12.925081,13.028216,-200.0,-100.0,-100.0,-100.0,-100.0,-100.0,-100.0,-100.0,15.033118,11.393327,13.949605,14.400923,6.904095,12.106898,12.31837,10.983224,7.19069,12.547432,-100.0,-100.0,-100.0,-100.0,-100.0,-100.0,
-100.0,-100.0,-100.0,10.152883,9.95758,11.102451,8.2363205,10.827946,10.711232,10.910218,11.102481,10.587534,-200.0,10.870842,11.05836,10.970032,11.108007,10.555404,12.033991,10.594925,4.8760004,8.6428175,10.591058,9.339438,10.907401,11.8359,14.198664,13.37165,13.322453,-100.0,-100.0,-100.0,-100.0,-100.0,-100.0,-100.0,-100.0,8.006793,14.130522,13.07801,13.949288,13.449399,10.27608,-100.0,-100.0,-100.0,-100.0,-100.0,-100.0,-100.0,14.801674,14.821625,14.265665,13.984056,13.618997,13.192166,12.775229,12.287646,12.680397,11.508019,-100.0,-100.0,-100.0,-100.0,-100.0,-100.0,
-100.0,-100.0,-100.0,8.694203,9.859417,10.052061,10.164831,11.455811,10.503523,8.044245,-200.0,-100.0,-100.0,-100.0,10.510453,10.977604,8.732096,9.3671255,-200.0,-100.0,-100.0,-100.0,10.748041,12.577715,14.527997,12.660114,13.22806,13.70905,-200.0,-100.0,-100.0,-100.0,-100.0,-100.0,-100.0,-100.0,-100.0,7.16651,12.371974,15.098493,11.986252,13.698293,6.6577535,-100.0,-100.0,-100.0,-100.0,-100.0,-100.0,-100.0,10.331124,10.101392,15.004806,14.816929,13.490266,11.424443,9.460894,10.58764,11.619989,3.9933088,-100.0,-100.0,-100.0,-100.0,-100.0,-100.0,
-100.0,-100.0,-100.0,10.955589,10.422348,11.108134,10.569785,10.998188,12.816433,-100.0,-100.0,-100.0,-100.0,-100.0,-100.0,-200.0,-200.0,-200.0,-100.0,-100.0,-100.0,-100.0,-100.0,11.549095,12.582203,11.7354145,14.003931,13.968239,-200.0,-100.0,-100.0,-100.0,-100.0,-100.0,-100.0,-100.0,-100.0,12.919426,13.938918,13.962691,14.691216,13.741779,-200.0,-100.0,-100.0,-100.0,-100.0,-100.0,-100.0,-100.0,15.404725,13.798654,14.726571,13.607151,8.901244,12.770788,9.972669,12.046656,9.20527,10.000923,-100.0,-100.0,-100.0,-100.0,-100.0,-100.0,
-100.0,-100.0,-100.0,11.222538,11.743657,9.901599,10.248493,12.602734,3.971955,-100.0,-100.0,-100.0,-100.0,-100.0,-100.0,-100.0,-100.0,-100.0,-100.0,-100.0,-100.0,-100.0,-100.0,-100.0,13.293788,15.060112,13.263026,11.74083,-200.0,-100.0,-100.0,-100.0,-100.0,-100.0,-100.0,-100.0,-100.0,13.601923,13.942851,4.046936,14.713734,14.504123,-200.0,-100.0,-100.0,-100.0,-100.0,-100.0,-100.0,-100.0,14.885438,12.465244,13.169591,13.3081455,11.375252,12.58035,11.741198,12.431016,11.958994,13.311948,-100.0,-100.0,-100.0,-100.0,-100.0,-100.0,
-100.0,-100.0,-100.0,10.441825,10.049072,9.982017,11.727611,10.20719,11.892599,-100.0,-100.0,-100.0,-100.0,-100.0,-100.0,-100.0,-100.0,-100.0,-100.0,-100.0,-100.0,-100.0,-100.0,-100.0,12.527818,11.885679,12.532289,13.803032,-100.0,-100.0,-100.0,-100.0,-100.0,-100.0,-100.0,-100.0,-100.0,14.3648,15.353383,13.686404,13.402215,14.5745325,-200.0,-100.0,-100.0,-100.0,-100.0,-100.0,-100.0,-100.0,14.430284,13.6585455,9.750345,13.005867,12.796176,11.088896,11.57375,11.558632,8.98301,10.014573,-100.0,-100.0,-100.0,-100.0,-100.0,-100.0,
-100.0,-100.0,-100.0,10.463831,8.940807,11.899097,13.0195675,9.532745,12.354193,-100.0,-100.0,-100.0,-100.0,-100.0,-100.0,-100.0,-100.0,-100.0,-100.0,-100.0,-100.0,-100.0,-100.0,10.251366,12.598582,12.778514,13.123586,10.453442,-100.0,-100.0,-100.0,-100.0,-100.0,-100.0,-100.0,-100.0,-100.0,13.849777,14.298484,13.620783,14.594599,12.500395,13.948024,-100.0,-100.0,-100.0,-100.0,-100.0,-100.0,-100.0,14.531089,14.164813,14.071207,13.277265,13.721694,11.944335,11.864149,11.353866,11.594942,3.249908,-100.0,-100.0,-100.0,-100.0,-100.0,-100.0,
-100.0,-100.0,-100.0,11.54942,10.503684,12.8633375,13.15782,11.740258,14.157194,8.644591,-100.0,-100.0,-100.0,-100.0,-100.0,-100.0,-100.0,-100.0,-100.0,-100.0,-100.0,-100.0,-100.0,13.996856,14.647222,12.275189,12.95652,12.712884,-100.0,-100.0,-100.0,-100.0,-100.0,-100.0,-100.0,-100.0,-100.0,13.453691,14.599936,13.955706,14.070201,14.638806,-200.0,-100.0,-100.0,-100.0,-100.0,-100.0,-100.0,-100.0,14.367454,14.090565,13.959163,13.601009,13.410951,13.022509,11.507778,12.67576,14.637137,-200.0,-100.0,-100.0,-100.0,-100.0,-100.0,-100.0,
-100.0,-100.0,-100.0,9.188351,12.381713,12.555419,11.552813,12.3821125,13.659273,12.591112,7.4465055,-100.0,-100.0,-100.0,-100.0,-100.0,-100.0,-100.0,-100.0,-100.0,-100.0,-100.0,13.631854,12.773429,12.716639,15.082932,13.112693,11.411706,-100.0,-100.0,-100.0,-100.0,-100.0,-100.0,-100.0,-100.0,-100.0,13.594618,13.797482,12.2823,15.045033,14.608305,-200.0,-100.0,-100.0,-100.0,-100.0,-100.0,-100.0,-100.0,13.192589,6.7239285,9.324299,13.860197,13.5804405,12.925389,11.68737,14.004716,11.0988655,3.25,-100.0,-100.0,-100.0,-100.0,-100.0,-100.0,
-100.0,-100.0,-100.0,11.130915,11.630193,12.158298,11.900364,13.02359,12.863212,10.188014,-100.0,-100.0,-100.0,-100.0,-100.0,-100.0,-100.0,-100.0,-100.0,-100.0,-100.0,-100.0,13.689518,14.306046,15.339918,11.765488,14.293947,10.705047,-100.0,-100.0,-100.0,-100.0,-100.0,-100.0,-100.0,-100.0,-100.0,13.344955,14.512726,14.741683,13.543967,13.925242,3.9038773,-100.0,-100.0,-100.0,-100.0,-100.0,-100.0,-100.0,14.419959,14.361895,10.3917465,13.163795,13.002837,10.876303,10.460717,11.210005,13.151302,14.612352,-100.0,-100.0,-100.0,-100.0,-100.0,-100.0,
-100.0,-100.0,-100.0,11.056488,10.530948,11.969591,12.873125,12.96814,8.199959,-200.0,-100.0,-100.0,-100.0,-100.0,-100.0,-100.0,-100.0,-100.0,-100.0,-100.0,-100.0,-100.0,12.168721,12.742854,15.140551,15.692116,15.169372,11.811697,-100.0,-100.0,-100.0,-100.0,-100.0,-100.0,-100.0,-100.0,-100.0,13.777664,14.10568,8.327049,13.53054,14.451333,10.15362,-100.0,-100.0,-100.0,-100.0,-100.0,-100.0,5.3294744,13.228366,13.197171,14.450696,13.516559,11.62501,11.659246,4.424392,10.882227,15.594147,14.249995,-100.0,-100.0,-100.0,-100.0,-100.0,-100.0,
-100.0,-100.0,-100.0,10.950219,7.357811,8.052015,11.721926,11.972583,-200.0,-100.0,-100.0,-100.0,-100.0,-100.0,-100.0,-100.0,-100.0,-100.0,-100.0,-100.0,-100.0,-100.0,12.047541,12.223629,14.394135,12.782943,14.910305,8.862218,-100.0,-100.0,-100.0,-100.0,-100.0,-100.0,-100.0,-100.0,-100.0,13.910795,12.814501,14.748111,14.604606,13.9362335,11.525744,-100.0,-100.0,-100.0,-100.0,-100.0,-100.0,7.5182514,14.053715,14.518859,12.619951,13.320862,10.252765,12.191585,10.15365,11.169927,13.133189,14.357314,-100.0,-100.0,-100.0,-100.0,-100.0,-100.0,
-100.0,-100.0,-100.0,10.073806,11.130992,12.234145,11.968766,12.959296,-100.0,-100.0,-100.0,-100.0,-100.0,-100.0,-100.0,-100.0,-100.0,-100.0,-100.0,-100.0,-100.0,-100.0,-100.0,4.938876,11.9495325,13.883737,12.263631,3.9876838,-100.0,-100.0,-100.0,-100.0,-100.0,-100.0,-100.0,-100.0,-100.0,11.877552,13.223694,13.095371,13.778936,10.54243,14.032513,13.575152,12.546968,12.583668,11.730822,8.369986,11.161689,14.548451,13.86728,13.650504,12.637693,12.58157,10.669234,11.792975,11.402323,11.536689,15.4242115,11.456364,-100.0,-100.0,-100.0,-100.0,-100.0,-100.0,
-100.0,-100.0,-100.0,12.180919,10.666401,11.267869,12.204311,12.284527,-100.0,-100.0,-100.0,-100.0,-100.0,-100.0,-100.0,-100.0,-100.0,-100.0,-100.0,-100.0,-100.0,-100.0,-100.0,14.619044,10.992845,14.849235,14.949104,12.057342,-100.0,-100.0,-100.0,-100.0,-100.0,-100.0,-100.0,-100.0,-100.0,13.428538,12.944771,13.832077,13.743157,13.875925,12.613992,13.41177,10.351416,12.835992,11.932389,13.267888,13.66011,13.740548,13.289624,13.751086,13.664335,10.363531,11.143945,10.85222,10.346065,10.499363,15.898443,1.3024119,-100.0,-100.0,-100.0,-100.0,-100.0,-100.0,
-100.0,-100.0,-100.0,10.492516,10.708431,10.656245,12.145986,4.4572315,6.697532,-100.0,-100.0,-100.0,-100.0,-100.0,14.512403,4.8006363,8.8587265,-100.0,-100.0,-100.0,-100.0,-100.0,-100.0,14.092876,13.859159,11.724146,14.805773,14.123073,-100.0,-100.0,1.5058163,4.146349,0.5813351,1.5154675,-100.0,11.339066,6.397923,14.106317,13.259729,14.192103,13.69822,13.101416,13.869485,12.617596,13.0706625,13.032884,13.501289,10.46711,12.528797,12.78008,13.799427,13.059918,8.430279,11.625142,11.968978,11.030214,11.12389,10.53938,13.713841,14.386947,-100.0,-100.0,-100.0,-100.0,-100.0,-100.0,
-100.0,-100.0,-100.0,12.270874,10.570738,11.199195,11.281002,10.072459,9.090423,7.5697193,-100.0,-100.0,-100.0,12.812822,14.512331,14.021399,13.866967,-100.0,-100.0,-100.0,-100.0,-100.0,11.154948,14.383271,11.8065605,13.005325,12.862511,13.3622675,12.236676,14.462789,14.332349,14.725362,15.629358,13.308112,12.769886,13.902733,14.249127,13.3724375,13.628348,13.35117,13.898663,13.823534,13.659444,13.009754,11.670182,12.930099,11.886,13.398444,12.550772,13.350768,5.6708946,11.848222,9.930143,11.478794,11.238639,10.434628,10.79742,10.680873,10.9106455,9.667781,-100.0,-100.0,-100.0,-100.0,-100.0,-100.0,
-100.0,-100.0,-100.0,10.73696,10.974175,8.974565,3.4136317,13.244196,13.42631,11.554069,10.873961,5.3721843,13.594917,15.901517,4.7178,14.648439,13.397612,13.656536,12.736114,-100.0,1.5858577,2.0865893,9.933074,11.172367,7.516958,12.177783,12.482174,11.206046,11.905463,12.1779785,14.22099,13.904839,14.632552,14.529539,8.153623,14.316144,13.835735,4.6942973,12.917791,12.429599,13.372121,13.5379095,12.780315,12.160344,12.4574585,11.617145,4.847968,11.779335,12.116205,8.168234,12.298441,7.0514717,11.636217,11.426109,8.998958,10.3769455,10.947689,10.831665,11.04133,3.760597,-100.0,-100.0,-100.0,-100.0,-100.0,-100.0,
-100.0,-100.0,-100.0,10.674407,11.407228,11.54621,8.571318,13.400348,9.983267,8.990522,9.11578,14.2539215,13.940354,14.265803,15.430248,14.209616,12.839597,13.242246,13.979513,12.834259,10.932005,11.606008,11.376242,11.341545,14.992168,12.003735,5.1205106,11.008681,13.601894,8.740363,13.886692,12.938195,12.116927,15.004163,13.567525,13.261811,12.30907,12.887044,12.912915,12.760988,12.388659,12.055339,13.202625,12.618824,12.783385,11.810731,12.615448,12.616974,4.8841515,12.116844,11.774344,10.734222,10.800489,9.278462,11.308417,11.319385,9.718668,8.876034,10.16898,11.177461,-100.0,-100.0,-100.0,-100.0,-100.0,-100.0,
-100.0,-100.0,0.8180719,10.200678,11.421012,11.747193,11.507407,11.591799,8.467342,11.059062,10.61002,14.571663,15.01427,14.808223,14.773973,15.194346,12.287878,4.064404,14.238662,11.585852,9.680998,10.469406,9.98881,12.711977,11.028872,12.40876,12.94556,8.284074,11.053231,10.443129,10.637073,15.595092,13.071827,15.007162,13.365458,5.8762584,5.265039,12.977488,12.759076,12.633098,13.248035,11.87577,12.786266,12.702482,12.243303,11.771658,11.896647,11.210351,11.1105795,10.91118,11.29733,11.104756,9.844629,11.186507,10.05557,10.8776,9.820187,8.592522,9.378936,9.921808,-100.0,-100.0,-100.0,-100.0,-100.0,-100.0,
-100.0,-100.0,1.2699989,10.841894,11.371529,2.1203468,13.063744,10.856066,7.776838,12.68014,12.916694,15.152136,14.583174,12.070619,13.572002,12.8749,8.331842,13.965661,14.735355,10.3288,11.686988,10.278946,10.045206,11.810728,11.003144,12.522595,10.052313,14.020635,12.808414,10.741314,12.673504,14.146205,14.075175,13.976258,13.289232,12.215692,12.303886,13.070244,12.911767,12.6453905,11.779989,12.375575,7.9026957,4.112092,10.900247,11.708899,11.460456,10.22105,11.5764885,10.834988,10.847824,10.162177,4.355244,11.23559,11.022249,11.067702,11.304708,10.733607,9.9892235,4.1778307,-100.0,-100.0,-100.0,-100.0,-100.0,-100.0,
-100.0,-100.0,10.606478,11.222586,11.460241,11.236954,12.422091,10.734937,11.644483,10.659725,13.7047415,14.398408,13.279165,13.883254,11.797707,8.157707,13.691711,13.750822,9.376615,13.014406,10.2761755,10.269135,11.294402,12.446726,9.916474,12.660909,10.1885605,10.144504,12.374757,13.784145,13.649638,13.745676,14.67215,13.545048,12.348684,12.729849,10.709506,12.449397,13.080024,12.177438,12.363071,11.873248,12.617376,11.985806,11.559956,11.773944,10.679683,9.293942,10.979087,11.12583,8.187766,6.236697,9.973196,9.0756035,10.854428,8.79307,9.300518,9.996811,8.120276,5.3635035,-100.0,-100.0,-100.0,-100.0,-100.0,-100.0,
-100.0,-100.0,1.6454291,11.035302,8.855897,4.9470735,11.14529,10.827306,11.29483,12.19543,12.082967,13.7384405,14.372481,13.12961,11.971667,13.58906,12.726646,11.593151,11.713588,13.141355,11.564107,10.702385,11.377033,10.474919,9.934434,10.697816,12.136027,10.990446,10.763503,14.486491,13.272199,12.902467,11.986075,12.568146,12.908754,11.5939865,11.567829,12.374185,12.127533,10.905689,7.5698104,10.179022,10.491675,11.282319,11.199547,10.921269,10.3811865,9.278362,9.986417,4.1385946,10.185478,10.214757,10.512732,9.388941,11.143997,8.370225,8.776612,8.832736,8.381225,-200.0,-100.0,-100.0,-100.0,-100.0,-100.0,-100.0,
-100.0,-100.0,-100.0,5.398823,11.10846,10.76708,10.402488,6.807843,10.763317,2.8419735,-200.0,-100.0,-100.0,-100.0,-100.0,-100.0,-100.0,-100.0,-100.0,-100.0,-200.0,-200.0,10.407098,8.8248415,8.648012,11.460158,9.33017,9.259607,11.711938,12.293811,14.350725,9.597479,12.755892,8.310643,11.566833,8.214877,11.008242,12.448233,11.7148695,11.672253,6.6635137,11.265254,11.600487,11.045648,10.434738,11.074179,10.70821,10.34563,10.220314,9.955592,10.191061,9.983913,9.928525,6.5488405,8.5235615,10.04072,4.6070514,9.73538,8.123316,5.490925,-100.0,-100.0,-100.0,-100.0,-100.0,-100.0,
-100.0,-100.0,-100.0,1.4628286,10.659739,8.876719,6.7594614,12.573536,10.235627,3.1163397,-100.0,-100.0,-100.0,-100.0,-100.0,-100.0,-100.0,-100.0,-100.0,-100.0,-100.0,-100.0,-200.0,1.5831543,-200.0,9.300327,11.484556,12.181135,8.321064,11.799006,11.577522,11.447855,12.1743,10.603149,11.595068,11.465876,10.533404,5.594365,11.42242,11.243476,6.5700755,10.865227,10.668178,10.783877,10.485931,10.223488,10.791259,8.478672,0.49121842,7.471585,8.641665,9.290169,8.87403,10.707851,10.585754,8.655085,8.064198,9.093983,9.094284,5.237323,-100.0,-100.0,-100.0,-100.0,-100.0,-100.0,
-100.0,-100.0,-100.0,10.646566,10.269854,7.70422,9.7378435,8.526977,11.53135,9.717221,-100.0,-100.0,-100.0,-100.0,-100.0,-100.0,-100.0,-100.0,-100.0,-100.0,-100.0,-100.0,-100.0,-100.0,-100.0,7.398908,9.62132,8.307603,10.019643,10.07199,10.369383,12.445725,11.381357,11.950893,11.071284,12.12758,10.857991,10.181877,10.763355,11.447046,9.475018,11.130374,10.50251,6.229155,10.178603,9.442012,4.449313,9.398749,9.91735,10.187014,10.1071005,9.121947,7.579478,10.13266,7.1236224,9.891119,9.798927,7.798472,6.9245687,5.758391,-100.0,-100.0,-100.0,-100.0,-100.0,-100.0,
-100.0,-100.0,-100.0,9.073454,9.781768,8.437318,10.138946,7.0894976,7.570286,8.680591,1.130544,-100.0,-100.0,-100.0,-100.0,-100.0,-100.0,-100.0,-100.0,-100.0,-100.0,-100.0,-100.0,-100.0,-100.0,-100.0,9.849772,9.677283,9.530732,10.091586,7.23443,11.235687,10.64896,11.765564,10.713412,10.482663,11.216003,10.078518,8.114253,9.911418,11.100206,10.256948,10.116219,10.135077,9.81987,9.051703,9.881451,8.545003,9.148571,10.351326,7.558273,10.015925,9.962757,8.278463,9.600222,9.46146,9.717047,8.445243,8.9267435,7.29567,12.060895,5.434396,-100.0,-100.0,-100.0,-100.0,
-100.0,-100.0,7.3270407,5.360164,8.280001,7.958995,1.4970882,11.54505,8.681181,8.746285,0.6443706,-100.0,-100.0,-100.0,-100.0,-100.0,-100.0,-100.0,-100.0,-100.0,-100.0,-100.0,-100.0,-100.0,-100.0,-100.0,8.605953,10.461125,8.467814,8.578335,10.457331,11.2611885,11.365694,9.239325,11.449382,9.963358,10.241827,9.07256,10.251729,9.056289,9.938516,6.035733,10.117692,9.830334,8.556696,9.780441,4.264497,9.972272,9.697559,8.721494,9.44621,8.305705,6.9143705,8.131225,8.7276,8.8434925,6.810012,7.800413,8.544505,6.8671675,9.143387,9.858316,-100.0,-100.0,-100.0,-100.0,
-100.0,-100.0,0.540377,1.9192983,8.674667,5.7293363,1.9500896,8.691211,2.2029471,4.2685866,-0.015864715,-100.0,-100.0,-100.0,-100.0,-100.0,-100.0,-100.0,-100.0,-100.0,-100.0,-100.0,-100.0,-100.0,-100.0,-100.0,1.8541981,9.071616,2.0527642,9.358124,0.9594803,-200.0,10.060533,10.042739,4.952943,9.964266,-200.0,7.1688166,7.101933,8.492519,7.5887613,2.998592,9.886546,-0.01625,8.740258,7.8512115,8.155861,7.684007,6.319227,4.9120083,9.433334,6.8303843,9.355829,8.565045,6.7126474,8.577486,8.264033,9.56923,10.045183,8.637707,6.0259624,14.719927,-100.0,-100.0,-100.0,-100.0,
-100.0,-100.0,2.565744,4.0130105,7.7786617,8.543092,7.6792455,7.417135,7.7791924,4.5576234,-200.0,-100.0,-100.0,-100.0,-100.0,-100.0,-100.0,-100.0,-100.0,-100.0,-100.0,-100.0,-100.0,-100.0,-100.0,-100.0,-100.0,-100.0,-100.0,-100.0,-100.0,-100.0,-100.0,-100.0,-100.0,-100.0,-100.0,-100.0,-100.0,-100.0,-100.0,-100.0,-100.0,-100.0,-100.0,-100.0,-100.0,-100.0,-100.0,-100.0,-100.0,0.7133738,1.044456,8.282322,3.5421252,8.496898,9.078699,9.096009,7.530832,9.779309,11.878757,12.58952,2.911986,-100.0,-100.0,-100.0,
-100.0,-100.0,5.224334,6.5952473,5.3928733,5.5220027,6.521418,6.461802,2.0963006,3.2424781,-0.01625,-100.0,-100.0,7.7382207,8.192125,8.211139,8.052906,9.706709,2.554867,-100.0,-100.0,-100.0,-100.0,-100.0,-100.0,-100.0,-100.0,-100.0,-100.0,-100.0,-100.0,-100.0,-100.0,-100.0,-100.0,-100.0,-100.0,-100.0,-100.0,-100.0,-100.0,-100.0,-100.0,-100.0,-100.0,-100.0,-100.0,-100.0,-100.0,-100.0,-100.0,-100.0,-100.0,-100.0,7.188066,2.798927,8.472824,9.837888,7.940807,8.907663,12.672068,12.788339,10.453416,-100.0,-100.0,-100.0,
-100.0,-100.0,1.8765963,4.2020183,1.925771,3.434684,5.458937,5.8301816,1.5579323,3.994566,1.2706333,-100.0,-100.0,3.3797045,3.9528089,2.8590171,9.896729,2.903022,0.8198506,-100.0,-100.0,-100.0,-100.0,-100.0,-100.0,-100.0,-100.0,-100.0,-100.0,-100.0,-100.0,-100.0,-100.0,-100.0,-100.0,-100.0,-100.0,-100.0,-100.0,-100.0,-100.0,-100.0,-100.0,-100.0,-100.0,-100.0,-100.0,-100.0,-100.0,-100.0,-100.0,-100.0,-100.0,-100.0,8.68734,8.36661,9.071774,9.71223,10.256473,8.964395,10.8337345,12.472387,0.066022635,-100.0,-100.0,-100.0,
-100.0,-100.0,1.5695833,4.4606667,3.8658652,5.4695506,3.1862156,2.5337067,4.6732316,4.1001453,0.035258792,-100.0,-100.0,6.007062,8.49322,9.25955,8.722942,9.130851,2.9639704,-0.01625,-100.0,-100.0,-100.0,-100.0,-100.0,-100.0,-100.0,-100.0,-100.0,-100.0,-100.0,-100.0,-100.0,-100.0,-100.0,-100.0,-100.0,-100.0,-100.0,-100.0,-100.0,-100.0,-100.0,-100.0,-100.0,-100.0,-100.0,-100.0,-100.0,-100.0,-100.0,-100.0,-100.0,-100.0,0.1215123,7.709628,9.620638,8.894628,10.796699,11.108737,11.615252,7.2465653,5.670379,-100.0,-100.0,-100.0,
-100.0,-100.0,3.1735377,3.3555782,4.0039454,3.944754,1.6260264,4.9356875,4.5023885,4.370323,3.880605,-100.0,-100.0,4.6343503,2.3079693,8.255317,7.449845,8.873741,-200.0,-100.0,-100.0,-100.0,-100.0,-100.0,-100.0,-100.0,-100.0,-100.0,-100.0,-100.0,-100.0,-100.0,-100.0,-100.0,-100.0,-100.0,-100.0,-100.0,-100.0,-100.0,-100.0,-100.0,-100.0,-100.0,-100.0,-100.0,-100.0,-100.0,-100.0,-100.0,-100.0,-100.0,-100.0,-200.0,0.4337558,8.072421,7.913313,10.459005,7.8539743,9.1665535,10.040868,9.461314,5.7835655,-200.0,-100.0,-100.0,
-100.0,-100.0,-100.0,3.3769648,3.7675374,4.308583,4.3426037,1.6748211,4.5487995,3.631002,2.992478,3.8170855,6.9839864,8.10637,8.602177,7.227675,7.4578085,2.2913022,-100.0,-100.0,-100.0,-100.0,-100.0,-100.0,-100.0,-100.0,-100.0,-100.0,-100.0,-100.0,-100.0,-100.0,-100.0,-100.0,-100.0,-100.0,-100.0,-100.0,-100.0,-100.0,-100.0,-100.0,-100.0,-100.0,-100.0,-100.0,-100.0,-100.0,-200.0,-200.0,-200.0,-200.0,-200.0,-200.0,2.9404373,7.482051,9.823853,10.094813,10.581052,10.078631,7.1922393,7.947522,8.7929325,-200.0,-100.0,-100.0,
-100.0,-100.0,2.6015966,3.4589324,3.8949008,3.372862,2.569876,4.448293,2.4602582,2.2559624,2.371031,4.0038705,7.675337,4.4043646,2.17902,6.0162354,3.2993722,6.916402,-100.0,-100.0,-100.0,-100.0,-100.0,-100.0,-100.0,-100.0,-100.0,-100.0,-100.0,-100.0,-100.0,-100.0,-100.0,-100.0,-100.0,-100.0,-100.0,-100.0,-100.0,-100.0,-100.0,-100.0,-100.0,-100.0,-100.0,-100.0,-100.0,-100.0,-200.0,-200.0,-200.0,-200.0,-200.0,-200.0,6.923299,7.2404165,7.30598,5.8804307,9.682409,7.139299,9.331963,3.8903012,8.230242,-200.0,-100.0,-100.0,
-100.0,-100.0,-100.0,3.7770896,2.4929037,3.7181015,1.2343576,3.2697313,2.480464,3.1526837,4.5289574,6.7541447,7.1508827,6.3239183,6.2356353,5.5743256,4.573107,5.8424854,-100.0,-100.0,-100.0,-100.0,-100.0,-100.0,-100.0,-100.0,-100.0,-100.0,-100.0,-100.0,-100.0,-100.0,-100.0,-100.0,-100.0,-100.0,-100.0,-100.0,-100.0,-100.0,-100.0,-100.0,-100.0,-100.0,-100.0,-100.0,-100.0,-100.0,-200.0,-200.0,-200.0,-200.0,-200.0,-200.0,6.0651526,6.852434,7.8410373,7.6715236,4.9640074,3.558029,7.8009157,6.734942,3.4842234,-200.0,-100.0,-100.0,
-100.0,-100.0,-100.0,1.6135057,3.354836,3.582131,4.0544057,3.4475667,2.0054212,3.7718437,3.8766408,2.137603,4.1271305,3.9704568,5.8789153,5.1511526,4.772201,5.6729712,5.6183286,4.491178,4.184137,0.2087497,3.2288494,-100.0,-100.0,-100.0,-100.0,-100.0,-100.0,-100.0,-100.0,-100.0,-100.0,-100.0,-100.0,-100.0,-100.0,-100.0,-100.0,-100.0,-100.0,-100.0,-100.0,-100.0,-100.0,-100.0,-100.0,-100.0,-100.0,-200.0,-200.0,-200.0,-200.0,-200.0,7.870005,6.300184,5.5511727,6.8112473,8.582378,6.4556174,3.0290468,5.267458,5.752917,-200.0,-100.0,-100.0,
-100.0,-100.0,-100.0,-0.01625,4.3947587,3.816217,2.7898495,1.9077915,0.5601535,2.911384,-200.0,-100.0,-200.0,1.6778057,2.550965,4.993676,4.563614,1.0555304,2.5564227,4.426266,1.0489343,3.2431812,2.8983467,-100.0,-100.0,-100.0,-100.0,-100.0,-100.0,-100.0,-100.0,-100.0,-100.0,-100.0,-100.0,-100.0,-100.0,-100.0,-100.0,-100.0,-100.0,-100.0,-100.0,-100.0,-100.0,-100.0,-100.0,-100.0,-100.0,-200.0,-200.0,-200.0,-200.0,-200.0,7.8917813,5.7567234,8.121358,1.4728459,5.2672668,7.5502424,5.693309,6.7912683,4.257661,-200.0,-100.0,-100.0,
-100.0,-100.0,-100.0,-100.0,-100.0,-100.0,-100.0,-100.0,-100.0,-100.0,-100.0,-100.0,-100.0,-100.0,-100.0,-100.0,-100.0,-100.0,-100.0,-100.0,-100.0,-100.0,-100.0,-100.0,-100.0,-100.0,-100.0,-100.0,-100.0,-100.0,-100.0,-100.0,-100.0,-100.0,-100.0,-100.0,-100.0,-100.0,-100.0,-100.0,-100.0,-100.0,-100.0,-100.0,-100.0,-100.0,-100.0,-100.0,-100.0,-100.0,-100.0,-100.0,-100.0,-100.0,5.944589,7.420433,6.9338436,4.916494,3.8842866,6.729534,6.464816,2.0823734,6.0644956,-100.0,-100.0,-100.0,
-100.0,-100.0,-100.0,-100.0,-100.0,-100.0,-100.0,-100.0,-100.0,-100.0,-100.0,-100.0,-100.0,-100.0,-100.0,-100.0,-100.0,-100.0,-100.0,-100.0,-100.0,-100.0,-100.0,-100.0,-100.0,-100.0,-100.0,-100.0,-100.0,-100.0,-100.0,-100.0,-100.0,-100.0,-100.0,-100.0,-100.0,-100.0,-100.0,-100.0,-100.0,-100.0,-100.0,-100.0,-100.0,-100.0,-100.0,-100.0,-100.0,-100.0,-100.0,-100.0,-100.0,-100.0,5.0650077,5.030121,6.4890513,3.2694018,6.790121,5.6881332,0.39308777,2.3233159,0.33688888,-100.0,-100.0,-100.0,
-100.0,-100.0,-100.0,-100.0,-100.0,-100.0,-100.0,-100.0,-100.0,-100.0,-100.0,-100.0,-100.0,-100.0,-100.0,-100.0,-100.0,-100.0,-100.0,-100.0,-100.0,-100.0,-100.0,-100.0,-100.0,-100.0,-100.0,-100.0,-100.0,-100.0,-100.0,-100.0,-100.0,-100.0,-100.0,-100.0,-100.0,-100.0,-100.0,-100.0,-100.0,-100.0,-100.0,-100.0,-100.0,-100.0,-100.0,-100.0,-100.0,-100.0,-100.0,-100.0,-100.0,-100.0,0.7055365,6.7071285,6.8362293,5.44334,5.8961115,5.0812416,5.7248316,5.4445434,-0.01625,-100.0,-100.0,-100.0,
-100.0,-100.0,-100.0,-100.0,-100.0,-100.0,-100.0,-100.0,-100.0,-100.0,-100.0,-100.0,-100.0,-100.0,-100.0,-100.0,-100.0,-100.0,-100.0,-100.0,-100.0,-100.0,-100.0,-100.0,-100.0,-100.0,-100.0,-100.0,-100.0,-100.0,-100.0,-100.0,-100.0,-100.0,-100.0,-100.0,-100.0,-100.0,-100.0,-100.0,-100.0,-100.0,-100.0,-100.0,-100.0,-100.0,-100.0,-100.0,-100.0,-100.0,-100.0,-100.0,-100.0,-100.0,6.619048,1.7754081,2.9940822,3.9793134,4.852156,4.443334,4.7726054,5.3289604,4.921678,-100.0,-100.0,-100.0,
-100.0,-100.0,-100.0,-100.0,-100.0,-100.0,-100.0,-100.0,-100.0,-100.0,-100.0,-100.0,-100.0,-100.0,-100.0,-100.0,-100.0,-100.0,-100.0,-100.0,-100.0,-100.0,-100.0,-100.0,-100.0,-100.0,-100.0,-100.0,-100.0,-100.0,-100.0,-100.0,-100.0,-100.0,-100.0,-100.0,-100.0,-100.0,-100.0,-100.0,-100.0,-100.0,-100.0,-100.0,-100.0,-100.0,-100.0,-100.0,-100.0,-100.0,-100.0,-100.0,-100.0,2.5440059,5.126568,3.7852461,5.493728,5.7091584,5.6559014,5.415622,5.095319,5.145018,3.5145378,-200.0,-100.0,-100.0,
-100.0,-100.0,-100.0,-100.0,-100.0,-100.0,-100.0,-100.0,-100.0,-100.0,-100.0,-100.0,-100.0,-100.0,-100.0,-100.0,-100.0,-100.0,-100.0,-100.0,-100.0,-100.0,-100.0,-100.0,-100.0,-100.0,-100.0,-100.0,-100.0,-100.0,-100.0,-100.0,-100.0,-100.0,-100.0,-100.0,-100.0,-100.0,-100.0,-100.0,-100.0,-100.0,-100.0,-100.0,-100.0,-100.0,-100.0,-100.0,-100.0,-100.0,-100.0,-100.0,-100.0,2.4489682,1.1755769,2.5664372,0.39832765,3.6497107,2.1971698,1.073847,4.9029555,4.397325,3.2979634,-200.0,-100.0,-100.0,
-100.0,-100.0,-100.0,-100.0,-100.0,-100.0,-100.0,-100.0,-100.0,-100.0,-100.0,-100.0,-100.0,-100.0,-100.0,-100.0,-100.0,-100.0,-100.0,-100.0,-100.0,-100.0,-100.0,-100.0,-100.0,-100.0,-100.0,-100.0,-100.0,-100.0,-100.0,-100.0,-100.0,-100.0,-100.0,-100.0,-100.0,-100.0,-100.0,-100.0,-100.0,-100.0,-100.0,-100.0,-100.0,-100.0,-100.0,-100.0,-100.0,-100.0,-100.0,-100.0,-100.0,0.087915495,3.575545,4.6138086,5.0822754,2.729677,4.748024,4.637142,4.70574,0.36934844,3.8404408,-200.0,-100.0,-100.0,
-100.0,-100.0,-100.0,-100.0,-100.0,-100.0,-100.0,-100.0,-100.0,-100.0,-100.0,-100.0,-100.0,-100.0,-100.0,-100.0,-100.0,-100.0,-100.0,-100.0,-100.0,-100.0,-100.0,-100.0,-100.0,-100.0,-100.0,-100.0,-100.0,-100.0,-100.0,-100.0,-100.0,-100.0,-100.0,-100.0,-100.0,-100.0,-100.0,-100.0,-100.0,-100.0,-100.0,-100.0,-100.0,-100.0,-100.0,-100.0,-100.0,-100.0,-100.0,-100.0,-100.0,2.2238567,2.4857395,0.46398652,4.553627,2.835778,4.539539,4.1988907,3.0723593,3.4507492,2.9442022,-200.0,-100.0,-100.0,
-100.0,-100.0,-100.0,-100.0,-100.0,-100.0,-100.0,-100.0,-100.0,-100.0,-100.0,-100.0,-100.0,-100.0,-100.0,-100.0,-100.0,-100.0,-100.0,-100.0,-100.0,-100.0,-100.0,-100.0,-100.0,-100.0,-100.0,-100.0,-100.0,-100.0,-100.0,-100.0,-100.0,-100.0,-100.0,-100.0,-100.0,-100.0,-100.0,-100.0,-100.0,-100.0,-100.0,-100.0,-100.0,-100.0,-100.0,-100.0,-100.0,-100.0,-100.0,-100.0,-100.0,0.3762282,2.5209928,3.1713703,4.307378,4.274543,4.017387,1.3626419,3.5694427,2.4326863,1.073254,-200.0,-100.0,-100.0,
-100.0,-100.0,-100.0,-100.0,-100.0,-100.0,-100.0,-100.0,-100.0,-100.0,-100.0,-100.0,-100.0,-100.0,-100.0,-100.0,-100.0,-100.0,-100.0,-100.0,-100.0,-100.0,-100.0,-100.0,-100.0,-100.0,-100.0,-100.0,-100.0,-100.0,-100.0,-100.0,-100.0,-100.0,-100.0,-100.0,-100.0,-100.0,-100.0,-100.0,-100.0,-100.0,-100.0,-100.0,-100.0,-100.0,-100.0,-100.0,-100.0,-100.0,-100.0,-100.0,-100.0,1.0231955,1.2098907,0.714067,2.8110292,1.6071386,3.458857,3.373738,1.6264774,2.3333063,3.1312337,-200.0,-100.0,-100.0,
-100.0,-100.0,-100.0,-100.0,-100.0,-100.0,-100.0,-100.0,-100.0,-100.0,-100.0,-100.0,-100.0,-100.0,-100.0,-100.0,-100.0,-100.0,-100.0,-100.0,-100.0,-100.0,-100.0,-100.0,-100.0,-100.0,-100.0,-100.0,-100.0,-100.0,-100.0,-100.0,-100.0,-100.0,-100.0,-100.0,-100.0,-100.0,-100.0,-100.0,-100.0,-100.0,-100.0,-100.0,-100.0,-100.0,-100.0,-100.0,-100.0,-100.0,-100.0,-100.0,-100.0,2.4433918,2.2914715,1.1838973,2.6627917,1.2407379,1.9055524,2.2053714,3.2248623,3.010306,0.82331824,-200.0,-100.0,-100.0,
-100.0,-100.0,-100.0,-100.0,-100.0,-100.0,-100.0,-100.0,-100.0,-100.0,-100.0,-100.0,-100.0,-100.0,-100.0,-100.0,-100.0,-100.0,-100.0,-100.0,-100.0,-100.0,-100.0,-100.0,-100.0,-100.0,-100.0,-100.0,-100.0,-100.0,-100.0,-100.0,-100.0,-100.0,-100.0,-100.0,-100.0,-100.0,-100.0,-100.0,-100.0,-100.0,-100.0,-100.0,-100.0,-100.0,-100.0,-100.0,-100.0,-100.0,-100.0,-100.0,-100.0,0.32412827,2.8615031,2.0598292,2.1433816,2.997921,1.0579102,2.9322858,2.2243354,2.812545,2.752651,-200.0,-100.0,-100.0,
-100.0,-100.0,-100.0,-100.0,-100.0,-100.0,-100.0,-100.0,-100.0,-100.0,-100.0,-100.0,-100.0,-100.0,-100.0,-100.0,-100.0,-100.0,-100.0,-100.0,-100.0,-100.0,-100.0,-100.0,-100.0,-100.0,-100.0,-100.0,-100.0,-100.0,-100.0,-100.0,-100.0,-100.0,-100.0,-100.0,-100.0,-100.0,-100.0,-100.0,-100.0,-100.0,-100.0,-100.0,-100.0,-100.0,-100.0,-100.0,-100.0,-100.0,-100.0,0.8065442,1.7196131,3.1817756,1.5841016,2.1029637,0.9285248,1.9572728,2.4521744,2.7494872,2.8658729,0.9266515,2.7546635,-200.0,-100.0,-100.0,
-100.0,-100.0,-100.0,-100.0,-100.0,-100.0,-100.0,-100.0,-100.0,-100.0,-100.0,-100.0,-100.0,-100.0,-100.0,-100.0,-100.0,-100.0,-100.0,-100.0,-100.0,-100.0,-100.0,-100.0,-100.0,-100.0,-100.0,-100.0,-100.0,-100.0,-100.0,-100.0,-100.0,-100.0,-100.0,-100.0,-100.0,-100.0,-100.0,-100.0,-100.0,-100.0,-100.0,-100.0,-100.0,-100.0,-100.0,-100.0,-100.0,-100.0,-0.016249904,1.9358662,1.7312902,3.5013564,2.1985133,2.078127,1.107812,1.6541913,2.8215168,2.52778,1.1151942,2.2715778,2.2326462,-200.0,-100.0,-100.0,
-100.0,-100.0,-100.0,-100.0,-100.0,-100.0,-100.0,-100.0,-100.0,-100.0,-100.0,-100.0,-100.0,-100.0,-100.0,-100.0,-100.0,-100.0,-100.0,-100.0,-100.0,-100.0,-100.0,-100.0,-100.0,-100.0,-100.0,-100.0,-100.0,-100.0,-100.0,-100.0,-100.0,-100.0,-100.0,-100.0,-100.0,-100.0,-100.0,-100.0,-100.0,-100.0,-100.0,-100.0,-100.0,-100.0,-100.0,-100.0,-100.0,-100.0,1.7692461,1.9812486,2.5893874,2.9423745,1.4052155,2.7717278,2.6571975,2.4137752,1.6314235,2.5438423,2.190436,2.1674778,2.1324842,-100.0,-100.0,-100.0,
-100.0,-100.0,-100.0,-100.0,-100.0,-100.0,-100.0,-100.0,-100.0,-100.0,-100.0,-100.0,-100.0,-100.0,-100.0,-100.0,-100.0,-100.0,-100.0,-100.0,-100.0,-100.0,-100.0,-100.0,-100.0,-100.0,-100.0,-100.0,-100.0,-100.0,-100.0,-100.0,-100.0,-100.0,-100.0,-100.0,-100.0,-100.0,-100.0,-100.0,-100.0,-100.0,-100.0,-100.0,-100.0,-100.0,-100.0,-100.0,-100.0,-100.0,0.2767511,1.9850308,1.9782039,1.2453263,2.9445908,2.9666069,1.4714526,1.9398354,1.5236671,2.6188247,2.237865,1.0267951,1.1170995,-100.0,-100.0,-100.0,
-100.0,-100.0,-100.0,-100.0,-100.0,-100.0,-100.0,-100.0,-100.0,-100.0,-100.0,-100.0,-100.0,-100.0,-100.0,-100.0,-100.0,-100.0,-100.0,-100.0,-100.0,-100.0,-100.0,-100.0,-100.0,-100.0,-100.0,-100.0,-100.0,-100.0,-100.0,-100.0,-100.0,-100.0,-100.0,-100.0,-100.0,-100.0,-100.0,-100.0,-100.0,-100.0,-100.0,-100.0,-100.0,-100.0,-100.0,-100.0,-100.0,-100.0,1.104428,1.9451712,1.6033804,1.184119,1.382169,2.902251,2.1857224,1.916965,0.42376405,2.4280794,1.4315478,1.5784812,1.457477,-100.0,-100.0,-100.0,
-100.0,-100.0,-100.0,-100.0,-100.0,-100.0,-100.0,-100.0,-100.0,-100.0,-100.0,-100.0,-100.0,-100.0,-100.0,-100.0,-100.0,-100.0,-100.0,-100.0,-100.0,-100.0,-100.0,-100.0,-100.0,-100.0,-100.0,-100.0,-100.0,-100.0,-100.0,-100.0,-100.0,-100.0,-100.0,-100.0,-100.0,-100.0,-100.0,-100.0,-100.0,-100.0,-100.0,-100.0,-100.0,-100.0,-100.0,-100.0,-100.0,-100.0,1.1272986,1.5467814,2.0033014,1.983052,1.1610354,2.2623184,2.051044,2.0273101,1.9279431,1.7157538,2.0388653,2.4275773,1.979376,-100.0,-100.0,-100.0,
-100.0,-100.0,-100.0,-100.0,-100.0,-100.0,-100.0,-100.0,-100.0,-100.0,-100.0,-100.0,-100.0,-100.0,-100.0,-100.0,-100.0,-100.0,-100.0,-100.0,-100.0,-100.0,-100.0,-100.0,-100.0,-100.0,-100.0,-100.0,-100.0,-100.0,-100.0,-100.0,-100.0,-100.0,-100.0,-100.0,-100.0,-100.0,-100.0,-100.0,-100.0,-100.0,-100.0,-100.0,-100.0,-100.0,-100.0,-100.0,-100.0,-100.0,1.2929182,1.9719379,1.6868869,1.9641441,1.6092349,2.4208562,2.762149,2.120395,1.8559357,1.789112,1.7152668,1.9440116,0.9509707,-100.0,-100.0,-100.0,
-100.0,-100.0,-100.0,-100.0,-100.0,-100.0,-100.0,-100.0,-100.0,-100.0,-100.0,-100.0,-100.0,-100.0,-100.0,-100.0,-100.0,-100.0,-100.0,-100.0,-100.0,-100.0,-100.0,-100.0,-100.0,-100.0,-100.0,-100.0,-100.0,-100.0,-100.0,-100.0,-100.0,-100.0,-100.0,-100.0,-100.0,-100.0,-100.0,-100.0,-100.0,-100.0,-100.0,-100.0,-100.0,-100.0,-100.0,-100.0,-100.0,-100.0,1.1367303,1.7913557,1.7689753,1.9183987,1.7114758,1.6405995,1.6145228,2.5354476,2.1170938,2.008396,2.533911,1.6384197,1.1024007,-100.0,-100.0,-100.0,
-100.0,-100.0,-100.0,-100.0,-100.0,-100.0,-100.0,-100.0,-100.0,-100.0,-100.0,-100.0,-100.0,-100.0,-100.0,-100.0,-100.0,-100.0,-100.0,-100.0,-100.0,-100.0,-100.0,-100.0,-100.0,-100.0,-100.0,-100.0,-100.0,-100.0,-100.0,-100.0,-100.0,-100.0,-100.0,-100.0,-100.0,-100.0,-100.0,-100.0,-100.0,-100.0,-100.0,-100.0,-100.0,-100.0,-100.0,-100.0,-100.0,-100.0,0.33005905,1.9676591,1.9632207,1.5135659,1.673793,1.4449303,1.5346061,2.3180087,2.1252813,1.4871725,2.295175,2.6774256,1.7092024,-100.0,-100.0,-100.0,
-100.0,-100.0,-100.0,-100.0,-100.0,-100.0,-100.0,-100.0,-100.0,-100.0,-100.0,-100.0,-100.0,-100.0,-100.0,-100.0,-100.0,-100.0,-100.0,-100.0,-100.0,-100.0,-100.0,-100.0,-100.0,-100.0,-100.0,-100.0,-100.0,-100.0,-100.0,-100.0,-100.0,-100.0,-100.0,-100.0,-100.0,-100.0,-100.0,-100.0,-100.0,-100.0,-100.0,-100.0,-100.0,-100.0,-100.0,-100.0,-100.0,-100.0,1.7714343,2.7450585,1.8612328,1.8342274,2.1969347,1.6430031,2.5488584,1.4118787,1.421659,2.1062043,0.9840012,1.218266,1.5969443,-100.0,-100.0,-100.0,
-100.0,-100.0,-100.0,-100.0,-100.0,-100.0,-100.0,-100.0,-100.0,-100.0,-100.0,-100.0,-100.0,-100.0,-100.0,-100.0,-100.0,-100.0,-100.0,-100.0,-100.0,-100.0,-100.0,-100.0,-100.0,-100.0,-100.0,-100.0,-100.0,-100.0,-100.0,-100.0,-100.0,-100.0,-100.0,-100.0,-100.0,-100.0,-100.0,-100.0,-100.0,-100.0,-100.0,-100.0,-100.0,-100.0,-100.0,-100.0,-100.0,-100.0,2.7737763,2.8684485,1.9583662,2.3751352,2.280388,1.4526074,1.4737614,2.644161,1.277661,2.886734,1.424165,0.9817501,0.4630156,-100.0,-100.0,-100.0,
-100.0,-100.0,-100.0,-100.0,-100.0,-100.0,-100.0,-100.0,-100.0,-100.0,-100.0,-100.0,-100.0,-100.0,-100.0,-100.0,-100.0,-100.0,-100.0,-100.0,-100.0,-100.0,-100.0,-100.0,-100.0,-100.0,-100.0,-100.0,-100.0,-100.0,-100.0,-100.0,-100.0,-100.0,-100.0,-100.0,-100.0,-100.0,-100.0,-100.0,-100.0,-100.0,-100.0,-100.0,-100.0,-100.0,-100.0,-100.0,-100.0,-100.0,1.8121209,3.394067,1.7087314,2.558469,2.6151676,2.5566015,2.4929655,2.7705853,1.5490971,0.92589456,0.97418016,1.3686049,1.7718397,-100.0,-100.0,-100.0,
-100.0,-100.0,-100.0,-100.0,-100.0,-100.0,-100.0,-100.0,-100.0,-100.0,-100.0,-100.0,-100.0,-100.0,-100.0,-100.0,-100.0,-100.0,-100.0,-100.0,-100.0,-100.0,-100.0,-100.0,-100.0,-100.0,-100.0,-100.0,-100.0,-100.0,-100.0,-100.0,-100.0,-100.0,-100.0,-100.0,-100.0,-100.0,-100.0,-100.0,-100.0,-100.0,-100.0,-100.0,-100.0,-100.0,-100.0,-100.0,3.0412414,1.6171708,3.1520925,2.5263634,2.147089,2.3570793,2.5919607,1.3627709,1.6183313,2.3030524,1.3245018,2.492296,0.92850083,2.5491102,1.414466,-100.0,-100.0,-100.0,
-100.0,-100.0,-100.0,-100.0,-100.0,-100.0,-100.0,-100.0,-100.0,-100.0,-100.0,-100.0,-100.0,-100.0,-100.0,-100.0,-100.0,-100.0,-100.0,-100.0,-100.0,-100.0,-100.0,-100.0,-100.0,-100.0,-100.0,-100.0,-100.0,-100.0,-100.0,-100.0,-100.0,-100.0,-100.0,-100.0,-100.0,-100.0,-100.0,-100.0,-100.0,-100.0,-100.0,-100.0,-100.0,-100.0,-100.0,-0.01625,2.5009477,2.1328418,2.7011168,2.5235987,1.9651006,1.1994716,2.0399592,2.6344273,2.0962188,2.5494235,2.0847595,0.026377868,2.4085362,1.0607643,2.5351977,-100.0,-100.0,-100.0,
-100.0,-100.0,-100.0,-100.0,-100.0,-100.0,-100.0,-100.0,-100.0,-100.0,-100.0,-100.0,-100.0,-100.0,-100.0,-100.0,-100.0,-100.0,-100.0,-100.0,-100.0,-100.0,-100.0,-100.0,-100.0,-100.0,-100.0,-100.0,-100.0,-100.0,-100.0,-100.0,-100.0,-100.0,-100.0,-100.0,-100.0,-100.0,-100.0,-100.0,-100.0,-100.0,-100.0,-100.0,-100.0,-100.0,-100.0,0.063288115,0.60343397,1.462047,0.8001087,1.6564124,2.2564173,2.2981257,2.3901734,2.301821,2.1188748,1.023128,2.4870071,2.7813725,2.446376,2.4761307,2.4216807,-100.0,-100.0,-100.0,
-100.0,-100.0,-100.0,-100.0,-100.0,-100.0,-100.0,-100.0,-100.0,-100.0,-100.0,-100.0,-100.0,-100.0,-100.0,-100.0,-100.0,-100.0,-100.0,-100.0,-100.0,-100.0,-100.0,-100.0,-100.0,-100.0,-100.0,-100.0,-100.0,-100.0,-100.0,-100.0,-100.0,-100.0,-100.0,-100.0,-100.0,-100.0,-100.0,-100.0,-100.0,-100.0,-100.0,-100.0,-100.0,-100.0,-100.0,-100.0,1.6342493,-0.01625,0.99450135,2.1233828,1.9713062,2.1058357,2.2503262,2.0055482,1.9435759,1.8162183,1.0268109,2.2462468,1.0805628,2.0740683,-0.01625,-100.0,-100.0,-100.0,
-100.0,-100.0,-100.0,-100.0,-100.0,-100.0,-100.0,-100.0,-100.0,-100.0,-100.0,-100.0,-100.0,-100.0,-100.0,-100.0,-100.0,-100.0,-100.0,-100.0,-100.0,-100.0,-100.0,-100.0,-100.0,-100.0,-100.0,-100.0,-100.0,-100.0,-100.0,-100.0,-100.0,-100.0,-100.0,-100.0,-100.0,-100.0,-100.0,-100.0,-100.0,-100.0,-100.0,-100.0,-100.0,-100.0,-100.0,0.04428589,1.1310298,0.07877655,1.7802737,1.0478499,1.7126442,2.1061685,1.3161567,1.7901716,1.1758909,2.27997,2.357783,2.3854377,1.8998222,0.8894669,0.7533445,-100.0,-100.0,-100.0,
-100.0,-100.0,-100.0,-100.0,-100.0,-100.0,-100.0,-100.0,-100.0,-100.0,-100.0,-100.0,-100.0,-100.0,-100.0,-100.0,-100.0,-100.0,-100.0,-100.0,-100.0,-100.0,-100.0,-100.0,-100.0,-100.0,-100.0,-100.0,-100.0,-100.0,-100.0,-100.0,-100.0,-100.0,-100.0,-100.0,-100.0,-100.0,-100.0,-100.0,-100.0,-100.0,-100.0,-100.0,-100.0,-100.0,-100.0,1.0072429,0.37461594,1.4778026,0.7428375,1.7750754,1.6841506,1.9268509,1.4709824,1.7646434,1.5284752,2.045761,1.8089005,2.2244794,1.650295,2.5630982,0.41084167,-100.0,-100.0,-100.0,
-100.0,-100.0,-100.0,-100.0,-100.0,-100.0,-100.0,-100.0,-100.0,-100.0,-100.0,-100.0,-100.0,-100.0,-100.0,-100.0,-100.0,-100.0,-100.0,-100.0,-100.0,-100.0,-100.0,-100.0,-100.0,-100.0,-100.0,-100.0,-100.0,-100.0,-100.0,-100.0,-100.0,-100.0,-100.0,-100.0,-100.0,-100.0,-100.0,-100.0,-100.0,-100.0,-100.0,-100.0,-100.0,-100.0,-100.0,0.14228943,0.10252548,0.96996766,0.7758025,1.380376,1.4980671,1.0403785,1.4151108,2.1627028,1.5588357,1.1985152,1.0407598,0.23632355,2.2003012,1.214181,1.9466928,-100.0,-100.0,-100.0,
-100.0,-100.0,-100.0,-100.0,-100.0,-100.0,-100.0,-100.0,-100.0,-100.0,-100.0,-100.0,-100.0,-100.0,-100.0,-100.0,-100.0,-100.0,-100.0,-100.0,-100.0,-100.0,-100.0,-100.0,-100.0,-100.0,-100.0,-100.0,-100.0,-100.0,-100.0,-100.0,-100.0,-100.0,-100.0,-100.0,-100.0,-100.0,-100.0,-100.0,-100.0,-100.0,-100.0,-100.0,-100.0,-100.0,-100.0,-100.0,-100.0,-200.0,-200.0,-200.0,-200.0,-200.0,-100.0,-100.0,-100.0,-100.0,-100.0,-100.0,-100.0,-100.0,-100.0,-100.0,-100.0,-100.0,
-100.0,-100.0,-100.0,-100.0,-100.0,-100.0,-100.0,-100.0,-100.0,-100.0,-100.0,-100.0,-100.0,-100.0,-100.0,-100.0,-100.0,-100.0,-100.0,-100.0,-100.0,-100.0,-100.0,-100.0,-100.0,-100.0,-100.0,-100.0,-100.0,-100.0,-100.0,-100.0,-100.0,-100.0,-100.0,-100.0,-100.0,-100.0,-100.0,-100.0,-100.0,-100.0,-100.0,-100.0,-100.0,-100.0,-100.0,-100.0,-100.0,-100.0,-100.0,-100.0,-100.0,-100.0,-100.0,-100.0,-100.0,-100.0,-100.0,-100.0,-100.0,-100.0,-100.0,-100.0,-100.0,-100.0,
-100.0,-100.0,-100.0,-100.0,-100.0,-100.0,-100.0,-100.0,-100.0,-100.0,-100.0,-100.0,-100.0,-100.0,-100.0,-100.0,-100.0,-100.0,-100.0,-100.0,-100.0,-100.0,-100.0,-100.0,-100.0,-100.0,-100.0,-100.0,-100.0,-100.0,-100.0,-100.0,-100.0,-100.0,-100.0,-100.0,-100.0,-100.0,-100.0,-100.0,-100.0,-100.0,-100.0,-100.0,-100.0,-100.0,-100.0,-100.0,-100.0,-100.0,-100.0,-100.0,-100.0,-100.0,-100.0,-100.0,-100.0,-100.0,-100.0,-100.0,-100.0,-100.0,-100.0,-100.0,-100.0,-100.0,
