-100.0,-100.0,-100.0,-100.0,-100.0,-100.0,-100.0,-100.0,-100.0,-100.0,-100.0,-100.0,-100.0,-100.0,-100.0,-100.0,-100.0,-100.0,-100.0,-100.0,-100.0,-100.0,-100.0,-100.0,-100.0,-100.0,-100.0,-100.0,-100.0,-100.0,-100.0,-100.0,-100.0,-100.0,-100.0,-100.0,-100.0,-100.0,-100.0,-100.0,-100.0,-100.0,-100.0,-100.0,-100.0,-100.0,-100.0,-100.0,-100.0,-100.0,-100.0,-100.0,-100.0,-100.0,-100.0,-100.0,-100.0,-100.0,-100.0,-100.0,-100.0,-100.0,-100.0,-100.0,-100.0,-100.0,-100.0,-100.0,-100.0,-100.0,-100.0,-100.0,-100.0,-100.0,-100.0,-100.0,-100.0,-100.0,-100.0,-100.0,-100.0,-100.0,-100.0,-100.0,-100.0,-100.0,-100.0,-100.0,-100.0,-100.0,-100.0,-100.0,-100.0,-100.0,-100.0,-100.0,-100.0,-100.0,-100.0,-100.0,-100.0,-100.0,-100.0,-100.0,-100.0,-100.0,-100.0,-100.0,-100.0,-100.0,-100.0,-100.0,-100.0,-100.0,-100.0,-100.0,-100.0,-100.0,-100.0,-100.0,-100.0,-100.0,-100.0,-100.0,-100.0,-100.0,-100.0,-100.0,
-100.0,-100.0,-100.0,-100.0,-100.0,-100.0,-100.0,-100.0,-100.0,-100.0,-100.0,-100.0,-100.0,-100.0,-100.0,-100.0,-100.0,-100.0,-100.0,-100.0,-100.0,-100.0,-100.0,-100.0,-100.0,-100.0,-100.0,-100.0,-100.0,-100.0,-100.0,-100.0,-100.0,-100.0,-100.0,-100.0,-100.0,-100.0,-100.0,-100.0,-100.0,-100.0,-100.0,-100.0,-100.0,-100.0,-100.0,-100.0,-100.0,-100.0,-100.0,-100.0,-100.0,-100.0,-100.0,-100.0,-100.0,-100.0,-100.0,-100.0,-100.0,-100.0,-100.0,-100.0,-100.0,-100.0,-100.0,-100.0,-100.0,-100.0,-100.0,-100.0,-100.0,-100.0,-100.0,-100.0,-100.0,-100.0,-100.0,-100.0,-100.0,-100.0,-100.0,-100.0,-100.0,-100.0,-100.0,-100.0,-100.0,-100.0,-100.0,-100.0,-100.0,-100.0,-100.0,-100.0,-100.0,-100.0,-100.0,-100.0,-100.0,-100.0,-100.0,-100.0,-100.0,-100.0,-100.0,-100.0,-100.0,-100.0,-100.0,-100.0,-100.0,-100.0,-100.0,-100.0,-100.0,-100.0,-100.0,-100.0,-100.0,-100.0,-100.0,-100.0,-100.0,-100.0,-100.0,-100.0,
-100.0,-100.0,-100.0,-100.0,-100.0,-100.0,-100.0,-100.0,-100.0,-100.0,-100.0,-100.0,-100.0,-100.0,-100.0,0.04911906,-100.0,-0.00013314495,0.014058019,0.70241416,2.6108685,-100.0,-0.016141593,0.86031216,1.0768329,-0.01625,0.9084338,-100.0,0.6975983,0.09925511,-100.0,-100.0,-100.0,-100.0,-100.0,-100.0,-100.0,-100.0,-100.0,-100.0,-100.0,-100.0,-100.0,-100.0,-100.0,-100.0,-100.0,-100.0,-100.0,-100.0,-100.0,-100.0,-100.0,-100.0,-100.0,-100.0,-100.0,-100.0,-100.0,-100.0,-100.0,-100.0,-100.0,-100.0,-100.0,-100.0,-100.0,-100.0,-100.0,-100.0,-100.0,-100.0,-100.0,-100.0,-100.0,-100.0,-100.0,-100.0,-100.0,-100.0,-100.0,-100.0,-100.0,-100.0,-100.0,-100.0,10.219885,11.217235,0.92381316,10.94358,-100.0,22.401344,10.131012,4.772926,-100.0,-100.0,-100.0,-100.0,-100.0,-100.0,-100.0,-100.0,-100.0,-100.0,-100.0,-100.0,-100.0,-100.0,-100.0,-100.0,-100.0,-100.0,-100.0,-100.0,-100.0,-100.0,-100.0,-100.0,-100.0,-100.0,-100.0,-100.0,-100.0,-100.0,-100.0,-100.0,-100.0,-100.0,
-100.0,-100.0,-100.0,-100.0,-100.0,-100.0,-200.0,-200.0,-200.0,-200.0,-200.0,-200.0,-200.0,1.7511199,-200.0,3.6234543,-200.0,4.819314,0.4715334,-200.0,1.2556137,0.65423095,-200.0,-200.0,3.1550624,-200.0,0.24734329,-0.048161753,0.79378355,0.025318952,0.35831773,-100.0,-100.0,-100.0,-100.0,-100.0,-100.0,-100.0,-100.0,-100.0,-100.0,-100.0,-100.0,-100.0,-100.0,-100.0,-100.0,-100.0,-100.0,-100.0,-100.0,-100.0,-100.0,-100.0,-100.0,-100.0,-100.0,-100.0,-100.0,-100.0,-100.0,-100.0,-100.0,-100.0,-100.0,-100.0,-100.0,-100.0,-100.0,-100.0,-100.0,9.610309,9.133913,16.677717,19.859594,18.6094,19.499378,13.183138,17.860537,11.515612,11.413858,-100.0,11.499188,-100.0,-100.0,-100.0,4.509589,23.207075,23.589527,13.874808,12.499187,15.887337,10.127655,29.768984,-100.0,-100.0,-100.0,-100.0,-100.0,-100.0,-100.0,-100.0,-100.0,-100.0,-100.0,-100.0,-100.0,-100.0,-100.0,-100.0,-100.0,-100.0,-100.0,-100.0,-100.0,-100.0,-100.0,-100.0,-100.0,-100.0,-100.0,-100.0,-100.0,-100.0,-100.0,-100.0,-100.0,-100.0,
-100.0,-100.0,-100.0,-100.0,-100.0,-100.0,-200.0,-200.0,-200.0,-200.0,-200.0,2.288515,-200.0,-200.0,-200.0,-200.0,-200.0,-200.0,-200.0,-200.0,-200.0,-200.0,-200.0,-200.0,-200.0,-200.0,-200.0,-200.0,-200.0,-200.0,-200.0,-200.0,-200.0,-200.0,-200.0,-200.0,-100.0,-100.0,-100.0,-100.0,-100.0,-100.0,-100.0,-100.0,-100.0,-100.0,-100.0,-100.0,-100.0,-100.0,-100.0,-100.0,-100.0,-100.0,-100.0,-100.0,-100.0,-100.0,-100.0,-100.0,-100.0,-100.0,-100.0,-100.0,-100.0,-100.0,-100.0,-100.0,-100.0,-100.0,9.496661,12.060386,16.61509,17.622334,17.989664,14.501885,14.463682,19.818499,18.013983,19.38306,20.226912,17.333178,22.331335,20.360794,14.491725,13.348176,20.665668,10.923491,21.580881,14.193684,11.94006,2.6797135,10.792862,8.196352,-100.0,-100.0,-100.0,-100.0,-100.0,-100.0,-100.0,-100.0,-100.0,-100.0,-100.0,-200.0,-100.0,-100.0,-200.0,-200.0,-100.0,-100.0,-100.0,-100.0,-100.0,-100.0,-100.0,-100.0,-100.0,-100.0,-100.0,-100.0,-100.0,-100.0,-100.0,-100.0,-100.0,-100.0,
-100.0,-100.0,-100.0,-100.0,-100.0,-100.0,-200.0,-200.0,-200.0,-200.0,0.84656787,3.6146464,-200.0,-200.0,-200.0,-200.0,-200.0,-200.0,-200.0,-200.0,-200.0,-200.0,-200.0,-200.0,-200.0,-200.0,-200.0,-200.0,-200.0,-200.0,-200.0,-200.0,-200.0,-200.0,-200.0,-200.0,-100.0,-100.0,-100.0,-100.0,-100.0,-100.0,-100.0,-100.0,-100.0,-100.0,-100.0,-100.0,-100.0,-100.0,-100.0,-100.0,-100.0,-100.0,-100.0,-100.0,-100.0,-100.0,-100.0,-100.0,-100.0,-100.0,-100.0,-100.0,-100.0,-100.0,-100.0,-100.0,-100.0,-100.0,-100.0,18.971788,12.810484,15.359465,18.72037,16.929163,14.601711,12.3730135,17.533382,18.264309,20.505308,11.953192,11.416703,19.092775,14.505771,15.412589,13.884072,12.85295,12.867092,14.340741,16.578629,12.903271,6.3195477,11.102694,-100.0,-100.0,-100.0,-100.0,-100.0,-100.0,-100.0,-100.0,-100.0,-100.0,-100.0,-200.0,-200.0,-200.0,-200.0,-200.0,-100.0,-100.0,-100.0,-100.0,-100.0,-100.0,-100.0,-100.0,-100.0,-100.0,-100.0,-100.0,-100.0,-100.0,-100.0,-100.0,-100.0,-100.0,
-100.0,-100.0,-100.0,-100.0,-100.0,-100.0,-200.0,-200.0,-200.0,-200.0,1.5807636,-200.0,-200.0,-200.0,-200.0,-200.0,-200.0,-200.0,-200.0,-200.0,-200.0,-200.0,-200.0,-200.0,-200.0,-200.0,-200.0,-200.0,-200.0,-200.0,-200.0,-200.0,-200.0,-200.0,-200.0,-200.0,-100.0,-100.0,-100.0,-100.0,-100.0,-100.0,-100.0,-100.0,-100.0,-100.0,-100.0,-100.0,-100.0,-100.0,-100.0,-100.0,-100.0,-100.0,-100.0,-100.0,-100.0,-100.0,-100.0,-100.0,-100.0,-100.0,-100.0,-100.0,-100.0,-100.0,-100.0,-100.0,10.790173,16.277891,13.34912,14.951556,17.864096,21.008883,19.457798,18.285875,12.0689745,18.576353,16.220306,12.126381,12.32256,21.372026,26.160845,18.61545,26.864784,16.061436,15.299747,14.5137825,12.7135515,16.147333,16.579895,13.487799,18.076353,16.837173,-100.0,-100.0,-100.0,-100.0,-100.0,-100.0,-100.0,-100.0,-100.0,-100.0,-100.0,-100.0,-200.0,-200.0,-200.0,-200.0,-200.0,-100.0,-100.0,-100.0,-100.0,-100.0,-100.0,-100.0,-100.0,-100.0,-100.0,-100.0,-100.0,-100.0,-100.0,-100.0,-100.0,-100.0,
-100.0,-100.0,-100.0,-100.0,-100.0,-100.0,-200.0,-200.0,-200.0,-200.0,3.280375,1.2256912,-200.0,-200.0,-200.0,-200.0,-200.0,-200.0,-200.0,-200.0,-200.0,-200.0,-200.0,-200.0,-200.0,-200.0,-200.0,-200.0,-200.0,-200.0,-200.0,-200.0,-200.0,-200.0,-200.0,-200.0,-200.0,-100.0,-100.0,-100.0,-100.0,-100.0,-100.0,-100.0,-100.0,-100.0,-100.0,-100.0,-100.0,-100.0,-100.0,-100.0,-100.0,-100.0,-100.0,-100.0,-100.0,-100.0,-100.0,-100.0,-100.0,-100.0,-100.0,-100.0,-200.0,-200.0,-200.0,-200.0,13.305755,17.585196,14.347901,14.306531,17.762247,12.147365,18.958426,20.12461,19.119677,13.343652,14.1468725,13.813206,15.048678,16.610998,21.454596,14.925398,13.046862,14.39909,5.555899,22.330513,21.315006,16.572248,17.209703,11.971981,16.83229,-200.0,-100.0,-100.0,-100.0,-100.0,-100.0,-100.0,-100.0,-100.0,-100.0,-100.0,-100.0,-100.0,-100.0,-200.0,-200.0,-200.0,-200.0,-100.0,-100.0,-100.0,-100.0,-100.0,-100.0,-100.0,-100.0,-100.0,-100.0,-100.0,-100.0,-100.0,-100.0,-100.0,-100.0,-100.0,
-100.0,-100.0,-100.0,-100.0,-100.0,-100.0,-200.0,-200.0,-200.0,-200.0,5.191851,-200.0,-100.0,-100.0,-100.0,-100.0,-100.0,-100.0,-100.0,-100.0,-100.0,-100.0,-100.0,-100.0,-100.0,-100.0,-100.0,-100.0,-100.0,-100.0,-100.0,-100.0,-100.0,-100.0,-100.0,-100.0,-200.0,-100.0,-100.0,-100.0,-100.0,-100.0,-100.0,-100.0,-100.0,-100.0,-100.0,-100.0,-100.0,-100.0,-100.0,-100.0,-100.0,-100.0,-100.0,-100.0,-100.0,-100.0,-100.0,-100.0,-100.0,-100.0,-100.0,-100.0,8.342723,12.234758,14.889,14.807543,17.82309,16.406435,15.596299,15.074739,16.835796,13.360814,14.764937,12.866307,17.815247,16.400227,18.171547,17.6595,13.660194,13.298473,12.996084,21.9889,12.12481,14.454402,20.26638,20.608955,17.990803,15.673307,16.434202,13.813682,-200.0,-200.0,-100.0,-100.0,-100.0,-100.0,-100.0,-100.0,-100.0,-100.0,-100.0,-100.0,-100.0,-100.0,-100.0,-200.0,-200.0,-200.0,-200.0,-100.0,-100.0,-100.0,-100.0,-200.0,-200.0,-200.0,-200.0,-200.0,-200.0,-200.0,-200.0,-200.0,-200.0,-200.0,-100.0,-100.0,
-100.0,-100.0,-100.0,-100.0,-100.0,-100.0,-200.0,-200.0,-200.0,-200.0,2.5631685,-100.0,-100.0,-100.0,-100.0,-100.0,-100.0,-100.0,-100.0,-100.0,-100.0,-100.0,-100.0,-100.0,-100.0,-100.0,-100.0,-100.0,-100.0,-100.0,-100.0,-100.0,-100.0,-100.0,-100.0,-100.0,-100.0,-100.0,-100.0,-100.0,-100.0,-100.0,-100.0,-100.0,-100.0,-100.0,-100.0,-100.0,-100.0,-100.0,-100.0,-100.0,-100.0,-100.0,-100.0,-100.0,-100.0,-100.0,-100.0,-100.0,-100.0,-100.0,-100.0,-100.0,11.271518,17.879738,18.062979,17.603077,14.947599,18.151884,13.642786,16.049845,19.316364,14.402396,19.752008,12.452526,17.51318,19.391666,14.076562,13.208975,19.046251,23.763805,4.8646064,18.529533,12.646417,15.404256,13.446421,22.636063,13.678353,19.026047,12.707087,-200.0,-100.0,-100.0,-100.0,-100.0,-100.0,-100.0,-100.0,-100.0,-100.0,-100.0,-100.0,-100.0,-100.0,-100.0,-100.0,-100.0,-200.0,-200.0,-200.0,-100.0,-100.0,-100.0,-100.0,-200.0,-200.0,-200.0,-200.0,-200.0,-200.0,-200.0,-200.0,-200.0,-200.0,-200.0,-100.0,-100.0,
-100.0,-100.0,-100.0,-100.0,-100.0,-100.0,-200.0,-200.0,-200.0,6.0212417,-200.0,-100.0,-100.0,-100.0,-100.0,-100.0,-100.0,-100.0,-100.0,-100.0,-100.0,-100.0,-100.0,-100.0,-100.0,-100.0,-100.0,-100.0,-100.0,-100.0,-100.0,-100.0,-100.0,-100.0,-100.0,-100.0,-100.0,-100.0,-100.0,-100.0,-100.0,-100.0,-100.0,-100.0,-100.0,-100.0,-100.0,-100.0,-100.0,-100.0,-100.0,-100.0,-100.0,-100.0,-100.0,-100.0,-100.0,-100.0,-100.0,-100.0,-100.0,-100.0,-100.0,-100.0,15.968399,15.511183,15.8130665,15.062161,11.927791,12.571673,15.733329,10.896707,15.923935,14.57295,11.441533,18.170464,-200.0,12.560949,6.2506437,18.049427,13.655046,13.24128,6.1098647,23.549854,13.542564,26.128613,18.099865,15.495218,23.286833,13.439628,-200.0,-200.0,-100.0,-100.0,-100.0,-100.0,-100.0,-100.0,-100.0,-100.0,-100.0,-100.0,-100.0,-200.0,-200.0,-200.0,-200.0,-200.0,-200.0,-200.0,-200.0,-100.0,-100.0,-100.0,-100.0,-200.0,-200.0,-200.0,-200.0,-200.0,-200.0,-200.0,-200.0,-200.0,-100.0,-100.0,-100.0,-100.0,
-100.0,-100.0,-100.0,-100.0,-100.0,-100.0,-200.0,-200.0,-200.0,8.913554,1.625,-100.0,-100.0,-100.0,-100.0,-100.0,-100.0,-100.0,-100.0,-100.0,-100.0,-100.0,-100.0,-100.0,-100.0,-100.0,-100.0,-100.0,-100.0,-100.0,-100.0,-100.0,-100.0,-100.0,-100.0,-100.0,-100.0,-100.0,-100.0,-100.0,-100.0,-100.0,-100.0,-100.0,-100.0,-100.0,-100.0,-100.0,-100.0,-100.0,-100.0,-100.0,-100.0,-100.0,-100.0,-100.0,-100.0,-100.0,-100.0,-100.0,-100.0,-100.0,-100.0,15.040404,14.571239,15.625501,15.147569,15.756445,12.054068,11.346522,13.240716,16.038528,-100.0,-100.0,-100.0,-100.0,-100.0,-100.0,-100.0,-100.0,-100.0,-100.0,-100.0,-100.0,-100.0,-100.0,-100.0,-100.0,-200.0,4.335318,-200.0,-200.0,-100.0,-100.0,-100.0,-100.0,-100.0,-100.0,-100.0,-100.0,-100.0,-100.0,-100.0,-200.0,-200.0,-200.0,-200.0,-200.0,-200.0,-200.0,-200.0,-200.0,-200.0,-200.0,-200.0,-200.0,-200.0,-200.0,-200.0,-200.0,-200.0,-200.0,-200.0,-200.0,-100.0,-100.0,-100.0,-100.0,
-100.0,-100.0,-100.0,-100.0,-100.0,-100.0,-200.0,-200.0,10.352272,5.728097,-200.0,-100.0,-100.0,-100.0,-100.0,-100.0,-100.0,-100.0,-100.0,-100.0,-100.0,-100.0,-100.0,-100.0,-100.0,-100.0,-100.0,-100.0,-100.0,-100.0,-100.0,-100.0,-100.0,-100.0,-100.0,-100.0,-100.0,-100.0,-100.0,-100.0,-100.0,-100.0,-100.0,-100.0,-100.0,-100.0,-100.0,-100.0,-100.0,-100.0,-100.0,-100.0,-100.0,-100.0,-100.0,-100.0,-100.0,-100.0,-100.0,-100.0,-100.0,-100.0,-100.0,12.513628,16.499601,14.860413,13.057389,14.232831,14.869589,14.914399,15.329413,-100.0,-100.0,-100.0,-100.0,-100.0,-100.0,-100.0,-100.0,-100.0,-100.0,-100.0,-100.0,-100.0,-100.0,-100.0,-100.0,-100.0,-100.0,-100.0,-100.0,-100.0,-100.0,-100.0,-100.0,-100.0,-100.0,-100.0,-100.0,-100.0,-100.0,-100.0,-100.0,-200.0,-200.0,-200.0,-200.0,-200.0,-200.0,-200.0,-200.0,-200.0,-200.0,-200.0,-200.0,-200.0,-200.0,-200.0,-200.0,-200.0,-200.0,-200.0,-200.0,-200.0,-100.0,-100.0,-100.0,-100.0,
-100.0,-100.0,-100.0,-100.0,-100.0,-100.0,-200.0,1.3377709,8.051719,6.064624,1.5020018,-100.0,-100.0,-100.0,-100.0,-100.0,-100.0,-100.0,-100.0,-100.0,-100.0,-100.0,-100.0,-100.0,-100.0,-100.0,-100.0,-100.0,-100.0,-100.0,-100.0,-100.0,-100.0,-100.0,-100.0,-100.0,-100.0,-100.0,-100.0,-100.0,-100.0,-100.0,-100.0,-100.0,-100.0,-100.0,-100.0,-100.0,-100.0,-100.0,-100.0,-100.0,-100.0,-100.0,-100.0,-100.0,-100.0,-100.0,-100.0,-100.0,-100.0,-100.0,-100.0,-100.0,12.967342,16.333864,12.855866,14.233577,12.590492,14.388691,13.027166,-100.0,-100.0,-100.0,-100.0,-100.0,-100.0,-100.0,-100.0,-100.0,-100.0,-100.0,-100.0,-100.0,-100.0,-100.0,-100.0,-100.0,-100.0,-100.0,-100.0,-100.0,-100.0,-100.0,-100.0,-100.0,-100.0,-100.0,-100.0,-100.0,-100.0,-100.0,-100.0,-200.0,-200.0,-200.0,-200.0,-200.0,-200.0,-200.0,-200.0,-200.0,-200.0,-200.0,-200.0,-200.0,-200.0,-200.0,-200.0,-200.0,-200.0,-200.0,-200.0,-200.0,-100.0,-100.0,-100.0,-100.0,
-100.0,-100.0,-100.0,-100.0,-100.0,-100.0,-200.0,5.51022,7.5282364,8.315467,7.976071,-100.0,-100.0,-100.0,-100.0,-100.0,-100.0,-100.0,-100.0,-100.0,-100.0,-100.0,-100.0,-100.0,-100.0,-100.0,-100.0,-100.0,-100.0,-100.0,-100.0,-100.0,-100.0,-100.0,-100.0,-100.0,-100.0,-100.0,-100.0,-100.0,-100.0,-100.0,-100.0,-100.0,-100.0,-100.0,-100.0,-100.0,-100.0,-100.0,-100.0,-100.0,-100.0,-100.0,-100.0,-100.0,-100.0,-100.0,-100.0,-100.0,-100.0,-100.0,-100.0,-100.0,-100.0,11.559356,14.468601,8.871666,13.817124,13.19852,-200.0,-100.0,-100.0,-100.0,-100.0,-100.0,-100.0,-100.0,-100.0,-100.0,-100.0,-100.0,-100.0,-100.0,-100.0,-100.0,-100.0,-100.0,-100.0,-100.0,-100.0,-100.0,-100.0,-100.0,-100.0,-100.0,-100.0,-100.0,-100.0,-100.0,-100.0,-100.0,-200.0,-200.0,-200.0,-200.0,-200.0,-200.0,-200.0,-200.0,-200.0,-200.0,-200.0,-200.0,-200.0,-200.0,-200.0,-200.0,-200.0,-200.0,-200.0,-200.0,-200.0,-200.0,-100.0,-100.0,-100.0,-100.0,
-100.0,-100.0,-100.0,-100.0,-100.0,-100.0,2.310809,4.0041733,3.2828352,4.958964,2.674121,-100.0,-100.0,-100.0,-100.0,-100.0,-100.0,-100.0,-100.0,-100.0,-100.0,-100.0,-100.0,-100.0,-100.0,-100.0,-100.0,-100.0,-100.0,-100.0,-100.0,-100.0,-100.0,-100.0,-100.0,-100.0,-100.0,-100.0,-100.0,-100.0,-100.0,-100.0,-100.0,-100.0,-100.0,-100.0,-100.0,-100.0,-100.0,-100.0,-100.0,-100.0,-100.0,-100.0,-100.0,-100.0,-100.0,-100.0,-100.0,-100.0,-100.0,-100.0,-100.0,-100.0,-100.0,12.50526,16.80653,16.945112,15.062708,18.0344,15.574398,15.799659,-100.0,-100.0,-100.0,-100.0,-100.0,-100.0,-100.0,-100.0,-100.0,-100.0,-100.0,-100.0,-100.0,-100.0,-100.0,-100.0,-100.0,-100.0,-100.0,-100.0,-100.0,-100.0,-100.0,-100.0,-100.0,-100.0,-100.0,-100.0,-100.0,-100.0,-200.0,-200.0,-200.0,-200.0,-200.0,-200.0,-200.0,-200.0,-200.0,-200.0,-200.0,-200.0,-200.0,-200.0,-200.0,-200.0,-200.0,-100.0,-100.0,-100.0,-100.0,-100.0,-100.0,-100.0,-100.0,-100.0,
-100.0,-100.0,-100.0,-100.0,-100.0,5.71701,5.979394,5.6212816,0.39510715,6.243514,7.8707914,-100.0,-100.0,-100.0,-100.0,-100.0,-100.0,-100.0,-100.0,-100.0,-100.0,-100.0,-100.0,-100.0,-100.0,-100.0,-100.0,-100.0,-100.0,-100.0,-100.0,-100.0,-100.0,-100.0,-100.0,-100.0,-100.0,-100.0,-100.0,-100.0,-100.0,-100.0,-100.0,-100.0,-100.0,-100.0,-100.0,-100.0,-100.0,-100.0,-100.0,-100.0,-100.0,-100.0,-100.0,-100.0,-100.0,-100.0,-100.0,-100.0,-100.0,-100.0,-100.0,-100.0,-100.0,12.79861,17.340912,14.630455,17.638668,15.352893,15.712445,-200.0,-100.0,-100.0,-100.0,-100.0,-100.0,-100.0,-100.0,-100.0,-100.0,-100.0,-100.0,-100.0,-100.0,-100.0,-100.0,-100.0,-100.0,-100.0,-100.0,-100.0,-100.0,-100.0,-100.0,-100.0,-100.0,-100.0,-100.0,-100.0,-100.0,-100.0,-200.0,-200.0,-200.0,-200.0,-200.0,-200.0,-200.0,-200.0,-200.0,-200.0,-200.0,-200.0,-200.0,-200.0,-200.0,-200.0,-200.0,-100.0,-100.0,-100.0,-100.0,-100.0,-100.0,-100.0,-100.0,-100.0,
-100.0,-100.0,-100.0,1.0580308,3.8091252,-100.0,4.906516,5.249066,4.3933744,6.306117,5.822916,8.29041,3.5576599,8.344028,-100.0,8.123274,-100.0,11.399568,-100.0,-100.0,-100.0,-100.0,-100.0,-100.0,-100.0,-100.0,-100.0,-100.0,-100.0,-100.0,-100.0,-100.0,-100.0,-100.0,-100.0,-100.0,0.12495163,3.6628492,-100.0,-100.0,-100.0,-100.0,-100.0,-100.0,-100.0,-100.0,-100.0,-100.0,-100.0,-100.0,-100.0,-100.0,-100.0,-100.0,-100.0,-100.0,-100.0,-100.0,-100.0,-100.0,-100.0,-100.0,-100.0,-100.0,-100.0,13.943814,10.126461,12.721477,-200.0,15.325235,15.359637,-200.0,-100.0,-100.0,-100.0,-100.0,-100.0,-100.0,-100.0,-100.0,-100.0,-100.0,-100.0,-100.0,-100.0,-100.0,-100.0,-100.0,-100.0,-100.0,-100.0,-100.0,-100.0,-100.0,-100.0,-100.0,-100.0,-100.0,-100.0,-100.0,-100.0,-100.0,-100.0,-200.0,-200.0,-200.0,-200.0,-200.0,-200.0,-200.0,-200.0,-200.0,-200.0,-200.0,-200.0,-200.0,-200.0,-200.0,-200.0,-100.0,-100.0,-100.0,-100.0,-100.0,-100.0,-100.0,-100.0,-100.0,
-100.0,-100.0,-100.0,2.8990653,4.538448,5.7020106,5.524495,5.7476344,4.251507,6.7693563,7.4738207,3.287531,8.87067,8.860965,6.7346754,4.502089,11.917031,8.6333275,7.0869403,-100.0,-100.0,-100.0,-100.0,-100.0,-100.0,-100.0,-100.0,-100.0,-100.0,-100.0,-100.0,-100.0,-100.0,-100.0,10.111175,10.448969,8.963662,11.523954,-0.01625,-100.0,-100.0,-100.0,-100.0,-100.0,-100.0,-100.0,-100.0,-100.0,-100.0,-100.0,-100.0,-100.0,-100.0,-100.0,-100.0,-100.0,-100.0,-100.0,-100.0,-100.0,-100.0,-100.0,-100.0,15.600403,14.702378,10.652296,15.483252,13.130946,17.084038,12.945903,16.639051,15.876115,-100.0,-100.0,-100.0,-100.0,-100.0,-100.0,-100.0,-100.0,-100.0,-100.0,-100.0,-100.0,-100.0,-100.0,-100.0,-100.0,-100.0,-100.0,-100.0,-100.0,-100.0,-100.0,-100.0,-100.0,-100.0,-100.0,-100.0,-100.0,-100.0,-100.0,-100.0,-200.0,-200.0,-200.0,-200.0,-200.0,-200.0,-200.0,-200.0,-100.0,-100.0,-100.0,-100.0,-100.0,-100.0,-100.0,-100.0,-100.0,-100.0,-100.0,-100.0,-100.0,-100.0,-100.0,-100.0,-100.0,
-100.0,-100.0,-100.0,1.527445,5.114993,3.1607769,5.5231233,4.6480374,7.1378717,7.1223397,6.6868315,7.2275305,7.0199966,10.701976,2.482501,12.09914,9.542624,12.658607,10.75759,-100.0,-100.0,-100.0,-100.0,-100.0,-100.0,-100.0,-100.0,-100.0,-100.0,-100.0,-100.0,-100.0,-100.0,-100.0,10.279216,11.5372715,-0.01625,9.393914,4.6899467,-100.0,-100.0,-100.0,-100.0,-100.0,-100.0,-100.0,-100.0,-100.0,-100.0,-100.0,-100.0,-100.0,-100.0,-100.0,-100.0,-100.0,-100.0,-100.0,-100.0,-100.0,-100.0,-100.0,-100.0,14.261423,15.992244,15.90774,12.530507,15.283795,16.014675,14.150394,13.4753,13.501633,-100.0,-100.0,-100.0,-100.0,-100.0,-100.0,-100.0,-100.0,-100.0,-100.0,-100.0,-100.0,-100.0,-100.0,-100.0,-100.0,-100.0,-100.0,-100.0,-100.0,-100.0,-100.0,-100.0,-100.0,-100.0,-100.0,-100.0,-100.0,-100.0,-100.0,-100.0,-200.0,-200.0,-200.0,-200.0,-200.0,-200.0,-200.0,-200.0,-100.0,-100.0,-100.0,-100.0,-100.0,-100.0,-100.0,-100.0,-100.0,-100.0,-100.0,-100.0,-100.0,-100.0,-100.0,-100.0,-100.0,
-100.0,-100.0,5.3404913,4.3767843,6.5220966,3.0928347,4.1233234,4.8331747,1.4932045,5.5739727,7.2149005,6.236299,4.808773,11.330964,3.4267457,10.671783,2.6358948,14.28849,2.0461767,-100.0,-100.0,-100.0,-100.0,-100.0,-100.0,-100.0,-100.0,-100.0,-100.0,-100.0,-100.0,-100.0,-100.0,-100.0,8.793568,10.575573,5.437295,10.570812,7.800926,-100.0,-100.0,-100.0,-100.0,-100.0,-100.0,-100.0,-100.0,-100.0,-100.0,-100.0,-100.0,-100.0,-100.0,-100.0,-100.0,-100.0,-100.0,-100.0,-100.0,-100.0,-100.0,-100.0,2.3719819,13.205026,13.412118,14.503103,13.646092,15.355042,15.243231,15.328517,13.568272,10.100634,-100.0,-100.0,-100.0,-100.0,-100.0,-100.0,-100.0,-100.0,-100.0,-100.0,-100.0,-100.0,-100.0,-100.0,-100.0,-100.0,-100.0,-100.0,-100.0,-100.0,-100.0,-100.0,-100.0,-100.0,-100.0,-100.0,-100.0,-100.0,-100.0,-100.0,-100.0,-200.0,-200.0,-200.0,-200.0,-200.0,-200.0,-100.0,-100.0,-100.0,-100.0,-100.0,-100.0,-100.0,-100.0,-100.0,-100.0,-100.0,-100.0,-100.0,-100.0,-100.0,-100.0,-100.0,-100.0,-100.0,
-100.0,-100.0,3.8603413,4.790429,4.9392705,5.270721,5.0902762,4.835606,4.3067427,6.2708826,10.09656,4.774161,3.4188464,7.382463,10.328785,2.0873132,10.94959,10.642252,2.0311124,-100.0,-100.0,-100.0,-100.0,-100.0,-100.0,-100.0,-100.0,-100.0,-100.0,-100.0,-100.0,-100.0,-100.0,-100.0,1.7710152,7.0686626,9.032085,5.8679953,9.183094,-100.0,-100.0,-100.0,-100.0,-100.0,-100.0,-100.0,-100.0,-100.0,-100.0,-100.0,-100.0,-100.0,-100.0,-100.0,-100.0,-100.0,-100.0,-100.0,-100.0,-100.0,-100.0,-100.0,13.88141,16.054123,14.530259,15.815735,14.079414,16.60162,13.456792,13.604304,12.087742,15.100022,-100.0,-100.0,-100.0,-100.0,-100.0,-100.0,-100.0,-100.0,-100.0,-100.0,-100.0,-100.0,-100.0,-100.0,-100.0,-100.0,-100.0,-100.0,-100.0,-100.0,-100.0,-100.0,-100.0,-100.0,-100.0,-100.0,-100.0,-100.0,-100.0,-100.0,-100.0,-100.0,-100.0,-100.0,-100.0,-100.0,-100.0,-100.0,-100.0,-100.0,-100.0,-100.0,-100.0,-100.0,-100.0,-100.0,-100.0,-100.0,-100.0,-100.0,-100.0,-100.0,-100.0,-100.0,-100.0,-100.0,
-100.0,-100.0,1.3618816,3.358586,5.2656736,5.0184402,5.808432,6.287205,6.709031,8.276934,2.8462129,10.572963,3.263663,2.6015754,12.341669,12.28838,12.685151,10.805968,12.01882,1.5677286,12.225577,3.1053405,-100.0,-100.0,-100.0,-100.0,-100.0,-100.0,-100.0,-100.0,-100.0,-100.0,-100.0,-100.0,10.00001,2.7497172,6.642472,7.4944644,7.1195683,-100.0,-100.0,-100.0,-100.0,-100.0,-100.0,-100.0,-100.0,-100.0,-100.0,-100.0,-100.0,-100.0,-100.0,-100.0,-100.0,-100.0,-100.0,-100.0,-100.0,-100.0,-100.0,-100.0,14.200814,8.754315,15.922325,16.103514,13.739647,13.210985,12.432825,15.3679905,15.494652,10.276669,-100.0,-100.0,-100.0,-100.0,-100.0,-100.0,-100.0,-100.0,-100.0,-100.0,-100.0,-100.0,-100.0,-100.0,-100.0,-100.0,-100.0,-100.0,-100.0,-100.0,-100.0,-100.0,-100.0,-100.0,-100.0,-100.0,-100.0,-100.0,-100.0,-100.0,-100.0,-100.0,-100.0,-100.0,-100.0,-100.0,-100.0,-100.0,-100.0,-100.0,-100.0,-100.0,-100.0,-100.0,-100.0,-100.0,-100.0,-100.0,-100.0,-100.0,-100.0,-100.0,-100.0,-100.0,-100.0,-100.0,
-100.0,-100.0,1.3990444,2.8488111,5.0987606,3.453071,5.9153233,3.2133253,6.996679,6.705272,8.78506,3.9962442,11.148767,9.842611,3.6328962,11.359309,11.797487,12.501638,8.358252,14.6665745,12.770115,12.927108,-200.0,-200.0,-200.0,-200.0,-200.0,-200.0,-200.0,-200.0,-200.0,-200.0,-200.0,-200.0,8.506055,8.863066,8.3863325,10.380344,-0.01625,-100.0,-100.0,-100.0,-100.0,-100.0,-100.0,-100.0,-100.0,-100.0,-100.0,-100.0,-100.0,-100.0,-100.0,-100.0,-100.0,-100.0,-100.0,-100.0,-100.0,-100.0,-100.0,-100.0,4.3663816,16.337214,-200.0,15.536544,13.659919,13.917263,16.883162,11.311205,14.569207,-200.0,-100.0,-100.0,-100.0,-100.0,-100.0,-100.0,-100.0,-100.0,-100.0,-100.0,-100.0,-100.0,-100.0,-100.0,-100.0,-100.0,-100.0,-100.0,-100.0,-100.0,-100.0,-100.0,-100.0,-100.0,-100.0,-100.0,-100.0,-100.0,-100.0,-100.0,-100.0,-100.0,-100.0,-100.0,-100.0,-100.0,-100.0,-100.0,-100.0,-100.0,-100.0,-100.0,-100.0,-100.0,-100.0,-100.0,-100.0,-100.0,-100.0,-100.0,-100.0,-100.0,-100.0,-100.0,-100.0,-100.0,
-100.0,-100.0,4.066807,4.63128,4.307865,3.696747,6.9718103,2.6522017,4.549339,9.427554,8.829753,6.0607104,10.200014,13.156185,8.017815,13.458166,12.281616,14.512313,12.974765,13.579726,11.225272,10.809093,-200.0,-200.0,-200.0,-200.0,-200.0,-200.0,-200.0,-200.0,-200.0,-200.0,-200.0,-200.0,-200.0,7.9897966,5.1111255,9.79439,-200.0,-100.0,-100.0,-100.0,-100.0,-100.0,-100.0,-100.0,-100.0,-100.0,-100.0,-100.0,-100.0,-100.0,-100.0,-100.0,-100.0,-100.0,-100.0,-100.0,-100.0,-100.0,-100.0,10.825909,16.540607,13.266941,16.843603,14.367803,15.176585,16.228464,15.900281,14.283912,16.16747,-200.0,-100.0,-100.0,-100.0,-100.0,-100.0,-100.0,-100.0,-100.0,-100.0,-100.0,-100.0,-100.0,-100.0,-100.0,-100.0,-100.0,-100.0,-100.0,-100.0,-100.0,-100.0,-100.0,-100.0,-100.0,-100.0,-100.0,-200.0,-200.0,-200.0,-200.0,-200.0,-200.0,-200.0,-200.0,-100.0,-100.0,-100.0,-100.0,-100.0,-100.0,-100.0,-100.0,-100.0,-100.0,-100.0,-100.0,-100.0,-100.0,-100.0,-100.0,-100.0,-100.0,-100.0,-100.0,-100.0,-100.0,
-100.0,-100.0,4.1987267,4.959212,2.715256,6.658477,4.549415,4.0727057,3.5783799,8.372636,9.665066,12.395511,11.861238,13.836854,13.329994,12.112897,6.284119,5.7301984,4.4202714,15.227493,8.024649,8.072052,3.4387636,-200.0,-200.0,-200.0,-200.0,-200.0,-200.0,-200.0,-200.0,-200.0,-200.0,-200.0,-200.0,9.15031,9.796863,9.129699,6.615577,-100.0,-100.0,-100.0,-100.0,-100.0,-100.0,-100.0,-100.0,-100.0,-100.0,-100.0,-100.0,-100.0,-100.0,-100.0,-100.0,-100.0,-100.0,-100.0,-100.0,-100.0,-100.0,-0.074546054,15.355734,13.527209,15.271391,12.747076,16.315367,14.751578,15.806473,-200.0,2.7917068,-200.0,-100.0,-100.0,-100.0,-100.0,-100.0,-100.0,-100.0,-100.0,-100.0,-100.0,-100.0,-100.0,-100.0,-100.0,-100.0,-100.0,-100.0,-100.0,-100.0,-100.0,-100.0,-100.0,-100.0,-100.0,-100.0,-100.0,-200.0,-200.0,-200.0,-200.0,-200.0,-200.0,-200.0,-200.0,-100.0,-100.0,-100.0,-100.0,-100.0,-100.0,-100.0,-100.0,-100.0,-100.0,-100.0,-100.0,-100.0,-100.0,-100.0,-100.0,-100.0,-100.0,-100.0,-100.0,-100.0,-100.0,
-100.0,-100.0,4.4506555,4.2053638,2.1511688,2.8772604,4.0459967,1.7220244,4.959335,1.963877,10.784186,11.425235,3.641254,8.3760395,13.3539295,16.077213,4.205696,4.8011947,8.198363,10.979535,11.736667,12.178867,-200.0,-200.0,-200.0,-200.0,-200.0,-200.0,-200.0,-200.0,-200.0,-200.0,-200.0,-200.0,-200.0,-200.0,8.499519,7.941879,9.483974,-100.0,-100.0,-100.0,-100.0,-100.0,-100.0,-100.0,-100.0,-100.0,-100.0,-100.0,-100.0,-100.0,-100.0,-100.0,-100.0,-100.0,-100.0,-100.0,-100.0,-100.0,-100.0,-100.0,15.809463,14.969623,15.835073,5.209617,8.366255,-100.0,-100.0,-100.0,-100.0,-100.0,-100.0,-100.0,-100.0,-100.0,-100.0,-100.0,-100.0,-100.0,-100.0,-100.0,-100.0,-100.0,-100.0,-100.0,-100.0,-100.0,-100.0,-100.0,-100.0,-100.0,-100.0,-100.0,-100.0,-100.0,-100.0,-100.0,-200.0,-200.0,-200.0,-200.0,-200.0,-200.0,-200.0,-200.0,-100.0,-100.0,-100.0,-100.0,-100.0,-100.0,-100.0,-100.0,-100.0,-100.0,-100.0,-100.0,-100.0,-100.0,-100.0,-100.0,-100.0,-100.0,-100.0,-100.0,-100.0,-100.0,
-100.0,-100.0,4.7210684,2.6861901,4.1575475,6.783426,5.151994,9.244733,8.1637335,3.9710724,12.392455,9.582027,15.160809,15.888117,13.689065,18.597942,15.356747,16.530785,12.661121,11.342674,13.353971,13.323148,9.880041,-200.0,-200.0,-200.0,-200.0,-200.0,-200.0,-200.0,-200.0,-200.0,-200.0,-200.0,-200.0,-200.0,9.307099,5.431112,9.717244,-100.0,-100.0,-100.0,-100.0,-100.0,-100.0,-100.0,-100.0,-100.0,-100.0,-100.0,-100.0,-100.0,-100.0,-100.0,-100.0,-100.0,-100.0,-100.0,-100.0,-100.0,-100.0,10.967866,16.29049,15.295942,13.775834,17.722885,16.935873,-100.0,-100.0,-100.0,-100.0,-100.0,-100.0,-100.0,-100.0,-100.0,-100.0,-100.0,-100.0,-100.0,-100.0,-100.0,-100.0,-100.0,-100.0,-100.0,-100.0,-100.0,-100.0,-100.0,-100.0,-100.0,-100.0,-100.0,-100.0,-100.0,-100.0,-100.0,-200.0,-200.0,-200.0,-200.0,-200.0,-200.0,-200.0,-200.0,-200.0,-100.0,-100.0,-100.0,-100.0,-100.0,-100.0,-100.0,-100.0,-100.0,-100.0,-100.0,-100.0,-100.0,-100.0,-100.0,-100.0,-100.0,-100.0,-100.0,-100.0,-100.0,
-100.0,-100.0,-100.0,-200.0,4.8141866,4.7171516,8.417273,5.6817236,13.731656,12.63667,13.007444,7.1986403,4.0680614,2.0484302,15.339327,20.665186,11.24053,17.570946,4.166954,12.691658,4.3252764,12.755316,7.626929,-200.0,-200.0,-200.0,-200.0,-200.0,-200.0,-200.0,-200.0,-200.0,-200.0,-200.0,-200.0,-200.0,7.011543,8.075963,-200.0,-100.0,-100.0,-100.0,-100.0,-100.0,-100.0,-100.0,-100.0,-100.0,-100.0,-100.0,-100.0,-100.0,-100.0,-100.0,-100.0,-100.0,-100.0,-100.0,-100.0,-100.0,-100.0,15.540155,16.429865,16.921818,14.928346,19.616747,-200.0,-100.0,-100.0,-100.0,-100.0,-100.0,-100.0,-100.0,-100.0,-100.0,-100.0,-100.0,-100.0,-100.0,-100.0,-100.0,-100.0,-100.0,-100.0,-100.0,-100.0,-100.0,-100.0,-100.0,-100.0,-100.0,-100.0,-100.0,-100.0,-100.0,-100.0,-100.0,-200.0,-200.0,-200.0,-200.0,-200.0,-200.0,-200.0,-200.0,-200.0,-100.0,6.5678096,15.587797,12.165596,0.43847743,14.777523,17.96209,13.766474,8.373317,-200.0,-200.0,-200.0,-200.0,-200.0,-200.0,-100.0,-100.0,-100.0,-100.0,-100.0,-100.0,
-100.0,-100.0,-100.0,-100.0,3.1504734,5.3152575,7.909449,12.062907,11.602297,13.974059,2.8376129,17.577911,12.802204,17.65598,19.532309,18.76499,11.811768,20.15958,-200.0,-200.0,-100.0,-100.0,-100.0,-100.0,-200.0,-200.0,-200.0,-200.0,-200.0,-200.0,-200.0,-200.0,-200.0,-200.0,-200.0,-200.0,-200.0,0.42088318,9.581938,-100.0,-100.0,-100.0,-100.0,-100.0,-100.0,-100.0,-100.0,-100.0,-100.0,-100.0,-100.0,-100.0,-100.0,-100.0,-100.0,-100.0,-100.0,-100.0,-100.0,-100.0,1.2455143,17.43887,5.1403213,15.508101,17.490671,-200.0,-200.0,-100.0,-100.0,-100.0,-100.0,-100.0,-100.0,-100.0,-100.0,-100.0,-100.0,-100.0,-100.0,-100.0,-100.0,-100.0,-100.0,-100.0,-100.0,-100.0,-100.0,-100.0,-100.0,-100.0,-100.0,-100.0,-100.0,-100.0,-100.0,-100.0,-100.0,-100.0,-200.0,-200.0,-200.0,-200.0,-200.0,-200.0,-200.0,-200.0,0.699364,14.066484,16.162586,19.441065,1.6120675,19.338676,12.950998,19.569641,12.010322,-200.0,-200.0,-200.0,-200.0,-200.0,-200.0,-200.0,-200.0,-200.0,-200.0,-200.0,-100.0,-100.0,
-100.0,-100.0,-100.0,-0.01625,3.8783796,5.0864635,4.2384853,13.886182,8.746706,9.026168,16.733002,13.978596,16.367373,5.643141,8.863986,14.871282,-200.0,2.808315,-100.0,-100.0,-100.0,-100.0,-100.0,-100.0,-200.0,-200.0,-200.0,-200.0,-200.0,-200.0,-200.0,-200.0,-200.0,-200.0,-200.0,-200.0,-200.0,9.673539,-200.0,-100.0,-100.0,-100.0,-100.0,-100.0,-100.0,-100.0,-100.0,-100.0,-100.0,-100.0,-100.0,-100.0,-100.0,-100.0,-100.0,-100.0,-100.0,-100.0,-100.0,-100.0,-0.01625,13.814349,4.2086053,17.947525,2.226797,-100.0,-100.0,-100.0,-100.0,-100.0,-100.0,-100.0,-100.0,-100.0,-100.0,-100.0,-100.0,-100.0,-100.0,-100.0,-100.0,-100.0,-100.0,-100.0,-100.0,-100.0,-100.0,-100.0,-100.0,-100.0,-100.0,-100.0,-100.0,-100.0,-100.0,-100.0,-100.0,-100.0,-200.0,-200.0,-200.0,-200.0,-200.0,-200.0,-200.0,-200.0,4.073969,8.900851,10.404046,19.145008,22.743507,19.169037,22.673592,20.066475,19.129814,0.0042441026,-200.0,-200.0,-200.0,-200.0,-200.0,-200.0,-200.0,-200.0,-200.0,-200.0,-100.0,-100.0,
-100.0,-100.0,-100.0,1.5304133,2.73788,3.5851603,3.9410334,3.7333868,15.51115,-200.0,-200.0,-200.0,-200.0,-200.0,-200.0,-200.0,-200.0,-100.0,-100.0,-100.0,-100.0,-100.0,-100.0,-100.0,-100.0,-200.0,-200.0,-200.0,-200.0,-200.0,-200.0,-200.0,-200.0,-200.0,-200.0,-200.0,-200.0,-200.0,9.876403,-100.0,-100.0,-100.0,-100.0,-100.0,-100.0,-100.0,-100.0,-100.0,-100.0,-100.0,-100.0,-100.0,-100.0,-100.0,-100.0,-100.0,-100.0,-100.0,-100.0,-100.0,0.538999,0.19418138,6.2997293,14.352287,3.143488,-100.0,-100.0,-100.0,-100.0,-100.0,-100.0,-100.0,-100.0,-100.0,-100.0,-100.0,-100.0,-100.0,-100.0,-100.0,-100.0,-100.0,-100.0,-100.0,-100.0,-100.0,-100.0,-100.0,-100.0,-100.0,-100.0,-100.0,-100.0,-100.0,-100.0,-100.0,-100.0,-100.0,-200.0,-200.0,-200.0,-200.0,-200.0,-200.0,-200.0,-200.0,12.937738,10.237644,17.13842,18.014357,7.1618094,8.748033,20.168205,24.761911,25.527493,-200.0,-200.0,-200.0,-200.0,-200.0,-200.0,-200.0,-200.0,-200.0,-200.0,-200.0,-100.0,-100.0,
-100.0,-100.0,-100.0,-200.0,-200.0,-100.0,-100.0,-100.0,-100.0,-100.0,-200.0,-200.0,-200.0,-200.0,-200.0,-200.0,-200.0,-100.0,-100.0,-100.0,-100.0,-100.0,-100.0,-100.0,-100.0,-200.0,-200.0,-200.0,-200.0,-200.0,-200.0,-200.0,-200.0,-200.0,-200.0,-200.0,-200.0,-200.0,10.640537,10.704418,10.087605,-100.0,-100.0,-100.0,-100.0,-100.0,-100.0,-100.0,-100.0,-100.0,-100.0,0.0019565516,-100.0,1.2805276,-0.01625,0.23828067,0.7392227,1.4987612,1.4353179,1.807393,7.4136953,13.085135,13.472648,9.254141,1.285693,1.2601583,0.9580611,0.24985161,1.1408732,1.159632,2.5114481,0.8830094,1.2263334,0.87477976,-0.01625,-0.01625,-0.01625,0.85960674,-0.002102356,0.63541925,0.34150964,0.28083855,0.43141317,0.70546365,0.29560694,-0.022027597,-0.01625,0.51532656,0.048687655,0.24054739,1.5457691,2.0965495,-100.0,-100.0,1.1140137,1.227002,4.7278595,0.543976,4.359645,-200.0,-200.0,-200.0,-200.0,-200.0,-200.0,-200.0,12.462914,15.534723,23.064466,13.3937,29.537569,-200.0,15.205721,-0.01625,-200.0,-100.0,-100.0,-100.0,-100.0,-100.0,-100.0,-100.0,-100.0,-200.0,-200.0,-200.0,-100.0,-100.0,
-100.0,-100.0,-100.0,-100.0,-100.0,-100.0,-100.0,-100.0,-100.0,-100.0,-100.0,-100.0,-200.0,-200.0,-200.0,-200.0,-200.0,-100.0,-100.0,-100.0,-100.0,-100.0,-100.0,-100.0,-100.0,-200.0,-200.0,-200.0,-200.0,-200.0,-200.0,-200.0,-200.0,-200.0,-200.0,-200.0,-200.0,6.608401,9.949966,11.436063,10.291577,11.66005,-100.0,-100.0,-100.0,-100.0,-100.0,-100.0,-100.0,-100.0,-100.0,2.391883,5.073654,2.4894743,0.44663104,-0.01625,2.4840734,4.783414,3.4916954,2.9322832,10.890258,5.2843456,10.516819,4.103662,4.719336,3.246147,3.9956558,0.2927361,2.0214548,2.0963597,0.29675823,0.6195768,1.6002383,1.0383495,0.42666456,0.3847091,0.68730766,0.2793316,0.2773975,0.812491,0.108593404,0.34775624,-0.015756069,0.3801001,1.0932485,0.8321521,1.2981832,0.39814958,1.8275131,1.3255374,0.35555732,2.5314953,-100.0,-100.0,2.7232394,0.21469109,5.309845,6.796323,5.5563126,6.359397,-200.0,-200.0,-200.0,-200.0,-200.0,-200.0,4.479234,15.773613,5.2997355,-200.0,-200.0,-100.0,-100.0,-100.0,-100.0,-100.0,-100.0,-100.0,-100.0,-100.0,-100.0,-100.0,-100.0,-100.0,-100.0,-100.0,-100.0,-100.0,
-100.0,-100.0,-100.0,-100.0,-100.0,-100.0,-100.0,-100.0,-100.0,-100.0,-100.0,-100.0,-200.0,-200.0,-200.0,-200.0,-200.0,-100.0,-100.0,-100.0,-100.0,-100.0,-100.0,-100.0,-100.0,-200.0,-200.0,-200.0,-200.0,-200.0,-200.0,-200.0,-200.0,-200.0,-200.0,-200.0,-200.0,9.870038,0.02437065,7.0381646,12.260114,1.2721887,8.4327135,10.850278,9.318094,5.3735714,10.432925,5.077288,0.25646994,0.08825266,6.928732,1.9345679,5.8211575,3.885816,2.6335454,3.1089158,4.3856926,2.4871662,2.4248857,0.3928071,0.94240874,9.864685,4.473349,8.223917,3.5905435,2.7765732,2.152588,4.8316483,2.0855863,1.9290771,0.9819421,0.9892358,0.25986895,0.69439816,0.65539324,0.68266493,0.7835517,0.79569685,0.6518331,1.0088475,0.85039496,1.0261974,0.43056977,0.47815225,0.09141706,0.50403184,0.8819079,1.9501313,2.0537815,0.6349597,2.7708838,2.8169384,-100.0,-100.0,3.698208,5.7634373,4.346084,6.837857,7.1150646,1.564855,1.4064294,1.4658592,-200.0,-200.0,11.484322,10.419168,-200.0,-100.0,-100.0,-100.0,-100.0,-100.0,-100.0,-100.0,-100.0,-100.0,-100.0,-100.0,-100.0,-100.0,-100.0,-100.0,-100.0,-100.0,-100.0,-100.0,-100.0,-100.0,
-100.0,-100.0,-100.0,-100.0,-100.0,-100.0,-100.0,-100.0,-100.0,-100.0,-100.0,-100.0,-200.0,-200.0,-200.0,-200.0,-200.0,-100.0,-100.0,-100.0,-100.0,-100.0,-100.0,-100.0,-100.0,-100.0,-200.0,-200.0,-200.0,-200.0,-200.0,-200.0,-200.0,-200.0,-200.0,-200.0,10.411188,11.704999,12.037288,8.30073,10.9998255,11.240635,0.19649552,11.22223,0.29681763,0.63261104,9.167301,8.846667,2.994561,7.455783,4.8167934,5.9225764,1.8319535,4.093317,1.6700897,-200.0,4.4854903,4.790236,4.8829803,5.222859,8.265691,7.463666,7.1652484,1.6862868,3.6980062,4.881101,1.600237,4.2880397,2.6653478,4.3738656,2.6353064,2.4159594,0.54490894,0.47716844,0.7867544,0.6855735,0.7544997,0.6261691,1.0680239,0.6599312,1.5301458,0.78784317,0.627719,0.22386383,0.885312,-0.0025402831,1.6134068,0.9539604,2.1288435,0.37105384,0.70994437,0.22264434,-200.0,-200.0,0.96434724,6.0955625,5.4892454,6.534469,2.436383,8.027437,5.2804184,2.559751,3.831536,-200.0,9.698866,12.132563,-200.0,-100.0,-100.0,-100.0,-100.0,-100.0,-100.0,-100.0,-100.0,-100.0,-100.0,-100.0,-100.0,-100.0,-100.0,-100.0,-100.0,-100.0,-100.0,-100.0,-100.0,-100.0,
-100.0,-100.0,-100.0,-100.0,-100.0,-100.0,-100.0,-100.0,-100.0,-100.0,-100.0,-100.0,-200.0,-200.0,-200.0,-200.0,-200.0,-100.0,-100.0,-100.0,-100.0,-100.0,-100.0,-100.0,-100.0,-100.0,-200.0,-200.0,-200.0,-200.0,-200.0,-200.0,-200.0,-200.0,-200.0,-200.0,9.576457,10.224902,10.457218,10.543842,11.781842,3.9661705,9.575159,11.8043585,10.1984215,8.081341,5.6891375,2.436754,5.5014057,6.699368,1.1184053,3.7985249,3.7619941,2.7950487,2.8427536,2.6913915,2.8468692,4.3171296,3.2889457,7.370195,2.9750068,5.975876,2.7545903,4.504831,4.076677,3.8962295,0.06167816,6.3111687,1.1924769,0.88018245,-200.0,1.8560536,1.8652185,1.1713495,0.7359737,0.7541429,0.6854228,1.136238,0.78423744,0.5371783,0.67810726,1.5629138,-0.01625,1.5267128,0.48472995,2.120271,1.5971403,2.2213697,1.2393352,0.15546681,0.29523194,0.27521256,0.24958733,-200.0,2.3919442,6.7061296,7.2621408,4.5495744,7.3677325,6.6217036,2.678551,4.761528,9.709835,-200.0,-200.0,-200.0,-100.0,-100.0,-100.0,-100.0,-100.0,-100.0,-100.0,-100.0,-100.0,-100.0,-100.0,-100.0,-100.0,-100.0,-100.0,-100.0,-100.0,-100.0,-100.0,-100.0,-100.0,-100.0,
-100.0,-100.0,-100.0,-100.0,-100.0,-100.0,-100.0,-100.0,-100.0,-100.0,-100.0,-100.0,-200.0,-200.0,-200.0,-200.0,-200.0,-100.0,-100.0,-100.0,-100.0,-100.0,-100.0,-100.0,-100.0,-200.0,-200.0,-200.0,-200.0,-200.0,-200.0,-200.0,-200.0,-200.0,-200.0,-200.0,8.736125,10.515162,10.468962,9.119387,11.417022,10.754968,12.540507,11.990709,0.9075361,8.555725,7.8412237,9.661872,0.42637044,1.741669,0.58782464,2.8144755,3.887808,0.8802702,3.241822,3.67247,0.31280208,2.6686237,4.5050206,0.63901,1.914029,3.9185963,5.842661,1.524459,2.1594064,3.519659,6.037122,1.0748383,6.6529083,0.5002087,0.48375002,3.580333,0.782273,0.7869697,0.7704733,1.0689108,1.0235857,0.861281,1.1500832,0.5824183,1.1879708,0.9041026,0.3467927,0.47853,0.09443086,1.8785628,1.4085624,1.7097832,2.5858707,2.4035146,2.5468116,-0.01625,-0.015710602,4.2904115,5.5529394,1.8227625,1.4475824,4.717693,1.5384265,2.702686,6.4585676,1.7467358,7.192471,-100.0,-100.0,-100.0,-100.0,-100.0,-100.0,-100.0,-100.0,-100.0,-100.0,-100.0,-100.0,-100.0,-100.0,-100.0,-100.0,-100.0,-100.0,-100.0,-100.0,-100.0,-100.0,-100.0,-100.0,-100.0,
-100.0,-100.0,-100.0,-100.0,-100.0,-100.0,-100.0,-100.0,-100.0,-100.0,-100.0,-100.0,-200.0,-200.0,-200.0,-200.0,-100.0,-100.0,-100.0,-100.0,-100.0,-100.0,-100.0,-100.0,-200.0,-200.0,-200.0,-200.0,-200.0,-200.0,-200.0,-200.0,-200.0,-200.0,-200.0,11.5556345,9.702037,2.238913,10.4944935,6.735156,13.007448,0.55246705,10.408402,11.797827,1.699003,10.611159,7.495954,4.4784365,0.57519025,5.4311132,5.435328,2.1545396,1.9175488,1.5464729,0.11593519,2.9286907,0.121010974,1.4711832,0.16891734,0.556363,4.7529893,4.4533305,5.060901,3.6509461,1.6706923,2.7689881,7.646237,7.4267316,3.1208465,1.0446535,3.4330125,3.8613544,4.003301,0.66766584,1.0484728,0.5224102,0.25269198,0.98574275,1.1858864,-200.0,-0.01625,0.38951153,-0.01624737,0.71316457,1.4601221,-0.01625,0.26872557,2.019447,2.215382,2.2849064,4.739769,2.6103048,2.704096,-0.01625,5.982351,2.054254,0.91555667,6.2302895,6.752508,2.7042158,8.401362,8.2112055,7.8687725,-100.0,-100.0,-100.0,-100.0,-100.0,-100.0,-100.0,-100.0,-100.0,-100.0,-100.0,-100.0,-100.0,-100.0,-100.0,-100.0,-100.0,-100.0,-100.0,-100.0,-100.0,-100.0,-100.0,-100.0,-100.0,
-100.0,-100.0,-100.0,-100.0,-100.0,-100.0,-100.0,-100.0,-100.0,-100.0,-100.0,-100.0,-200.0,-200.0,-200.0,-200.0,-100.0,-100.0,-100.0,-100.0,-100.0,-100.0,-100.0,-100.0,-100.0,-100.0,-200.0,-200.0,-200.0,-200.0,-200.0,-200.0,-200.0,-200.0,1.5531689,-200.0,-100.0,-100.0,-100.0,-100.0,-100.0,-100.0,-100.0,11.457183,8.63237,8.051531,3.9201958,-200.0,2.9769075,-200.0,0.22782925,1.1715797,1.3716635,1.2418927,1.2571788,2.8333514,3.0705483,1.4643565,1.5412465,4.9602556,0.7115245,4.8609486,1.995141,3.326512,1.7070289,0.6722427,2.2946122,8.834232,4.3598175,1.7338582,0.18003444,2.7585914,2.071361,-0.0041591064,0.12157103,0.8431962,0.87656397,0.52758163,0.05437039,0.1329963,0.35101035,0.75043327,0.82867986,0.04143032,1.5375994,2.0112906,-0.016249992,0.7699471,-0.00490471,1.7491122,4.8329153,5.227644,5.419037,6.4074006,1.5465674,5.895752,1.5542963,6.153606,6.2611127,3.371161,-200.0,-200.0,-200.0,-100.0,-100.0,-100.0,-100.0,-100.0,-100.0,-100.0,-100.0,-100.0,-100.0,-100.0,-100.0,-100.0,-100.0,-100.0,-100.0,-100.0,-100.0,-100.0,-100.0,-100.0,-100.0,-100.0,-100.0,-100.0,
-100.0,-100.0,-100.0,-100.0,-100.0,-100.0,-100.0,-100.0,-100.0,-100.0,-100.0,-100.0,-200.0,-200.0,-200.0,-200.0,-100.0,-100.0,-100.0,-100.0,-100.0,-100.0,-100.0,-100.0,-100.0,-100.0,-200.0,-200.0,-200.0,-200.0,-200.0,-200.0,-200.0,-200.0,-200.0,-100.0,-100.0,-100.0,-100.0,-100.0,-100.0,-100.0,-100.0,0.6293938,3.286785,-200.0,-200.0,-0.01625,-200.0,-100.0,-100.0,-100.0,2.596201,0.94051725,0.023103075,2.390778,-200.0,-200.0,-200.0,-200.0,-200.0,-200.0,-200.0,-200.0,-200.0,-200.0,-200.0,-200.0,9.015005,8.416801,1.5764003,4.7344146,0.57090837,-200.0,-200.0,-200.0,-200.0,-200.0,-200.0,-200.0,-0.01625,-0.013722534,0.23606063,-200.0,-200.0,0.40683883,0.49493468,-200.0,0.024830323,-200.0,-200.0,-100.0,-100.0,-100.0,-100.0,3.9631793,2.044332,2.1449661,1.4661975,5.581511,0.8430345,1.7253821,-100.0,-100.0,-100.0,-100.0,-100.0,-100.0,-100.0,-100.0,-100.0,-100.0,-100.0,-100.0,-100.0,-100.0,-100.0,-100.0,-100.0,-100.0,-100.0,-100.0,-100.0,-100.0,-100.0,-100.0,-100.0,-100.0,
-100.0,-100.0,-100.0,-100.0,-100.0,-100.0,-100.0,-100.0,-100.0,-100.0,-100.0,-100.0,-200.0,-200.0,-200.0,-200.0,-200.0,-100.0,-100.0,-100.0,-100.0,-100.0,-100.0,-100.0,-100.0,-100.0,-200.0,-200.0,-200.0,-200.0,-200.0,-200.0,-200.0,-200.0,-200.0,-100.0,-100.0,-100.0,-100.0,-100.0,-100.0,-100.0,-100.0,-100.0,-100.0,-100.0,-100.0,-100.0,-100.0,-100.0,-100.0,-100.0,-100.0,-100.0,-100.0,-100.0,-100.0,-100.0,-100.0,-100.0,-100.0,-100.0,-100.0,-100.0,-100.0,-100.0,-100.0,0.061592188,9.367315,11.270156,5.585413,0.0608907,-200.0,-100.0,-100.0,-100.0,-100.0,-100.0,-100.0,-100.0,-100.0,-100.0,-100.0,-100.0,-100.0,-100.0,-100.0,-100.0,-100.0,-100.0,-100.0,-100.0,-100.0,-100.0,-100.0,1.6396903,3.0381837,5.433793,4.5782504,4.59211,4.086377,0.673291,-100.0,-100.0,-100.0,-100.0,-100.0,-100.0,-100.0,-100.0,-100.0,-100.0,-100.0,-100.0,-100.0,-100.0,-100.0,-100.0,-100.0,-100.0,-100.0,-100.0,-100.0,-100.0,-100.0,-100.0,-100.0,-100.0,
-100.0,-100.0,-100.0,-100.0,-100.0,-100.0,-100.0,-100.0,-100.0,-100.0,-100.0,-100.0,-200.0,-200.0,-200.0,-200.0,-200.0,-100.0,-100.0,-100.0,-100.0,-100.0,-100.0,-100.0,-100.0,-100.0,-200.0,-200.0,-200.0,-200.0,-200.0,-200.0,-200.0,-200.0,-200.0,-100.0,-100.0,-100.0,-100.0,-100.0,-100.0,-100.0,-100.0,-100.0,-100.0,-100.0,-100.0,-100.0,-100.0,-100.0,-100.0,-100.0,-100.0,-100.0,-100.0,-100.0,-100.0,-100.0,-100.0,-100.0,-100.0,-100.0,-100.0,-100.0,-100.0,-100.0,-100.0,-100.0,1.8222133,0.20913105,11.488055,13.057077,2.051419,-100.0,-100.0,-100.0,-100.0,-100.0,-100.0,-100.0,-100.0,-100.0,-100.0,-100.0,-100.0,-100.0,-100.0,-100.0,-100.0,-100.0,-100.0,-100.0,-100.0,-100.0,-100.0,3.1034806,3.0468774,3.937003,4.4073477,5.09976,0.68230665,1.1834458,-100.0,-100.0,-100.0,-100.0,-100.0,-100.0,-100.0,-100.0,-100.0,-100.0,-100.0,-100.0,-100.0,-100.0,-100.0,-100.0,-100.0,-100.0,-100.0,-100.0,-100.0,-100.0,-100.0,-100.0,-100.0,-100.0,
-100.0,-100.0,-100.0,-100.0,-100.0,-100.0,-100.0,-100.0,-100.0,-100.0,-100.0,-100.0,-200.0,-200.0,-200.0,-200.0,-100.0,-100.0,-100.0,-100.0,-100.0,-100.0,-100.0,-100.0,-100.0,-100.0,-200.0,-200.0,-200.0,-200.0,-200.0,-200.0,-200.0,-200.0,-200.0,-100.0,-100.0,-100.0,-100.0,-100.0,-100.0,-100.0,-100.0,-100.0,-100.0,-100.0,-100.0,-100.0,-100.0,-100.0,-100.0,-100.0,-100.0,-100.0,-100.0,-100.0,-100.0,-100.0,-100.0,-100.0,-100.0,-100.0,-100.0,-100.0,-100.0,-100.0,-100.0,-100.0,10.710948,12.163079,12.259808,13.084399,11.134867,13.121573,2.4070735,0.5122305,13.881461,13.955398,7.9092636,15.601051,12.737364,0.75927186,0.30667055,12.183097,12.76304,6.624208,16.67615,17.808632,14.930961,-100.0,-100.0,-100.0,-100.0,-100.0,-100.0,-0.01625,-0.01625,1.8050439,2.8204212,2.786081,0.5532248,1.5909641,-100.0,-100.0,-100.0,-100.0,-100.0,-100.0,-100.0,-100.0,-100.0,-100.0,-100.0,-100.0,-100.0,-100.0,-100.0,-100.0,-100.0,-100.0,-100.0,-100.0,-100.0,-100.0,-100.0,-100.0,-100.0,-100.0,
-100.0,-100.0,-100.0,-100.0,-100.0,-100.0,-100.0,-100.0,-100.0,-100.0,-100.0,-100.0,-200.0,-200.0,-200.0,-100.0,-100.0,-100.0,-100.0,-100.0,-100.0,-100.0,-100.0,-100.0,-200.0,-200.0,-200.0,-200.0,-200.0,-200.0,-200.0,-200.0,-200.0,-200.0,-200.0,-100.0,-100.0,-100.0,-100.0,-100.0,-100.0,-100.0,-100.0,-100.0,-100.0,-100.0,-100.0,-100.0,-100.0,-100.0,-100.0,-100.0,-100.0,-100.0,-100.0,-100.0,-100.0,-100.0,-100.0,-100.0,-100.0,-100.0,-100.0,-100.0,-100.0,-100.0,-100.0,-100.0,9.21741,12.0099325,11.9675865,11.448136,8.5879,13.216393,13.401867,5.798941,15.512577,14.267081,9.406785,14.0981045,16.32499,8.097063,17.604898,9.368174,18.130016,17.474577,16.621004,10.068994,20.370832,-100.0,-100.0,-100.0,-100.0,-100.0,-100.0,-100.0,-200.0,-200.0,-200.0,-200.0,-200.0,-200.0,-100.0,-100.0,-100.0,-100.0,-100.0,-100.0,-100.0,-100.0,-100.0,-100.0,-100.0,-100.0,-100.0,-100.0,-100.0,-100.0,-100.0,-100.0,-100.0,-100.0,-100.0,-100.0,-100.0,-100.0,-100.0,-100.0,
-100.0,-100.0,-100.0,-100.0,-100.0,-100.0,-100.0,-100.0,-100.0,-100.0,-100.0,-100.0,-200.0,-200.0,-200.0,-100.0,-100.0,-100.0,-100.0,-100.0,-100.0,-100.0,-100.0,-100.0,-200.0,-200.0,-200.0,-200.0,-200.0,-200.0,-200.0,-200.0,-200.0,-200.0,-200.0,-100.0,-100.0,-100.0,-100.0,-100.0,-100.0,-100.0,-100.0,-100.0,-100.0,-100.0,-100.0,-100.0,-100.0,-100.0,-100.0,-100.0,-100.0,-100.0,-100.0,-100.0,-100.0,-100.0,-100.0,-100.0,-100.0,-100.0,-100.0,-100.0,-100.0,-100.0,-100.0,-100.0,10.293541,3.6615639,12.641163,13.237613,13.976863,3.125444,14.18168,14.520905,15.030198,12.870894,14.449371,2.6271698,14.820573,16.49518,8.675448,17.230171,9.135455,15.966417,9.100061,17.31503,-0.08160141,-100.0,-100.0,-100.0,-100.0,-100.0,-100.0,-100.0,-200.0,-200.0,-200.0,-200.0,-200.0,-200.0,-200.0,-100.0,-100.0,-100.0,-100.0,-100.0,-100.0,-100.0,-100.0,-100.0,-100.0,-100.0,-100.0,-100.0,-100.0,-100.0,-100.0,-100.0,-100.0,-100.0,-100.0,-100.0,-100.0,-100.0,-100.0,-100.0,
-100.0,-100.0,-100.0,-100.0,-100.0,-100.0,-100.0,-100.0,-100.0,-100.0,-100.0,-100.0,-200.0,-200.0,-200.0,-100.0,-100.0,-100.0,-100.0,-100.0,-100.0,-100.0,-100.0,-100.0,-200.0,-200.0,-200.0,-200.0,-200.0,-200.0,-200.0,-200.0,-200.0,-200.0,-200.0,-100.0,-100.0,-100.0,-100.0,-100.0,-100.0,-100.0,-100.0,-100.0,-100.0,-100.0,-100.0,-100.0,-100.0,-100.0,-100.0,-100.0,-100.0,-100.0,-100.0,-100.0,-100.0,-100.0,-100.0,-100.0,-100.0,-100.0,-100.0,-100.0,-100.0,-100.0,-100.0,-100.0,12.048425,11.460412,12.958143,12.849403,12.086766,13.515606,13.901748,0.61980194,3.8345459,9.757301,10.259047,16.164713,16.796356,13.070717,15.309747,14.060005,13.225239,13.486695,16.958384,12.705938,1.8644246,-100.0,-100.0,-100.0,-100.0,-100.0,-100.0,-100.0,-200.0,-200.0,-200.0,-200.0,-200.0,-200.0,-200.0,-100.0,-100.0,-100.0,-100.0,-100.0,-100.0,-100.0,-100.0,-100.0,-100.0,-100.0,-100.0,-100.0,-100.0,-100.0,-100.0,-100.0,-100.0,-100.0,-100.0,-100.0,-100.0,-100.0,-100.0,-100.0,
-100.0,-100.0,-100.0,-100.0,-100.0,-100.0,-100.0,-100.0,-100.0,-100.0,-100.0,-100.0,-200.0,-200.0,-200.0,-100.0,-100.0,-100.0,-100.0,-100.0,-100.0,-100.0,-100.0,-100.0,-200.0,-200.0,-200.0,-200.0,-200.0,-200.0,-200.0,-200.0,-200.0,-200.0,-200.0,-100.0,-100.0,-100.0,-100.0,-100.0,-100.0,-100.0,-100.0,-100.0,-100.0,-100.0,-100.0,-100.0,-100.0,-100.0,-100.0,-100.0,-100.0,-100.0,-100.0,-100.0,-100.0,-100.0,-100.0,-100.0,-100.0,-100.0,-100.0,-100.0,-100.0,-100.0,-100.0,-100.0,11.185928,12.888111,5.3939095,12.629334,8.3588915,1.23355,8.833843,-0.02904782,7.419254,9.706745,7.055582,13.339939,12.37352,17.132092,15.735495,14.410852,11.48436,18.590076,17.22719,18.14399,-200.0,-100.0,-100.0,-100.0,-100.0,-100.0,-100.0,-100.0,-200.0,-200.0,-200.0,-200.0,-200.0,-200.0,-200.0,-100.0,-100.0,-100.0,-100.0,-100.0,-100.0,-100.0,-100.0,-100.0,-100.0,-100.0,-100.0,-100.0,-100.0,-100.0,-100.0,-100.0,-100.0,-100.0,-100.0,-100.0,-100.0,-100.0,-100.0,-100.0,
-100.0,-100.0,-100.0,-100.0,-100.0,-100.0,-100.0,-100.0,-100.0,-100.0,-100.0,6.9260974,-200.0,-200.0,-200.0,-100.0,-100.0,-100.0,-100.0,-100.0,-100.0,-100.0,-100.0,-200.0,-200.0,-200.0,-200.0,-200.0,-200.0,-200.0,-200.0,-200.0,-200.0,-200.0,-200.0,-100.0,-100.0,-100.0,-100.0,-100.0,-100.0,-100.0,-100.0,-100.0,-100.0,-100.0,-100.0,-100.0,-100.0,-100.0,-100.0,-100.0,-100.0,-100.0,-100.0,-100.0,-100.0,-100.0,-100.0,-100.0,-100.0,-100.0,-100.0,-100.0,-100.0,-100.0,-100.0,-100.0,12.472654,11.98796,9.986213,8.2000265,13.208996,13.75667,8.856049,1.3371279,-100.0,-100.0,-100.0,-100.0,-100.0,-100.0,-100.0,-200.0,-200.0,-200.0,-200.0,18.484358,-200.0,-100.0,-100.0,-100.0,-100.0,-100.0,-100.0,-100.0,-200.0,-200.0,-200.0,-200.0,-200.0,-200.0,-200.0,-100.0,-100.0,-100.0,-100.0,-100.0,-100.0,-100.0,-100.0,-100.0,-100.0,-100.0,-100.0,-100.0,-100.0,-100.0,-100.0,-100.0,-100.0,-100.0,-100.0,-100.0,-100.0,-100.0,-100.0,-100.0,
-100.0,-100.0,-100.0,-100.0,-100.0,-100.0,-200.0,-100.0,9.116474,9.890888,16.579758,10.863648,-200.0,-200.0,-200.0,-200.0,-100.0,-100.0,-100.0,-100.0,-100.0,-100.0,-100.0,-200.0,-200.0,-200.0,-200.0,-200.0,-200.0,-200.0,-200.0,-200.0,-200.0,-200.0,-200.0,-100.0,-100.0,-100.0,-100.0,-100.0,-100.0,-100.0,-100.0,-100.0,6.008642,6.157332,8.188791,7.9495783,6.6926255,-100.0,-100.0,-100.0,-100.0,-100.0,-100.0,-100.0,-100.0,-100.0,-100.0,-100.0,-100.0,-100.0,-100.0,-100.0,-100.0,-100.0,-100.0,-100.0,5.980927,11.722034,0.5024353,11.006061,10.752755,13.766689,3.1955721,-100.0,-100.0,-100.0,-100.0,-100.0,-100.0,-100.0,-100.0,-100.0,-100.0,-100.0,-100.0,-100.0,-100.0,-100.0,-100.0,-100.0,-100.0,-100.0,-100.0,-100.0,-200.0,-200.0,-200.0,-200.0,-200.0,-200.0,-200.0,-200.0,-100.0,-100.0,-100.0,-100.0,-100.0,-100.0,-100.0,-100.0,-100.0,-100.0,-100.0,-100.0,-100.0,-100.0,-100.0,-100.0,-100.0,-100.0,-100.0,-100.0,-100.0,-100.0,-100.0,-100.0,
-100.0,-100.0,-100.0,-100.0,-100.0,-100.0,7.7295485,12.887891,13.200979,12.994542,10.491371,7.386981,-200.0,-200.0,-200.0,-200.0,11.989478,-100.0,-100.0,-100.0,-100.0,-100.0,-200.0,-200.0,-200.0,-200.0,-200.0,-200.0,-200.0,-200.0,-200.0,-200.0,-200.0,-200.0,-200.0,-100.0,-100.0,-100.0,-100.0,-100.0,-100.0,-100.0,-100.0,5.5397887,0.2973126,5.4853787,6.6996107,7.195653,8.06172,-200.0,-100.0,-100.0,-100.0,-100.0,-100.0,-100.0,-100.0,-100.0,-100.0,-100.0,-100.0,-100.0,-100.0,-100.0,-100.0,-100.0,-200.0,-200.0,8.373067,11.17572,13.146044,-200.0,13.386522,13.051764,3.162931,-100.0,-100.0,-100.0,-100.0,-100.0,-100.0,-100.0,-100.0,-100.0,-100.0,-100.0,-100.0,-100.0,-100.0,-100.0,-100.0,-100.0,-100.0,-100.0,-100.0,-100.0,-200.0,-200.0,-200.0,-200.0,-200.0,-200.0,-200.0,-200.0,-200.0,-200.0,-200.0,-200.0,-200.0,-200.0,-200.0,-200.0,-200.0,-200.0,-200.0,-200.0,-200.0,-200.0,-100.0,-100.0,-100.0,-100.0,-100.0,-100.0,-100.0,-100.0,-100.0,-100.0,
-100.0,-100.0,-100.0,-100.0,-100.0,-100.0,6.883597,14.501107,8.983785,7.8089404,12.830302,10.005646,8.6595335,-200.0,-200.0,8.977484,10.01517,8.483602,11.128502,9.39474,7.9675426,-200.0,-200.0,-200.0,-200.0,-200.0,-200.0,-200.0,-200.0,-200.0,-200.0,-200.0,-200.0,-200.0,-200.0,-100.0,-100.0,-100.0,-100.0,-100.0,-100.0,-100.0,-100.0,-100.0,6.4299426,6.738081,8.526419,8.13414,8.401074,8.59912,-100.0,-100.0,-100.0,-100.0,-100.0,-100.0,-100.0,-100.0,-100.0,-100.0,-100.0,-100.0,-100.0,-100.0,-100.0,-100.0,-200.0,-200.0,0.6134897,7.3800945,10.019116,2.8556588,4.362068,13.910248,12.882211,-100.0,-100.0,-100.0,-100.0,-100.0,-100.0,-100.0,-100.0,-100.0,-100.0,-100.0,-100.0,-100.0,-100.0,-100.0,-100.0,-100.0,-100.0,-100.0,-100.0,-100.0,-200.0,-200.0,-200.0,-200.0,-200.0,-200.0,-200.0,-200.0,-200.0,-200.0,-200.0,-200.0,-200.0,-200.0,-200.0,-200.0,-200.0,-200.0,-200.0,-200.0,-200.0,-200.0,-100.0,-100.0,-100.0,-100.0,-100.0,-100.0,-100.0,-100.0,-100.0,-100.0,
-100.0,-100.0,-100.0,-100.0,1.4443632,12.235134,9.696522,13.098935,13.47495,11.63719,9.580355,11.494019,10.913541,-200.0,10.233219,9.978795,10.765236,10.620749,7.186212,9.573421,-200.0,-200.0,-200.0,-200.0,-200.0,-200.0,-200.0,-200.0,-200.0,-200.0,-200.0,-200.0,-200.0,-200.0,-200.0,-100.0,-100.0,-100.0,-100.0,-100.0,-100.0,-100.0,-100.0,-100.0,7.1731253,7.054505,8.059974,8.244637,8.974925,8.4511,-100.0,-100.0,-100.0,-100.0,-100.0,-100.0,-100.0,-100.0,-100.0,-100.0,-100.0,-100.0,-100.0,-100.0,-100.0,-100.0,-200.0,-200.0,-200.0,6.8701477,12.18678,12.668255,12.69511,13.207716,9.167308,-100.0,-100.0,-100.0,-100.0,-100.0,-100.0,-100.0,-100.0,-100.0,-100.0,-100.0,-100.0,-100.0,-100.0,-100.0,-100.0,-100.0,-100.0,-100.0,-100.0,-100.0,-200.0,-200.0,-200.0,-200.0,-200.0,-200.0,-200.0,-200.0,-200.0,-200.0,-200.0,-200.0,-200.0,-200.0,-200.0,-200.0,-200.0,-200.0,-200.0,-200.0,-200.0,-200.0,-100.0,-100.0,-100.0,-100.0,-100.0,-100.0,-100.0,-100.0,-100.0,-100.0,
-100.0,-100.0,-100.0,-100.0,8.612057,1.4759874,-200.0,13.776338,-200.0,6.4790926,12.983071,-200.0,6.88437,11.469375,10.77721,7.4130707,11.16078,10.543819,9.438169,-200.0,-200.0,-200.0,-200.0,-200.0,-200.0,-200.0,-200.0,8.089613,8.817931,-200.0,-200.0,-200.0,-200.0,-200.0,-200.0,-100.0,-100.0,-100.0,-100.0,-100.0,-100.0,-100.0,-100.0,0.35441235,7.677978,7.118717,6.506003,7.7438617,9.067812,9.107944,8.03293,-100.0,-100.0,-100.0,-100.0,-100.0,-100.0,-100.0,-100.0,-100.0,-100.0,-100.0,-100.0,-100.0,-100.0,-100.0,-200.0,-200.0,-200.0,-200.0,12.031655,11.888568,9.765198,12.339306,12.810406,-100.0,-100.0,-100.0,-100.0,-100.0,-100.0,-100.0,-100.0,-100.0,-100.0,-100.0,-100.0,-100.0,-100.0,-100.0,-100.0,-100.0,-100.0,-100.0,-100.0,-100.0,-200.0,-200.0,-200.0,-200.0,-200.0,-200.0,-200.0,-200.0,-200.0,-200.0,-200.0,-200.0,-200.0,-200.0,-200.0,-200.0,-200.0,-200.0,-200.0,-200.0,-200.0,-200.0,-100.0,-100.0,-100.0,-100.0,-100.0,-100.0,-100.0,-100.0,-100.0,-100.0,
-100.0,-100.0,-100.0,18.130617,12.4195595,6.7197785,-200.0,-200.0,-200.0,-200.0,-200.0,-200.0,-200.0,-200.0,-100.0,-100.0,-100.0,-100.0,-100.0,-100.0,-100.0,-100.0,-100.0,-100.0,-100.0,-100.0,-100.0,1.0191776,8.990837,9.692967,-200.0,-200.0,-200.0,-200.0,-200.0,-100.0,-100.0,-100.0,-100.0,-100.0,-100.0,-100.0,4.914847,2.2781184,7.68481,7.144038,7.985196,7.0687532,7.884044,8.609296,7.149824,8.435189,-100.0,-100.0,-100.0,-100.0,-100.0,-100.0,-100.0,-100.0,-100.0,-100.0,-100.0,-100.0,-100.0,-100.0,-200.0,-200.0,-200.0,-200.0,11.954564,9.961753,12.143626,11.236838,10.945277,-100.0,-100.0,-100.0,-100.0,-100.0,-100.0,-100.0,-100.0,-100.0,-100.0,-100.0,-100.0,-100.0,-100.0,-100.0,-100.0,-100.0,-100.0,-100.0,-100.0,-100.0,-200.0,-200.0,-200.0,-200.0,-200.0,-200.0,-200.0,-200.0,-200.0,-200.0,-200.0,-200.0,-200.0,-200.0,-200.0,-200.0,-200.0,-200.0,-200.0,-200.0,-200.0,-200.0,-200.0,-200.0,-100.0,-100.0,-100.0,-100.0,-100.0,-100.0,-100.0,-100.0,
-100.0,-100.0,16.093891,6.6796894,14.488034,7.4327497,-200.0,-200.0,-200.0,-200.0,-200.0,-200.0,-200.0,-200.0,-100.0,-100.0,-100.0,-100.0,-100.0,-100.0,-100.0,-100.0,-100.0,-100.0,-100.0,-100.0,-100.0,-100.0,10.392716,10.653572,11.393286,-200.0,-200.0,-200.0,-200.0,-100.0,-100.0,-100.0,-100.0,1.4191108,2.7284362,7.938994,2.7749734,8.79067,8.421922,7.496235,3.3918302,7.137134,9.083551,9.491809,5.059551,6.991512,0.2791489,-100.0,-100.0,-100.0,-100.0,-100.0,-100.0,-100.0,-100.0,-100.0,-100.0,-100.0,-100.0,-100.0,-200.0,-200.0,-200.0,-200.0,12.462476,14.165091,10.115717,10.554328,3.7055917,-100.0,-100.0,-100.0,-100.0,-100.0,-100.0,-100.0,-100.0,-100.0,-100.0,-100.0,-100.0,-100.0,-100.0,-100.0,-100.0,-100.0,-100.0,-100.0,-100.0,-100.0,-200.0,-200.0,-200.0,-200.0,-200.0,-200.0,-200.0,-200.0,-200.0,-200.0,-200.0,-200.0,-200.0,-200.0,-200.0,-200.0,-200.0,-200.0,-200.0,-200.0,-200.0,-200.0,-200.0,-200.0,-200.0,-100.0,-100.0,-100.0,-100.0,-100.0,-100.0,-100.0,
-100.0,-100.0,-100.0,14.656738,16.02903,13.423718,12.204236,-200.0,-200.0,-200.0,-200.0,-200.0,-200.0,-200.0,-100.0,-100.0,-100.0,-100.0,-100.0,-100.0,-100.0,-100.0,-100.0,-100.0,-100.0,-100.0,-100.0,-100.0,9.235879,10.650792,8.128527,12.3887,6.640778,6.9447722,-200.0,-100.0,-100.0,-100.0,9.620971,7.6659794,6.1564,6.244641,4.955173,9.227298,6.599478,8.179323,7.9808173,8.387217,6.0285034,7.14761,11.356595,10.141271,11.726104,8.363372,0.2793344,-100.0,-100.0,-100.0,-100.0,-100.0,-100.0,-100.0,-100.0,-100.0,-100.0,-100.0,-200.0,-200.0,-200.0,-200.0,11.937561,13.288385,14.584322,11.213043,10.804754,-100.0,-100.0,-100.0,-100.0,-100.0,-100.0,-100.0,-100.0,-100.0,-100.0,-100.0,-100.0,-100.0,-100.0,-100.0,-100.0,-100.0,-100.0,-100.0,-100.0,-100.0,-100.0,-100.0,-100.0,-200.0,9.352355,-100.0,-100.0,-100.0,-100.0,-100.0,-100.0,-100.0,-100.0,-100.0,-100.0,-100.0,-100.0,-100.0,-100.0,-100.0,-100.0,-100.0,-100.0,-100.0,-100.0,-100.0,-100.0,-100.0,-100.0,-100.0,-100.0,-100.0,
-100.0,-100.0,-100.0,21.85167,13.005013,14.455585,14.262346,-200.0,-200.0,-200.0,-200.0,-200.0,-200.0,-100.0,-100.0,-100.0,-100.0,-100.0,-100.0,-100.0,-100.0,-100.0,-100.0,-100.0,-100.0,-100.0,-100.0,-100.0,-100.0,-100.0,13.131664,9.120674,11.229585,9.04411,5.663161,-100.0,-100.0,-100.0,7.120596,9.102869,7.7016683,6.8177404,11.245561,1.6123263,7.83309,8.000061,5.3486376,9.090671,11.31371,11.306246,10.975557,12.388046,9.700496,11.638131,7.7089567,8.723242,0.25739014,-100.0,7.836784,1.7116343,-100.0,-100.0,-100.0,-100.0,-100.0,-100.0,-200.0,-200.0,-200.0,-200.0,-200.0,12.716055,12.106011,10.576483,13.289806,-100.0,-100.0,-100.0,-100.0,-100.0,-100.0,-100.0,-100.0,-100.0,-100.0,-100.0,-100.0,-100.0,-100.0,-100.0,-100.0,-100.0,-100.0,-100.0,-100.0,-100.0,-100.0,-100.0,-100.0,-100.0,12.703608,-100.0,-100.0,-100.0,-100.0,-100.0,-100.0,-100.0,-100.0,-100.0,-100.0,-100.0,-100.0,-100.0,-100.0,-100.0,-100.0,-100.0,-100.0,-100.0,-100.0,-100.0,-100.0,-100.0,-100.0,-100.0,-100.0,-100.0,
-100.0,-100.0,-100.0,14.135472,16.301342,15.00825,13.352559,-200.0,-200.0,-200.0,-200.0,-200.0,-100.0,-100.0,-100.0,-100.0,-100.0,-100.0,-100.0,-100.0,-100.0,-100.0,-100.0,-100.0,-100.0,-100.0,-100.0,-100.0,-100.0,-100.0,10.781809,13.385256,9.495725,9.467504,11.849153,7.3691654,2.0660594,8.471553,11.424164,8.619315,7.1525683,12.420167,12.274438,5.1845455,7.4175916,7.00763,7.818725,10.072653,11.068457,7.1819415,10.579754,12.272864,13.085955,13.129171,12.461227,-200.0,1.0941058,5.95994,14.065489,-200.0,-100.0,-100.0,-100.0,-100.0,-100.0,-100.0,-200.0,-200.0,-200.0,-200.0,-200.0,-200.0,12.483721,14.004719,7.2489276,-100.0,-100.0,-100.0,-100.0,-100.0,-100.0,-100.0,-100.0,-100.0,-100.0,-100.0,-100.0,-100.0,-100.0,-100.0,-100.0,-100.0,-100.0,-100.0,-100.0,-100.0,-100.0,-100.0,-100.0,-100.0,11.591409,-200.0,-100.0,-100.0,-100.0,-100.0,-100.0,-100.0,-100.0,-100.0,-100.0,-100.0,-100.0,-100.0,-100.0,-100.0,-100.0,-100.0,-100.0,-100.0,-100.0,-100.0,-100.0,-100.0,-100.0,-100.0,-100.0,-100.0,
-100.0,-100.0,-100.0,4.804241,16.859081,12.06336,13.943621,14.173936,-200.0,-200.0,-200.0,-200.0,-100.0,-100.0,-100.0,-100.0,-100.0,-100.0,-100.0,-100.0,-100.0,-100.0,-100.0,-100.0,-100.0,-100.0,-100.0,-100.0,-100.0,9.80802,11.320534,10.793342,9.4142885,7.1126876,-200.0,11.112443,9.53162,10.209278,10.25461,5.7484975,14.842267,15.648142,17.788164,15.769941,14.972924,8.596756,8.637694,9.77108,12.730207,7.798571,9.381636,14.675443,12.341318,6.8486633,14.578776,13.14987,-200.0,-200.0,-200.0,-100.0,-100.0,-100.0,-100.0,-100.0,-100.0,-100.0,-200.0,-200.0,-200.0,-200.0,-200.0,-200.0,12.465756,7.8712244,11.960615,-100.0,-100.0,-100.0,-100.0,-100.0,-100.0,-100.0,-100.0,-100.0,-100.0,-100.0,-100.0,-100.0,-100.0,-100.0,-100.0,-100.0,-100.0,-100.0,-100.0,-100.0,-100.0,-200.0,-200.0,-200.0,-200.0,-200.0,-200.0,-100.0,-100.0,-100.0,-200.0,-200.0,-200.0,-200.0,-200.0,-200.0,-200.0,-200.0,-200.0,-200.0,-200.0,-200.0,-200.0,-200.0,-200.0,-100.0,-100.0,-100.0,-100.0,-100.0,-100.0,-100.0,
-100.0,-100.0,-100.0,9.022032,1.5795056,7.6582365,-200.0,6.8674574,-200.0,-200.0,-200.0,-200.0,-100.0,-100.0,-100.0,-100.0,-100.0,-100.0,-100.0,-100.0,-100.0,-100.0,-100.0,-100.0,-100.0,-100.0,-100.0,-100.0,-100.0,10.959642,11.443844,14.370668,13.471189,11.857522,12.543291,9.23569,9.216867,12.411064,8.812524,9.731818,8.274794,14.417928,17.271658,4.0526657,8.736267,18.59378,6.6943226,10.008582,5.0494576,5.681962,11.838335,10.910124,10.739825,14.017208,14.143784,1.4249969,-200.0,-200.0,-200.0,-100.0,-100.0,-100.0,-100.0,-100.0,-100.0,-100.0,-200.0,-200.0,-200.0,-200.0,-200.0,-200.0,9.800731,11.918594,12.021099,-100.0,-100.0,-100.0,-100.0,-100.0,-100.0,-100.0,-100.0,-100.0,-100.0,-100.0,-100.0,-100.0,-100.0,-100.0,-100.0,-100.0,-100.0,-100.0,-100.0,-100.0,-100.0,-200.0,-200.0,-200.0,-200.0,-200.0,-200.0,-200.0,-100.0,-100.0,-100.0,-200.0,-200.0,-200.0,-200.0,-200.0,-200.0,-200.0,-200.0,-200.0,-200.0,-200.0,-200.0,-200.0,-200.0,-100.0,-100.0,-100.0,-100.0,-100.0,-100.0,-100.0,
-100.0,-100.0,-100.0,-100.0,-100.0,-100.0,-100.0,-100.0,-100.0,-200.0,-200.0,-200.0,-100.0,-100.0,-100.0,-100.0,-100.0,-100.0,-100.0,-100.0,-100.0,-100.0,-100.0,-100.0,-100.0,-100.0,-100.0,-100.0,-100.0,12.299756,14.141231,14.9348135,11.620483,12.223729,11.121586,11.114198,9.592816,11.901184,11.662466,11.359886,3.787103,15.270674,15.3355255,7.3651557,25.567234,-200.0,-100.0,-100.0,8.84165,12.568848,3.503825,15.128198,8.429115,14.097062,12.0468855,-200.0,-200.0,-200.0,-200.0,-100.0,-100.0,-100.0,-100.0,-100.0,-100.0,-100.0,-200.0,-200.0,-200.0,-200.0,-200.0,-200.0,-200.0,11.001941,9.128514,-100.0,-100.0,-100.0,-100.0,-100.0,-100.0,-100.0,-100.0,-100.0,-100.0,-100.0,-100.0,-100.0,-100.0,-100.0,-100.0,-100.0,-100.0,-100.0,-100.0,-100.0,-100.0,-200.0,-200.0,-200.0,-200.0,-200.0,-200.0,-200.0,-100.0,-100.0,-100.0,-200.0,-200.0,-200.0,-200.0,-200.0,-200.0,-200.0,-200.0,-200.0,-200.0,-200.0,-200.0,-200.0,-200.0,-100.0,-100.0,-100.0,-100.0,-100.0,-100.0,-100.0,
-100.0,-100.0,-100.0,-100.0,-100.0,-100.0,-100.0,-100.0,-100.0,-200.0,-200.0,-200.0,-100.0,-100.0,-100.0,-100.0,-100.0,-100.0,-100.0,-100.0,-100.0,-100.0,-100.0,-100.0,-100.0,-100.0,-100.0,-100.0,-100.0,-100.0,14.433297,10.825128,5.9796286,6.2442446,10.994347,6.6822357,12.95943,9.936016,12.570493,10.274305,9.399294,10.724706,14.993556,12.949418,15.464422,-200.0,-100.0,-100.0,7.575967,12.252275,16.11147,12.946605,3.6498432,12.695346,11.150201,-200.0,-200.0,-200.0,-200.0,-100.0,-100.0,-100.0,-100.0,-100.0,-100.0,-100.0,-200.0,-200.0,-200.0,-200.0,-200.0,-200.0,-200.0,9.638513,8.859588,-100.0,-100.0,-100.0,-100.0,-100.0,-100.0,-100.0,-100.0,-100.0,-100.0,-100.0,-100.0,-100.0,-100.0,-100.0,-100.0,-100.0,-100.0,-100.0,-100.0,-100.0,-100.0,-200.0,-200.0,-200.0,-200.0,-200.0,-200.0,-200.0,-100.0,-100.0,-100.0,-200.0,-200.0,-200.0,-200.0,-200.0,-200.0,-200.0,-200.0,-200.0,-200.0,-200.0,-200.0,-200.0,-200.0,-100.0,-100.0,-100.0,-100.0,-100.0,-100.0,-100.0,
-100.0,-100.0,-100.0,-100.0,-100.0,-100.0,-100.0,-100.0,-100.0,-200.0,-200.0,-200.0,-100.0,-100.0,-100.0,-100.0,-100.0,-100.0,-100.0,-100.0,-100.0,-100.0,-100.0,-100.0,-100.0,-100.0,-100.0,-100.0,-100.0,11.312261,12.598387,15.171986,14.913863,15.511366,13.644201,8.590791,10.918452,12.566094,13.896812,13.867383,6.051028,10.404241,20.468357,6.767565,7.1246266,6.40997,-100.0,-100.0,10.681396,11.25633,13.524133,9.673954,10.609017,10.791096,10.173357,8.432921,-200.0,-200.0,-200.0,-100.0,-100.0,-100.0,-100.0,-100.0,-100.0,-100.0,-200.0,-200.0,-200.0,-200.0,-200.0,-200.0,-200.0,-200.0,12.594179,-100.0,-100.0,-100.0,-100.0,-100.0,-100.0,-100.0,-100.0,-100.0,-100.0,-100.0,-100.0,-100.0,-100.0,-100.0,-100.0,-100.0,-100.0,-100.0,-100.0,-100.0,-100.0,-200.0,-200.0,-200.0,-200.0,-200.0,-200.0,-200.0,-100.0,-100.0,-100.0,-200.0,-200.0,-200.0,-200.0,-200.0,-200.0,-200.0,-200.0,-200.0,-200.0,-200.0,-200.0,-200.0,-200.0,-100.0,-100.0,-100.0,-100.0,-100.0,-100.0,-100.0,
-100.0,-100.0,-100.0,-100.0,-100.0,-100.0,-100.0,-100.0,-100.0,-200.0,-200.0,-200.0,-100.0,-100.0,-100.0,-100.0,-100.0,-100.0,-100.0,-100.0,-100.0,-100.0,-100.0,-100.0,-100.0,-100.0,-100.0,-100.0,-100.0,13.60601,11.299742,15.230465,14.464386,15.269218,7.157742,-100.0,-100.0,5.781242,14.7611065,15.329877,12.99915,8.056788,12.896547,7.4511304,8.608373,-200.0,-100.0,-100.0,6.6222897,10.81257,8.592423,10.22261,10.880956,9.112091,7.47162,8.772545,-200.0,-200.0,-200.0,-100.0,-100.0,-100.0,-100.0,-100.0,-100.0,-100.0,-200.0,-200.0,-200.0,-200.0,-200.0,-200.0,-200.0,-200.0,-200.0,-100.0,-100.0,-100.0,-100.0,-100.0,-100.0,-100.0,-100.0,-100.0,-100.0,-100.0,-100.0,-100.0,-100.0,-100.0,-100.0,-100.0,-100.0,-100.0,-100.0,-100.0,-100.0,-100.0,-200.0,-100.0,-100.0,-100.0,-100.0,-200.0,-200.0,-100.0,-100.0,-200.0,-200.0,-200.0,-200.0,-200.0,-200.0,-200.0,-200.0,-200.0,-200.0,-200.0,-200.0,-200.0,-200.0,-100.0,-100.0,-100.0,-100.0,-100.0,-100.0,-100.0,
-100.0,-100.0,-100.0,-100.0,-100.0,-100.0,-100.0,-100.0,-200.0,-200.0,-200.0,-200.0,-200.0,-100.0,-100.0,-100.0,-100.0,-100.0,-100.0,-100.0,-100.0,-100.0,-100.0,-100.0,-100.0,-100.0,-100.0,-100.0,-100.0,10.985011,13.130387,9.762848,12.965031,13.120725,2.7806656,-100.0,-100.0,-100.0,5.646234,-200.0,12.741235,7.6635833,13.23389,15.137793,7.1126757,-200.0,-100.0,-100.0,-100.0,-100.0,1.9707543,9.516795,7.425906,10.124046,8.504638,-200.0,-200.0,-200.0,-200.0,-200.0,-100.0,-100.0,-100.0,-100.0,-100.0,-100.0,-200.0,-200.0,-200.0,-200.0,-200.0,-200.0,-200.0,-200.0,-200.0,-100.0,-100.0,-100.0,-100.0,-100.0,-100.0,-100.0,-100.0,-100.0,-100.0,-100.0,-100.0,-100.0,-100.0,-100.0,-100.0,-100.0,-100.0,-100.0,-100.0,-100.0,-100.0,-100.0,-100.0,-100.0,-100.0,-100.0,-100.0,-100.0,-100.0,-100.0,-100.0,-100.0,-100.0,-100.0,-200.0,-200.0,-200.0,-200.0,-200.0,-200.0,-200.0,-200.0,-200.0,-200.0,-200.0,-100.0,-100.0,-100.0,-100.0,-100.0,-100.0,-100.0,
-100.0,-100.0,-100.0,-100.0,-100.0,-100.0,-100.0,-100.0,-200.0,-200.0,-200.0,-200.0,-200.0,-100.0,-100.0,-100.0,-100.0,-100.0,-100.0,-100.0,-100.0,-100.0,-100.0,-100.0,-100.0,-100.0,-100.0,-100.0,-100.0,-100.0,13.3260565,1.9475704,14.1203785,12.155498,9.185007,-100.0,-100.0,-100.0,-100.0,-100.0,-100.0,-100.0,-100.0,-100.0,-100.0,-100.0,-100.0,-100.0,-100.0,-100.0,9.213037,8.833638,8.648119,11.444633,12.464342,6.7328186,-200.0,-200.0,-200.0,-200.0,-200.0,-200.0,-100.0,-100.0,-100.0,-100.0,-200.0,-200.0,-200.0,-200.0,-200.0,-200.0,-200.0,-200.0,-200.0,-200.0,-100.0,-100.0,-100.0,-100.0,-100.0,-100.0,-100.0,-100.0,-100.0,-100.0,-100.0,-100.0,-100.0,-100.0,-100.0,-100.0,-100.0,-100.0,-100.0,-100.0,-100.0,-100.0,-100.0,-100.0,-100.0,-100.0,-100.0,-100.0,-100.0,-100.0,-100.0,-100.0,-100.0,-100.0,-100.0,-100.0,-200.0,-200.0,-200.0,-200.0,-200.0,-200.0,-200.0,-200.0,-200.0,-100.0,-100.0,-100.0,-100.0,-100.0,-100.0,-100.0,
-100.0,-100.0,-100.0,-100.0,-100.0,-100.0,-100.0,-100.0,-200.0,-200.0,-200.0,-200.0,-200.0,-100.0,-100.0,-100.0,-100.0,-100.0,-100.0,-100.0,-100.0,-100.0,-100.0,-100.0,-100.0,-100.0,-100.0,-100.0,-100.0,10.986274,9.581881,2.007876,7.2101955,-200.0,-100.0,-100.0,-100.0,-100.0,-100.0,-100.0,-100.0,-100.0,-100.0,-100.0,-100.0,-100.0,-100.0,-100.0,-100.0,-100.0,6.894263,11.9696865,9.525209,14.348521,16.245846,6.227204,-200.0,-200.0,-200.0,-200.0,-200.0,-200.0,-100.0,-100.0,-100.0,-100.0,-200.0,-200.0,-200.0,-200.0,-200.0,-200.0,-200.0,-200.0,-200.0,-200.0,-100.0,-100.0,-100.0,-100.0,-100.0,-100.0,-100.0,-100.0,-100.0,-100.0,-100.0,-100.0,-100.0,-100.0,-100.0,-100.0,-100.0,-100.0,-100.0,-100.0,-100.0,-100.0,-100.0,-100.0,-100.0,-100.0,-100.0,-100.0,-100.0,-100.0,-100.0,-100.0,-100.0,-100.0,-100.0,-100.0,-100.0,-100.0,-100.0,-200.0,-200.0,-200.0,-200.0,-200.0,-200.0,-100.0,-100.0,-100.0,-100.0,-100.0,-100.0,-100.0,
-100.0,-100.0,-100.0,-100.0,-100.0,-100.0,-100.0,-100.0,-200.0,-200.0,-200.0,-200.0,-200.0,-100.0,-100.0,-100.0,-100.0,-100.0,-100.0,-100.0,-100.0,-100.0,-100.0,-100.0,-100.0,-100.0,-100.0,-100.0,-100.0,-100.0,7.8897905,-100.0,-100.0,-100.0,-100.0,-100.0,-100.0,-100.0,-100.0,-100.0,-100.0,-100.0,-100.0,-100.0,-100.0,-100.0,-100.0,-100.0,-100.0,-100.0,11.025748,9.026136,11.920465,12.108225,14.076198,6.556196,-200.0,-200.0,-200.0,-100.0,-100.0,-100.0,-100.0,-100.0,-100.0,-100.0,-100.0,-100.0,-100.0,-200.0,-200.0,-200.0,-200.0,-200.0,-200.0,-200.0,-100.0,-100.0,-100.0,-100.0,-100.0,-100.0,-100.0,-100.0,-100.0,-100.0,-100.0,-100.0,-100.0,-100.0,-100.0,-100.0,-100.0,-100.0,-100.0,-100.0,-100.0,-100.0,-100.0,-100.0,-100.0,-100.0,-100.0,-100.0,-100.0,-100.0,-100.0,-100.0,-100.0,-100.0,-100.0,-100.0,-100.0,-100.0,-100.0,-100.0,-100.0,-100.0,-200.0,-200.0,-200.0,-100.0,-100.0,-100.0,-100.0,-100.0,-100.0,-100.0,
-100.0,-100.0,-100.0,-100.0,-100.0,-100.0,-100.0,-100.0,-200.0,-200.0,-200.0,-200.0,-200.0,-100.0,-100.0,-100.0,-100.0,-100.0,-100.0,-100.0,-100.0,-100.0,-100.0,-100.0,-100.0,-100.0,-100.0,-100.0,-100.0,-100.0,8.252292,11.157594,-100.0,-100.0,-100.0,-100.0,-100.0,-100.0,-100.0,-100.0,-100.0,-100.0,-100.0,-100.0,-100.0,-100.0,-100.0,-100.0,-100.0,-100.0,-100.0,9.720688,3.4229033,12.767321,14.165678,-200.0,-200.0,-200.0,-200.0,-100.0,-100.0,-100.0,-100.0,-100.0,-100.0,-100.0,-100.0,-100.0,-100.0,-200.0,-200.0,-200.0,-100.0,-100.0,-100.0,-100.0,-100.0,-100.0,-100.0,-100.0,-100.0,-100.0,-100.0,-100.0,-100.0,-100.0,-100.0,-100.0,-100.0,-100.0,-100.0,-100.0,-100.0,-100.0,-100.0,-100.0,-100.0,-100.0,-100.0,-100.0,-100.0,-100.0,-100.0,-100.0,-100.0,-100.0,-100.0,-100.0,-100.0,-100.0,-100.0,-100.0,-100.0,-100.0,-100.0,-100.0,-100.0,-100.0,-100.0,-100.0,-100.0,-100.0,-100.0,-100.0,-100.0,-100.0,-100.0,-100.0,
-100.0,-100.0,-100.0,-100.0,-100.0,-100.0,-100.0,-100.0,-200.0,-200.0,-200.0,-200.0,-200.0,-100.0,-100.0,-100.0,-100.0,-100.0,-100.0,-100.0,-100.0,-100.0,-100.0,-100.0,-100.0,-100.0,-100.0,-100.0,-100.0,-100.0,8.3119335,10.220982,-200.0,-100.0,-100.0,-100.0,-100.0,-100.0,-100.0,-100.0,-100.0,-100.0,-100.0,-100.0,-100.0,-100.0,-100.0,-100.0,-100.0,-100.0,-100.0,-100.0,-100.0,-100.0,-100.0,-100.0,-200.0,-200.0,-200.0,-100.0,-100.0,-100.0,-100.0,-100.0,-100.0,-100.0,-100.0,-100.0,-100.0,-200.0,-200.0,-100.0,-100.0,-100.0,-100.0,-100.0,-100.0,-100.0,-100.0,-100.0,-100.0,-100.0,-100.0,-100.0,-100.0,-100.0,-100.0,-100.0,-100.0,-100.0,-100.0,-100.0,-100.0,-100.0,-100.0,-100.0,-100.0,-100.0,-100.0,-100.0,-100.0,-100.0,-100.0,-100.0,-100.0,-100.0,-100.0,-100.0,-100.0,-100.0,-100.0,-100.0,-100.0,-100.0,-100.0,-100.0,-100.0,-100.0,-100.0,-100.0,-100.0,-100.0,-100.0,-100.0,-100.0,-100.0,-100.0,-100.0,
-100.0,-100.0,-100.0,-100.0,-100.0,-100.0,-100.0,-100.0,-100.0,-100.0,-100.0,-100.0,-100.0,-100.0,-100.0,-100.0,-100.0,-100.0,-100.0,-100.0,-100.0,-100.0,-100.0,-100.0,-100.0,-100.0,-100.0,-100.0,-100.0,-100.0,-100.0,-100.0,-100.0,-100.0,-100.0,-100.0,-100.0,-100.0,-100.0,-100.0,-100.0,-100.0,-100.0,-100.0,-100.0,-100.0,-100.0,-100.0,-100.0,-100.0,-100.0,-100.0,-100.0,-100.0,-100.0,-100.0,-200.0,-200.0,-200.0,-100.0,-100.0,-100.0,-100.0,-100.0,-100.0,-100.0,-100.0,-100.0,-100.0,-100.0,-100.0,-100.0,-100.0,-100.0,-100.0,-100.0,-100.0,-100.0,-100.0,-100.0,-100.0,-100.0,-100.0,-100.0,-100.0,-100.0,-100.0,-100.0,-100.0,-100.0,-100.0,-100.0,-100.0,-100.0,-100.0,-100.0,-100.0,-100.0,-100.0,-100.0,-100.0,-100.0,-100.0,-100.0,-100.0,-100.0,-100.0,-100.0,-100.0,-100.0,-100.0,-100.0,-100.0,-100.0,-100.0,-100.0,-100.0,-100.0,-100.0,-100.0,-100.0,-100.0,-100.0,-100.0,-100.0,-100.0,-100.0,-100.0,
-100.0,-100.0,-100.0,-100.0,-100.0,-100.0,-100.0,-100.0,-100.0,-100.0,-100.0,-100.0,-100.0,-100.0,-100.0,-100.0,-100.0,-100.0,-100.0,-100.0,-100.0,-100.0,-100.0,-100.0,-100.0,-100.0,-100.0,-100.0,-100.0,-100.0,-100.0,-100.0,-100.0,-100.0,-100.0,-100.0,-100.0,-100.0,-100.0,-100.0,-100.0,-100.0,-100.0,-100.0,-100.0,-100.0,-100.0,-100.0,-100.0,-100.0,-100.0,-100.0,-100.0,-100.0,-100.0,-100.0,-200.0,-200.0,-200.0,-100.0,-100.0,-100.0,-100.0,-100.0,-100.0,-100.0,-100.0,-100.0,-100.0,-100.0,-100.0,-100.0,-100.0,-100.0,-100.0,-100.0,-100.0,-100.0,-100.0,-100.0,-100.0,-100.0,-100.0,-100.0,-100.0,-100.0,-100.0,-100.0,-100.0,-100.0,-100.0,-100.0,-100.0,-100.0,-100.0,-100.0,-100.0,-100.0,-100.0,-100.0,-100.0,-100.0,-100.0,-100.0,-100.0,-100.0,-100.0,-100.0,-100.0,-100.0,-100.0,-100.0,-100.0,-100.0,-100.0,-100.0,-100.0,-100.0,-100.0,-100.0,-100.0,-100.0,-100.0,-100.0,-100.0,-100.0,-100.0,-100.0,
-100.0,-100.0,-100.0,-100.0,-100.0,-100.0,-100.0,-100.0,-100.0,-100.0,-100.0,-100.0,-100.0,-100.0,-100.0,-100.0,-100.0,-100.0,-100.0,-100.0,-100.0,-100.0,-100.0,-100.0,-100.0,-100.0,-100.0,-100.0,-100.0,-100.0,-100.0,-100.0,-100.0,-100.0,-100.0,-100.0,-100.0,-100.0,-100.0,-100.0,-100.0,-100.0,-100.0,-100.0,-100.0,-100.0,-100.0,-100.0,-100.0,-100.0,-100.0,-100.0,-100.0,-100.0,-100.0,-100.0,-100.0,-200.0,-200.0,-100.0,-100.0,-100.0,-100.0,-100.0,-100.0,-100.0,-100.0,-100.0,-100.0,-100.0,-100.0,-100.0,-100.0,-100.0,-100.0,-100.0,-100.0,-100.0,-100.0,-100.0,-100.0,-100.0,-100.0,-100.0,-100.0,-100.0,-100.0,-100.0,-100.0,-100.0,-100.0,-100.0,-100.0,-100.0,-100.0,-100.0,-100.0,-100.0,-100.0,-100.0,-100.0,-100.0,-100.0,-100.0,-100.0,-100.0,-100.0,-100.0,-100.0,-100.0,-100.0,-100.0,-100.0,-100.0,-100.0,-100.0,-100.0,-100.0,-100.0,-100.0,-100.0,-100.0,-100.0,-100.0,-100.0,-100.0,-100.0,-100.0,
-100.0,-100.0,-100.0,-100.0,-100.0,-100.0,-100.0,-100.0,-100.0,-100.0,-100.0,-100.0,-100.0,-100.0,-100.0,-100.0,-100.0,-100.0,-100.0,-100.0,-100.0,-100.0,-100.0,-100.0,-100.0,-100.0,-100.0,-100.0,-100.0,-100.0,-100.0,-100.0,-100.0,-100.0,-100.0,-100.0,-100.0,-100.0,-100.0,-100.0,-100.0,-100.0,-100.0,-100.0,-100.0,-100.0,-100.0,-100.0,-100.0,-100.0,-100.0,-100.0,-100.0,-100.0,-100.0,-100.0,-100.0,-100.0,-100.0,-100.0,-100.0,-100.0,-100.0,-100.0,-100.0,-100.0,-100.0,-100.0,-100.0,-100.0,-100.0,-100.0,-100.0,-100.0,-100.0,-100.0,-100.0,-100.0,-100.0,-100.0,-100.0,-100.0,-100.0,-100.0,-100.0,-100.0,-100.0,-100.0,-100.0,-100.0,-100.0,-100.0,-100.0,-100.0,-100.0,-100.0,-100.0,-100.0,-100.0,-100.0,-100.0,-100.0,-100.0,-100.0,-100.0,-100.0,-100.0,-100.0,-100.0,-100.0,-100.0,-100.0,-100.0,-100.0,-100.0,-100.0,-100.0,-100.0,-100.0,-100.0,-100.0,-100.0,-100.0,-100.0,-100.0,-100.0,-100.0,-100.0,
-100.0,-100.0,-100.0,-100.0,-100.0,-100.0,-100.0,-100.0,-100.0,-100.0,-100.0,-100.0,-100.0,-100.0,-100.0,-100.0,-100.0,-100.0,-100.0,-100.0,-100.0,-100.0,-100.0,-100.0,-100.0,-100.0,-100.0,-100.0,-100.0,-100.0,-100.0,-100.0,-100.0,-100.0,-100.0,-100.0,-100.0,-100.0,-100.0,-100.0,-100.0,-100.0,-100.0,-100.0,-100.0,-100.0,-100.0,-100.0,-100.0,-100.0,-100.0,-100.0,-100.0,-100.0,-100.0,-100.0,-100.0,-100.0,-100.0,-100.0,-100.0,-100.0,-100.0,-100.0,-100.0,-100.0,-100.0,-100.0,-100.0,-100.0,-100.0,-100.0,-100.0,-100.0,-100.0,-100.0,-100.0,-100.0,-100.0,-100.0,-100.0,-100.0,-100.0,-100.0,-100.0,-100.0,-100.0,-100.0,-100.0,-100.0,-100.0,-100.0,-100.0,-100.0,-100.0,-100.0,-100.0,-100.0,-100.0,-100.0,-100.0,-100.0,-100.0,-100.0,-100.0,-100.0,-100.0,-100.0,-100.0,-100.0,-100.0,-100.0,-100.0,-100.0,-100.0,-100.0,-100.0,-100.0,-100.0,-100.0,-100.0,-100.0,-100.0,-100.0,-100.0,-100.0,-100.0,-100.0,
